{
"type": "FeatureCollection",
"crs": { "type": "name", "properties": { "name": "urn:ogc:def:crs:OGC:1.3:CRS84" } },
"features": [
{ "type": "Feature", "properties": { "shapeName": "American Samoa", "shapeISO": "ASM", "shapeID": "72969383B88065320147610", "shapeGroup": "ASM", "shapeType": "ADM0" }, "geometry": { "type": "MultiPolygon", "coordinates": [ [ [ [ -170.829147465782881, -14.329997778174857 ], [ -170.828982302591157, -14.329850201225781 ], [ -170.82910144567515, -14.329643496550091 ], [ -170.829322073654737, -14.329927070777671 ], [ -170.829189854428222, -14.330045215614177 ], [ -170.829147465782881, -14.329997778174857 ] ] ], [ [ [ -170.844371380934462, -14.32357734631745 ], [ -170.844078863848466, -14.323498042300741 ], [ -170.843973734899919, -14.32298633525113 ], [ -170.844335572628552, -14.322401685089631 ], [ -170.844811332876674, -14.322121510299439 ], [ -170.84521868889135, -14.322191646627118 ], [ -170.84526969663915, -14.32249936855095 ], [ -170.845410225601398, -14.322538493556578 ], [ -170.845488493599078, -14.32276607779221 ], [ -170.844769840855434, -14.323257146300193 ], [ -170.844461212414984, -14.32348751483687 ], [ -170.844461212414984, -14.32357734631745 ], [ -170.844371380934462, -14.32357734631745 ] ] ], [ [ [ -170.702589837550931, -14.321625440661535 ], [ -170.702531773722342, -14.320651110660208 ], [ -170.704717250400762, -14.320809083772133 ], [ -170.704916586031601, -14.321032171397519 ], [ -170.705437996766108, -14.321271488188586 ], [ -170.705453623385978, -14.321533547934848 ], [ -170.705238255541019, -14.322002772809697 ], [ -170.704725759785958, -14.321917985626499 ], [ -170.70417889733821, -14.321801156498111 ], [ -170.703742656898072, -14.321917985626499 ], [ -170.702796903754091, -14.321960378768438 ], [ -170.702589837550931, -14.321625440661535 ] ] ], [ [ [ -170.712985116369993, -14.316936283782411 ], [ -170.713348017996594, -14.316806558375902 ], [ -170.713430457949244, -14.31716048926512 ], [ -170.712947865551513, -14.317199308501245 ], [ -170.712985116369993, -14.316936283782411 ] ] ], [ [ [ -170.553401404051527, -14.278448027854154 ], [ -170.55349691654942, -14.278571754782604 ], [ -170.553676579510523, -14.278571754782604 ], [ -170.553766410991045, -14.278571754782604 ], [ -170.553946073952119, -14.278571754782604 ], [ -170.554650492226415, -14.278630629799693 ], [ -170.554754557276965, -14.278751417743706 ], [ -170.555446365257524, -14.278837947812974 ], [ -170.555922367423278, -14.279020912185331 ], [ -170.55610203038438, -14.279020912185331 ], [ -170.556228553305061, -14.279074052225667 ], [ -170.556873822269068, -14.279147435105983 ], [ -170.557373510778859, -14.279270163786975 ], [ -170.557449503491767, -14.279380238107478 ], [ -170.557629166452841, -14.279380238107478 ], [ -170.557629166452841, -14.279470069588001 ], [ -170.558143548086235, -14.279854002759976 ], [ -170.558458441204067, -14.279982883703099 ], [ -170.558617312738761, -14.280188721432296 ], [ -170.558796975699835, -14.280188721432296 ], [ -170.558796975699835, -14.280278552912819 ], [ -170.558976638660909, -14.280278552912819 ], [ -170.558976638660909, -14.280368384393398 ], [ -170.55906647014146, -14.280368384393398 ], [ -170.559156301621982, -14.280368384393398 ], [ -170.559156301621982, -14.280458215873921 ], [ -170.559386451623425, -14.28052750863759 ], [ -170.559864711986847, -14.280866614202864 ], [ -170.56017635945139, -14.281228353006043 ], [ -170.560580250378223, -14.282133466686105 ], [ -170.560822747172011, -14.282568116225548 ], [ -170.560719011273335, -14.282947148092376 ], [ -170.560737959988842, -14.28318280194469 ], [ -170.561001181659179, -14.283554059172445 ], [ -170.561084346465378, -14.283920074251967 ], [ -170.561317126983795, -14.284553982979901 ], [ -170.561443672387554, -14.285567669112595 ], [ -170.561172795687952, -14.286053167219848 ], [ -170.560365693721764, -14.286518499828844 ], [ -170.56001303537326, -14.286794683427843 ], [ -170.55964704187744, -14.287057488712094 ], [ -170.559031423561322, -14.287566716330844 ], [ -170.558845225226946, -14.287782829713763 ], [ -170.558658894692201, -14.287865972036911 ], [ -170.558329066533162, -14.288049988616024 ], [ -170.557898660894466, -14.28809389531699 ], [ -170.557898660894466, -14.288183726797513 ], [ -170.557718997933392, -14.288183726797513 ], [ -170.557718997933392, -14.288273558278036 ], [ -170.55753933497229, -14.288273558278036 ], [ -170.557449503491767, -14.288273558278036 ], [ -170.557449503491767, -14.288363389758558 ], [ -170.557359672011216, -14.288363389758558 ], [ -170.557269840530694, -14.288363389758558 ], [ -170.557158472085803, -14.288492654712172 ], [ -170.556896609291073, -14.288513687156865 ], [ -170.556281693345454, -14.288453221239138 ], [ -170.555820977855802, -14.288374958637405 ], [ -170.555742704462205, -14.288273558278036 ], [ -170.555563041501131, -14.288273558278036 ], [ -170.555563041501131, -14.288183726797513 ], [ -170.555420069980215, -14.288147035357326 ], [ -170.555155816787476, -14.287974950083822 ], [ -170.555113883199112, -14.287914232355888 ], [ -170.55502405171859, -14.287914232355888 ], [ -170.55502405171859, -14.287824400875365 ], [ -170.554934220238039, -14.287824400875365 ], [ -170.554844388757516, -14.287824400875365 ], [ -170.554844388757516, -14.287734569394843 ], [ -170.554725081097587, -14.28767421409367 ], [ -170.554664725796442, -14.287554906433741 ], [ -170.554574894315891, -14.287554906433741 ], [ -170.554574894315891, -14.287375243472638 ], [ -170.554395231354817, -14.287375243472638 ], [ -170.554357530875336, -14.287581783572421 ], [ -170.554305399874266, -14.287465074953218 ], [ -170.554125736913193, -14.287465074953218 ], [ -170.554125736913193, -14.287644737914263 ], [ -170.55403590543267, -14.287644737914263 ], [ -170.553946073952119, -14.287824400875365 ], [ -170.554162428353351, -14.287879920521846 ], [ -170.554008381681456, -14.288063498231793 ], [ -170.553766410991045, -14.288004063836411 ], [ -170.553676579510523, -14.288004063836411 ], [ -170.553676579510523, -14.28809389531699 ], [ -170.553586748029971, -14.28809389531699 ], [ -170.553187484115085, -14.288413273353854 ], [ -170.552809209477402, -14.288572671891245 ], [ -170.551866636336172, -14.28884216633287 ], [ -170.551126403460728, -14.288970980726106 ], [ -170.551071464776243, -14.288902379541128 ], [ -170.55098163329572, -14.288902379541128 ], [ -170.550861032410694, -14.289032542917482 ], [ -170.549790072054151, -14.288719020366443 ], [ -170.548998650667158, -14.288441630776617 ], [ -170.547980063229318, -14.287902641893368 ], [ -170.547441841467787, -14.287321763488535 ], [ -170.546932833283591, -14.286850125732656 ], [ -170.546378864393063, -14.286064363779303 ], [ -170.546310394509078, -14.285848107404206 ], [ -170.546340572159636, -14.285339296171514 ], [ -170.546490057470152, -14.285039624079332 ], [ -170.546332435993094, -14.284099354101841 ], [ -170.545813009163027, -14.283886749873545 ], [ -170.545771405625828, -14.28297349912765 ], [ -170.545771405625828, -14.282614173205502 ], [ -170.545861237106379, -14.282614173205502 ], [ -170.546130731548004, -14.28243450934508 ], [ -170.546130731548004, -14.282344677864558 ], [ -170.546220563028527, -14.282344677864558 ], [ -170.5462809183297, -14.282225371103948 ], [ -170.546400225989601, -14.282165014903455 ], [ -170.546430403640187, -14.282015529592968 ], [ -170.546579888950674, -14.281715857500785 ], [ -170.546579888950674, -14.281626026020263 ], [ -170.546669720431225, -14.281626026020263 ], [ -170.546796243351935, -14.281393223018767 ], [ -170.547118877833924, -14.281176868617536 ], [ -170.547412913874837, -14.280795917597459 ], [ -170.547657867616465, -14.280727711214865 ], [ -170.547951903657406, -14.280346760194789 ], [ -170.548196856499686, -14.280278552912819 ], [ -170.548326274338052, -14.2800911153127 ], [ -170.548646013902385, -14.280009058471251 ], [ -170.548646013902385, -14.279919226990671 ], [ -170.548735845382936, -14.279919226990671 ], [ -170.548825676863459, -14.279919226990671 ], [ -170.548825676863459, -14.279829395510149 ], [ -170.54891550834401, -14.279829395510149 ], [ -170.549304552363168, -14.27969623829074 ], [ -170.550262981451397, -14.279919226990671 ], [ -170.550712138854095, -14.279919226990671 ], [ -170.550888906897512, -14.279873861589408 ], [ -170.551056178999431, -14.279631584230174 ], [ -170.551483931638103, -14.279343546667292 ], [ -170.551520623078261, -14.279290406626899 ], [ -170.551520623078261, -14.279200575146376 ], [ -170.551610454558812, -14.279200575146376 ], [ -170.551700286039335, -14.279200575146376 ], [ -170.551700286039335, -14.279110743665854 ], [ -170.551790117519886, -14.279110743665854 ], [ -170.55185047282103, -14.278991436005924 ], [ -170.55196978048096, -14.278931080704751 ], [ -170.552030135782104, -14.278811773044822 ], [ -170.552149443442033, -14.278751417743706 ], [ -170.552239274922584, -14.278751417743706 ], [ -170.552239274922584, -14.278661586263127 ], [ -170.552329106403107, -14.278661586263127 ], [ -170.552368232308055, -14.278610891479389 ], [ -170.552511072527949, -14.278500630099927 ], [ -170.552778263805806, -14.278540118431692 ], [ -170.553401404051527, -14.278448027854154 ] ] ], [ [ [ -170.62397226620709, -14.250856207847676 ], [ -170.623701829275973, -14.250614555517302 ], [ -170.622933150844204, -14.250494776612584 ], [ -170.622103020837727, -14.249981578486995 ], [ -170.62190614125538, -14.249475509287265 ], [ -170.622117364125018, -14.248886833760309 ], [ -170.622568188870787, -14.248525632751694 ], [ -170.623199158614256, -14.248752042472745 ], [ -170.623594430438573, -14.249028138837502 ], [ -170.624332710885881, -14.249854442228695 ], [ -170.62452963453498, -14.25028347730057 ], [ -170.624496517899956, -14.25083919986912 ], [ -170.624014660248349, -14.250903646186259 ], [ -170.62397226620709, -14.250856207847676 ] ] ], [ [ [ -170.672392267888824, -14.24465701101218 ], [ -170.67229576883463, -14.244573867789711 ], [ -170.67225418688119, -14.244525607470734 ], [ -170.67204118785051, -14.244320964940528 ], [ -170.671802112077785, -14.243956309635962 ], [ -170.671051067552696, -14.242143537194465 ], [ -170.670952528836096, -14.24132339685724 ], [ -170.671132191797199, -14.24079849855184 ], [ -170.671220225532949, -14.240527206365414 ], [ -170.671311854758272, -14.24025950966859 ], [ -170.671418749075968, -14.239275628867119 ], [ -170.671924599740464, -14.239536219121192 ], [ -170.672210170462961, -14.239628890660754 ], [ -170.672745562957346, -14.239991813871086 ], [ -170.673288148229432, -14.240167879543947 ], [ -170.674047768689547, -14.240823029359262 ], [ -170.675174610220068, -14.241695015612436 ], [ -170.676877724727177, -14.243124720929075 ], [ -170.676969442985381, -14.243313781805512 ], [ -170.677531854711305, -14.243965882919099 ], [ -170.6787783330536, -14.245027697170428 ], [ -170.679458912099079, -14.245013814336005 ], [ -170.680023714223012, -14.245469738237773 ], [ -170.680310820088238, -14.245647602554754 ], [ -170.681011861408251, -14.245467939593709 ], [ -170.681809817269226, -14.245338039718717 ], [ -170.682179670655245, -14.244839119229937 ], [ -170.682245114320551, -14.244751085494158 ], [ -170.682751009051799, -14.245134964706835 ], [ -170.682898323398888, -14.245739232679398 ], [ -170.683173147222931, -14.246374424739884 ], [ -170.683162883260422, -14.246878048682959 ], [ -170.683297388563602, -14.247666695661451 ], [ -170.685011490987478, -14.248031032606036 ], [ -170.685526794425982, -14.247854648573139 ], [ -170.686245709771669, -14.247367330238035 ], [ -170.686762876605457, -14.247266368747887 ], [ -170.687402838670039, -14.247102353990385 ], [ -170.68855770847145, -14.248164683553284 ], [ -170.689071520834005, -14.248501563296486 ], [ -170.689637485781304, -14.248612043211153 ], [ -170.689824385586888, -14.248708321931474 ], [ -170.689815086596951, -14.249164146907788 ], [ -170.689433720090079, -14.250104340442931 ], [ -170.688544264506163, -14.251341059342394 ], [ -170.688379844154468, -14.251847776053978 ], [ -170.688198382549274, -14.252295135711904 ], [ -170.688100239534407, -14.252697754098051 ], [ -170.688111424402678, -14.253246634624418 ], [ -170.688379844154468, -14.253642607919971 ], [ -170.688533496024007, -14.254116099178589 ], [ -170.68999591238142, -14.254086249780585 ], [ -170.690705999981873, -14.254100736060082 ], [ -170.691125002217063, -14.253782816723572 ], [ -170.69219050099079, -14.252673826735645 ], [ -170.692330632452695, -14.252384967192427 ], [ -170.692433041851359, -14.252186179248724 ], [ -170.692737572081256, -14.2518935911163 ], [ -170.692913638653465, -14.251710330867013 ], [ -170.693067915551836, -14.251562107305347 ], [ -170.693622640772219, -14.251292985183056 ], [ -170.694416879735172, -14.251309192765007 ], [ -170.694391121353135, -14.252571571121052 ], [ -170.695104400647551, -14.253256887795089 ], [ -170.69536613124194, -14.253796370406121 ], [ -170.696355363009559, -14.253934462205621 ], [ -170.697496844603677, -14.253911170663969 ], [ -170.697683876609602, -14.253914986487416 ], [ -170.698202008415933, -14.254266197826723 ], [ -170.698979963354589, -14.254361260663586 ], [ -170.699684327669559, -14.254505525409627 ], [ -170.70109070816963, -14.254345787827788 ], [ -170.701424615653451, -14.254460072774066 ], [ -170.70176294240585, -14.254812215811057 ], [ -170.701855504228121, -14.254901148868896 ], [ -170.70176294240585, -14.254990081027358 ], [ -170.701630892251842, -14.255531767876732 ], [ -170.701473545068012, -14.255837197428662 ], [ -170.701315582747924, -14.25635869539741 ], [ -170.701695887155438, -14.257096921885363 ], [ -170.70212406697209, -14.257235868940143 ], [ -170.702328885769447, -14.257341381899209 ], [ -170.702736219301045, -14.25837412556541 ], [ -170.702840921071612, -14.2591241295749 ], [ -170.70294769398086, -14.259645409008385 ], [ -170.703202044738561, -14.260020645736176 ], [ -170.703372507635095, -14.260372021651449 ], [ -170.70365120304055, -14.260739298479791 ], [ -170.70369521945878, -14.260964776503215 ], [ -170.703785050939331, -14.260964776503215 ], [ -170.703785050939331, -14.26114443946426 ], [ -170.703702390652779, -14.261677309360266 ], [ -170.703937310658347, -14.261949983804641 ], [ -170.704696996768945, -14.262396915385295 ], [ -170.706146823517059, -14.262713146694296 ], [ -170.707381897556502, -14.262601569606716 ], [ -170.707542107282393, -14.262314431365894 ], [ -170.707461651234183, -14.261313070441815 ], [ -170.707944660018029, -14.261043586792027 ], [ -170.708603241646244, -14.260990666186274 ], [ -170.709029305358115, -14.261118943684266 ], [ -170.709253226655051, -14.262174156911783 ], [ -170.709582528710712, -14.262091014588634 ], [ -170.710024996956008, -14.261904662470158 ], [ -170.710480843516081, -14.26173168866643 ], [ -170.710796581097298, -14.261555524068115 ], [ -170.711368390738613, -14.261509576805452 ], [ -170.711486776593432, -14.261902798175527 ], [ -170.712332116833693, -14.262013399498755 ], [ -170.712503357643811, -14.262479696181003 ], [ -170.712187642545643, -14.263528319176544 ], [ -170.71200797958457, -14.26401755666484 ], [ -170.712107099263193, -14.264826500442609 ], [ -170.712558657855737, -14.264962454553597 ], [ -170.713175789730883, -14.265318260529227 ], [ -170.713258932054032, -14.266223264491998 ], [ -170.713355452691957, -14.266396238295727 ], [ -170.713515782927004, -14.266755565117194 ], [ -170.713984273055729, -14.266672422794045 ], [ -170.714757830309594, -14.266503691991772 ], [ -170.715561785547948, -14.266808770808098 ], [ -170.715719275723956, -14.267672192817372 ], [ -170.71605249252849, -14.268058955256549 ], [ -170.716668088361558, -14.268444533288516 ], [ -170.716769049851735, -14.269001353029978 ], [ -170.716852192174912, -14.269547031070601 ], [ -170.717255140612224, -14.269894185568148 ], [ -170.717704758467789, -14.270704445054037 ], [ -170.718435758003807, -14.270870511165128 ], [ -170.719007523578313, -14.271281068766257 ], [ -170.719100853421622, -14.271994435294914 ], [ -170.720235579308508, -14.271903266522486 ], [ -170.720885608384094, -14.272278032005545 ], [ -170.721216620950258, -14.272662239470719 ], [ -170.721714224831572, -14.272775285151226 ], [ -170.721350458057174, -14.27323978408873 ], [ -170.721568555344533, -14.273921317314887 ], [ -170.722150585780895, -14.274377142291257 ], [ -170.722776390717826, -14.27451931341551 ], [ -170.72280639300061, -14.274892664264996 ], [ -170.722543642575005, -14.275516583323622 ], [ -170.722728964070399, -14.276538734774761 ], [ -170.722511194136274, -14.277537145922508 ], [ -170.722580059721963, -14.278394229510013 ], [ -170.722338604343093, -14.279276479725695 ], [ -170.722468000597729, -14.279652846901342 ], [ -170.723212739975935, -14.280187614366866 ], [ -170.723378871737509, -14.28109834251444 ], [ -170.723769219773658, -14.281797979992746 ], [ -170.723464305533241, -14.282054973857896 ], [ -170.7222209748181, -14.282429312163003 ], [ -170.721965910898035, -14.282649066001568 ], [ -170.721570321613029, -14.283108223865383 ], [ -170.721032703296601, -14.283153162088695 ], [ -170.720984694787802, -14.283325544138506 ], [ -170.720813902739394, -14.283742845755683 ], [ -170.720763207955656, -14.283781982452467 ], [ -170.720763207955656, -14.284141308374615 ], [ -170.720763207955656, -14.284231139855194 ], [ -170.720673376475105, -14.284231139855194 ], [ -170.72062023643474, -14.284447494256426 ], [ -170.720583544994582, -14.284859961118286 ], [ -170.720583544994582, -14.284949792598809 ], [ -170.720493713514031, -14.284949792598809 ], [ -170.720546853554424, -14.285166147000041 ], [ -170.720583544994582, -14.285758275923627 ], [ -170.720673376475105, -14.285758275923627 ], [ -170.720673376475105, -14.285937938884729 ], [ -170.720673376475105, -14.286117601845831 ], [ -170.720751639076866, -14.286171641208227 ], [ -170.720889730876365, -14.286709731668736 ], [ -170.72094287091673, -14.286836254589446 ], [ -170.721032703296601, -14.286836254589446 ], [ -170.721032703296601, -14.286926086069968 ], [ -170.721302197738197, -14.28710574903107 ], [ -170.721392029218748, -14.28710574903107 ], [ -170.721392029218748, -14.287195580511593 ], [ -170.721481860699271, -14.287195580511593 ], [ -170.721693675322825, -14.287249937334707 ], [ -170.722045028755048, -14.287478738353059 ], [ -170.722110681063043, -14.287734569394843 ], [ -170.722200512543594, -14.287734569394843 ], [ -170.722200512543594, -14.287824400875365 ], [ -170.722829081097188, -14.288216733715217 ], [ -170.723678423320564, -14.288315129439638 ], [ -170.724176806014754, -14.28809389531699 ], [ -170.724176806014754, -14.288004063836411 ], [ -170.724266637495305, -14.288004063836411 ], [ -170.724356468975827, -14.288004063836411 ], [ -170.724356468975827, -14.287914232355888 ], [ -170.724446300456378, -14.287914232355888 ], [ -170.724536131936901, -14.287914232355888 ], [ -170.725228828447655, -14.287121397234671 ], [ -170.725344616161067, -14.286746423108866 ], [ -170.725284962331131, -14.286626413078466 ], [ -170.725254784680544, -14.286387096287399 ], [ -170.725164953199993, -14.286387096287399 ], [ -170.725164953199993, -14.286297264806876 ], [ -170.725112438188432, -14.286040863594906 ], [ -170.7251214844689, -14.285597649811621 ], [ -170.725623091232649, -14.285225811621842 ], [ -170.726306192876478, -14.285059285057912 ], [ -170.72719029569555, -14.284281538761945 ], [ -170.728444702461019, -14.284187123436936 ], [ -170.729288024622605, -14.284091337545135 ], [ -170.729669106943703, -14.283510097612862 ], [ -170.730591940865338, -14.282825998620922 ], [ -170.731036844474772, -14.282076532405995 ], [ -170.731326406388519, -14.281941335524152 ], [ -170.731886811726952, -14.28232120016321 ], [ -170.732258046471628, -14.28270760107489 ], [ -170.732487120883889, -14.282927684065328 ], [ -170.732584091182844, -14.283028613179908 ], [ -170.732569156141608, -14.283760390629482 ], [ -170.733451505282716, -14.284608132059589 ], [ -170.734537443847927, -14.284759733474857 ], [ -170.734903711636946, -14.284948410340803 ], [ -170.735038403999113, -14.285638354026787 ], [ -170.73618054299763, -14.285615052592561 ], [ -170.736793243913041, -14.286252755560156 ], [ -170.737517686491998, -14.286341282124397 ], [ -170.738004050646396, -14.286670967291286 ], [ -170.73856048637731, -14.287817909568844 ], [ -170.739407043400291, -14.288177279557772 ], [ -170.739400189666981, -14.288513412863665 ], [ -170.738951393791751, -14.288944597315265 ], [ -170.738754251607389, -14.289350966773668 ], [ -170.738776566485342, -14.290444592743711 ], [ -170.73944188133774, -14.291237132887318 ], [ -170.740155577018243, -14.291660805301888 ], [ -170.741222337540819, -14.291639027319206 ], [ -170.741872914303514, -14.290961902569677 ], [ -170.742018035204126, -14.290834656594086 ], [ -170.74244530490688, -14.291279372245185 ], [ -170.743295655270259, -14.291836882665962 ], [ -170.744417409335938, -14.291813986825957 ], [ -170.744899376704836, -14.292009484150356 ], [ -170.745428002700123, -14.291998694084441 ], [ -170.745690556174196, -14.292271960282676 ], [ -170.745977683623181, -14.292365136341914 ], [ -170.746240324331467, -14.292359774583872 ], [ -170.74657663390451, -14.292009747651662 ], [ -170.747151393322127, -14.291583672248635 ], [ -170.747413584369383, -14.291456469440448 ], [ -170.748272971120684, -14.291474015213566 ], [ -170.748698464662397, -14.291762436786996 ], [ -170.748852468166831, -14.29223702341983 ], [ -170.749287413583232, -14.292448026854913 ], [ -170.749875804025095, -14.292846873484393 ], [ -170.750408180193347, -14.293565043292062 ], [ -170.751133773904513, -14.293741931844636 ], [ -170.751573171864351, -14.294855965230568 ], [ -170.751951216275586, -14.295413661810983 ], [ -170.752114277751701, -14.295916157104898 ], [ -170.752378464394582, -14.296169981759192 ], [ -170.75321201632147, -14.296312580960773 ], [ -170.753691877478133, -14.295948462551451 ], [ -170.753953257336917, -14.295142972170368 ], [ -170.754316311848299, -14.294438224744226 ], [ -170.754622892532439, -14.292867774628064 ], [ -170.754771490212079, -14.292433661983864 ], [ -170.75513836054688, -14.291892424795549 ], [ -170.755304327732517, -14.291732971399483 ], [ -170.75547707130977, -14.291553177137359 ], [ -170.755785197928503, -14.2914531905123 ], [ -170.756471303307961, -14.291553450531296 ], [ -170.757157354728122, -14.29143643524327 ], [ -170.757745524836082, -14.291556904827246 ], [ -170.75808730588443, -14.291732971399483 ], [ -170.758268767489596, -14.291821004235885 ], [ -170.759015667039364, -14.292448005271183 ], [ -170.760510564211131, -14.292141818490109 ], [ -170.761421566651961, -14.291450559096006 ], [ -170.761590735424079, -14.290915594678893 ], [ -170.761222022378405, -14.29037164873256 ], [ -170.761053544285602, -14.290024373725828 ], [ -170.760946924261106, -14.28992193195154 ], [ -170.760564306797306, -14.289133284973104 ], [ -170.760696916329607, -14.288485877421238 ], [ -170.761009527867401, -14.288185525441577 ], [ -170.76118559443961, -14.288002266091667 ], [ -170.761326734940837, -14.287866662716283 ], [ -170.761511913444025, -14.28787043537227 ], [ -170.762032644291082, -14.28813870133996 ], [ -170.762825809463521, -14.288249423172317 ], [ -170.763765410345371, -14.289329024215021 ], [ -170.763928153461478, -14.289485384842578 ], [ -170.764393343078297, -14.290112922773119 ], [ -170.764929766195735, -14.289929322580122 ], [ -170.765713664753804, -14.289945310727489 ], [ -170.766400340303449, -14.28939101358435 ], [ -170.766760543963898, -14.289398361045471 ], [ -170.766982029896724, -14.289854898284887 ], [ -170.767288698714452, -14.290149536871581 ], [ -170.767915293256152, -14.29030229031838 ], [ -170.768417053803972, -14.290292059630815 ], [ -170.768687425983899, -14.290475329772619 ], [ -170.769146583847743, -14.290747895399022 ], [ -170.769411297493349, -14.29102340990238 ], [ -170.770185183899088, -14.291007618706601 ], [ -170.770493475993106, -14.291477852620744 ], [ -170.770746488559581, -14.29225754055301 ], [ -170.771594756093094, -14.292083798728299 ], [ -170.772026181563007, -14.292092604889774 ], [ -170.772586071589899, -14.292284242323888 ], [ -170.773849744070418, -14.293173126838269 ], [ -170.774207534849836, -14.293165823443928 ], [ -170.774821595540175, -14.292699877497284 ], [ -170.774975632319553, -14.291910835716465 ], [ -170.775069740076418, -14.291635891383237 ], [ -170.775446348270322, -14.291643578788069 ], [ -170.776051811441931, -14.292273758926797 ], [ -170.776505465454846, -14.292493841917235 ], [ -170.776938097814934, -14.292716710108039 ], [ -170.77722847091718, -14.292809151421181 ], [ -170.777483381053173, -14.292543834330445 ], [ -170.777811992429491, -14.292361791763255 ], [ -170.778254942711413, -14.292662045716781 ], [ -170.77838922947933, -14.293349938948495 ], [ -170.778505082843282, -14.293461252534712 ], [ -170.778658723920955, -14.294248253753835 ], [ -170.778847203835369, -14.294712928059141 ], [ -170.77914759988181, -14.29500153579221 ], [ -170.779769347977009, -14.295246774618931 ], [ -170.780376532450987, -14.295234382860428 ], [ -170.780767506415259, -14.295032963500432 ], [ -170.781099615255016, -14.294584946438079 ], [ -170.781263838655207, -14.294246456009091 ], [ -170.781355468779822, -14.294158422273313 ], [ -170.78144350161628, -14.293258308823852 ], [ -170.781541414404728, -14.292300262846823 ], [ -170.781719740073925, -14.291254820753352 ], [ -170.78170617559951, -14.290589998729388 ], [ -170.781857486533738, -14.289999569524468 ], [ -170.782443326498282, -14.289273822928521 ], [ -170.783122562855965, -14.288770318595255 ], [ -170.783240132126366, -14.288048080254669 ], [ -170.78336357936567, -14.287808446002941 ], [ -170.78439233723654, -14.288225736828224 ], [ -170.784769065939628, -14.288317575595613 ], [ -170.78489251857485, -14.289201887057402 ], [ -170.785067192097216, -14.289540970139626 ], [ -170.78558218257163, -14.290300711108898 ], [ -170.786620169285356, -14.290710117577817 ], [ -170.787389631026628, -14.290835368857131 ], [ -170.787918488147682, -14.291107813075087 ], [ -170.788091033874082, -14.291463476957858 ], [ -170.788201311441355, -14.291569427886714 ], [ -170.789502848077944, -14.291542869108071 ], [ -170.790036568732631, -14.291181086238112 ], [ -170.790180439575607, -14.290444121498979 ], [ -170.790509768610917, -14.290127704030283 ], [ -170.791172944875484, -14.290396705643388 ], [ -170.791414800452657, -14.29102661148886 ], [ -170.791222993046659, -14.291586995243563 ], [ -170.79123744515195, -14.292295317474895 ], [ -170.791865756499448, -14.292898982901704 ], [ -170.791953789335878, -14.292990613026348 ], [ -170.792866195618416, -14.293168477343329 ], [ -170.793391093923816, -14.292988814382227 ], [ -170.793842049970607, -14.292900781545768 ], [ -170.794110645090171, -14.292808843853038 ], [ -170.794404615480602, -14.292909466298795 ], [ -170.794936196648138, -14.292898620474887 ], [ -170.795442847709239, -14.292371288604045 ], [ -170.795547730243527, -14.291726995404474 ], [ -170.795804350890052, -14.291480440869577 ], [ -170.796900208977434, -14.291373261466788 ], [ -170.797109523485688, -14.291155404298422 ], [ -170.797253849385612, -14.290563363508397 ], [ -170.797574465788927, -14.290140830534881 ], [ -170.797992947316629, -14.28973875983587 ], [ -170.799057667277509, -14.289760493751714 ], [ -170.799237144078916, -14.290130435271351 ], [ -170.799226458334346, -14.29065409431098 ], [ -170.799234320207688, -14.291039430425315 ], [ -170.799413166584344, -14.291737270158819 ], [ -170.799833380206309, -14.291941134775527 ], [ -170.800014227574508, -14.291752907570583 ], [ -170.800591262276896, -14.291643139918904 ], [ -170.800847110405783, -14.291931977878448 ], [ -170.800623507468856, -14.293023674802726 ], [ -170.801236087875139, -14.293425295840677 ], [ -170.802036056418842, -14.293617634745999 ], [ -170.802740688731774, -14.293254645885156 ], [ -170.802976211283095, -14.29276918105279 ], [ -170.803298928502727, -14.292631286204823 ], [ -170.803631887201817, -14.29308044450687 ], [ -170.803736555697469, -14.29318101119469 ], [ -170.804407671177046, -14.293167314519906 ], [ -170.805069191789755, -14.292898982901704 ], [ -170.805837452936089, -14.292810950065245 ], [ -170.806255149355621, -14.293374425689137 ], [ -170.806519468198871, -14.293628370852559 ], [ -170.807379973706787, -14.293610814287604 ], [ -170.807820221525986, -14.293723640533528 ], [ -170.80831419664284, -14.293892711279568 ], [ -170.808482788949533, -14.294257026640423 ], [ -170.808207867099355, -14.294790696933092 ], [ -170.808215542813031, -14.295166965183228 ], [ -170.809102168230453, -14.295869904072788 ], [ -170.809486786685824, -14.296043085619885 ], [ -170.810009925017994, -14.295773591178261 ], [ -170.810281218103711, -14.295685558341802 ], [ -170.810750108430739, -14.295525063530818 ], [ -170.811087903683784, -14.295670513583275 ], [ -170.810548913901215, -14.296312580960773 ], [ -170.810281218103711, -14.296763537007564 ], [ -170.809761210311592, -14.297104472693206 ], [ -170.809696414158168, -14.297436373789594 ], [ -170.809776184922981, -14.29790597188304 ], [ -170.810135280618681, -14.298547391748684 ], [ -170.810375934701597, -14.298733152113243 ], [ -170.810415066002463, -14.298783846896981 ], [ -170.810504897483014, -14.298783846896981 ], [ -170.810504897483014, -14.298963509858027 ], [ -170.810968096900126, -14.299060425298364 ], [ -170.81161335507224, -14.298795382500828 ], [ -170.812422951757782, -14.299669156606228 ], [ -170.813246744241837, -14.30015345951449 ], [ -170.813655405172796, -14.300594513126214 ], [ -170.814922981610295, -14.300729414131126 ], [ -170.815457978402947, -14.301458812873875 ], [ -170.815578668320853, -14.301997549946918 ], [ -170.815227818508987, -14.302998548444236 ], [ -170.815505959932068, -14.303524180596412 ], [ -170.815718552469207, -14.303721159104157 ], [ -170.816004375001881, -14.304029636458495 ], [ -170.816210909705688, -14.304127111277126 ], [ -170.816431206734762, -14.30424367780347 ], [ -170.817148597729584, -14.304215243038982 ], [ -170.81795762424494, -14.303787150456571 ], [ -170.818093950675262, -14.303498290913353 ], [ -170.818658424546641, -14.302847450649267 ], [ -170.818992265480631, -14.302330480767012 ], [ -170.819132150528304, -14.302200865977113 ], [ -170.819619940108112, -14.30137113077302 ], [ -170.820002009884831, -14.300872900963554 ], [ -170.820632349203521, -14.300575410626664 ], [ -170.820968558951819, -14.300806766618962 ], [ -170.821331306794349, -14.300893177078422 ], [ -170.821417717253809, -14.301002801737866 ], [ -170.821073392023408, -14.301653509801611 ], [ -170.821288046705973, -14.302059166097592 ], [ -170.822049958638644, -14.302240649286489 ], [ -170.822139428591726, -14.30270925992437 ], [ -170.82240928456082, -14.302959302030104 ], [ -170.822705935830243, -14.303279468772416 ], [ -170.823157506114001, -14.303408459432831 ], [ -170.823843617788697, -14.3032286759626 ], [ -170.823991611123915, -14.303234542240261 ], [ -170.824202494049842, -14.303681374895461 ], [ -170.824392695266653, -14.304040833018007 ], [ -170.824371926323323, -14.304564832001347 ], [ -170.824785916636728, -14.305166446074566 ], [ -170.82492456781452, -14.305294921423467 ], [ -170.825190640335762, -14.3057474998472 ], [ -170.825686424888573, -14.306509357820573 ], [ -170.825734679811603, -14.306550928982119 ], [ -170.826266990329316, -14.307186438503265 ], [ -170.826617829349317, -14.307488698844338 ], [ -170.826674571174493, -14.307677167067538 ], [ -170.826811029805157, -14.307720372297297 ], [ -170.827250131888036, -14.30805708656527 ], [ -170.828136968646163, -14.308337865699912 ], [ -170.828995121527612, -14.308455144489301 ], [ -170.829759226906759, -14.309279824604175 ], [ -170.830224629662894, -14.309427171326831 ], [ -170.831177631342598, -14.309818627327729 ], [ -170.832165773131891, -14.310985142450306 ], [ -170.832947585262815, -14.311232672749611 ], [ -170.833289003884403, -14.311601155568837 ], [ -170.833275408833032, -14.3119441641918 ], [ -170.833287868939976, -14.312258574373686 ], [ -170.833265512693231, -14.312822653442652 ], [ -170.833322104331614, -14.313965373403221 ], [ -170.833451697537782, -14.314081171908526 ], [ -170.833501767292688, -14.314773857627358 ], [ -170.833540901291542, -14.315094057644615 ], [ -170.833591598773239, -14.315402677991131 ], [ -170.833641481469158, -14.315442615084578 ], [ -170.833721378139074, -14.315722066819887 ], [ -170.833842465557325, -14.315819026326949 ], [ -170.834054630916455, -14.316322529760896 ], [ -170.83413058765646, -14.31692981405962 ], [ -170.834177216605241, -14.316973019289378 ], [ -170.834353453149305, -14.317245934752066 ], [ -170.834626374907259, -14.31760183965315 ], [ -170.834747535170578, -14.317984544351191 ], [ -170.835756201287637, -14.319096297056433 ], [ -170.836570914216281, -14.319575259790383 ], [ -170.838330176096719, -14.319669060878425 ], [ -170.839063905974456, -14.319861335032556 ], [ -170.839526206069536, -14.320105958722991 ], [ -170.840016265538196, -14.320296784968605 ], [ -170.840969125124985, -14.320726138400516 ], [ -170.841604585183433, -14.320847464139092 ], [ -170.842035761541126, -14.320830357235138 ], [ -170.842297497531462, -14.320840730914938 ], [ -170.842977278878294, -14.321018858733282 ], [ -170.843623250212801, -14.321121760960466 ], [ -170.843601047750127, -14.321681936072423 ], [ -170.842296149447719, -14.322297773823152 ], [ -170.841654890560733, -14.323078119159845 ], [ -170.841292787532097, -14.323413627436935 ], [ -170.840598456953188, -14.32348751483687 ], [ -170.840418793992114, -14.32348751483687 ], [ -170.840418793992114, -14.323397683356347 ], [ -170.839443302066712, -14.323446963506512 ], [ -170.838867410402628, -14.323648820836354 ], [ -170.837815769282287, -14.324560909658203 ], [ -170.837308122671686, -14.324788361693493 ], [ -170.83718485979341, -14.324655324983212 ], [ -170.837005196832337, -14.324655324983212 ], [ -170.837005196832337, -14.324565493502689 ], [ -170.836366199740297, -14.324607908228359 ], [ -170.8356889976491, -14.324874113849205 ], [ -170.834529047577462, -14.324795862039366 ], [ -170.834083169102939, -14.324526893701147 ], [ -170.833462633293863, -14.324424955547215 ], [ -170.833322104331614, -14.324385829642267 ], [ -170.833193138852238, -14.324436536117219 ], [ -170.832822249447219, -14.324514787027738 ], [ -170.832435354807757, -14.324666882170845 ], [ -170.831682522430441, -14.324876525830973 ], [ -170.83130667686163, -14.325155187961514 ], [ -170.830943101642788, -14.325372638636338 ], [ -170.830654725934835, -14.325850702048228 ], [ -170.830479808696197, -14.326278082367537 ], [ -170.829980008670447, -14.326417259648792 ], [ -170.829708909838303, -14.326626507607216 ], [ -170.829420214870993, -14.32704164995215 ], [ -170.829139156946496, -14.327389396203614 ], [ -170.829010191467148, -14.327619764740291 ], [ -170.829010191467148, -14.327979090662438 ], [ -170.829100022947671, -14.327979090662438 ], [ -170.829100022947671, -14.328248585104063 ], [ -170.829189854428222, -14.328248585104063 ], [ -170.829189854428222, -14.328787574886633 ], [ -170.829100022947671, -14.328787574886633 ], [ -170.829100022947671, -14.328967237847678 ], [ -170.829100022947671, -14.329057069328258 ], [ -170.829100022947671, -14.329236732289303 ], [ -170.828944782875396, -14.329437844081212 ], [ -170.828650864645653, -14.329057069328258 ], [ -170.828494051659135, -14.329034216655714 ], [ -170.8283585202295, -14.328900259039699 ], [ -170.828201707242954, -14.328877406367155 ], [ -170.827992667027928, -14.328955943262145 ], [ -170.826927025261966, -14.328847338433889 ], [ -170.825825327876544, -14.32910613004384 ], [ -170.825122285564987, -14.32918767157372 ], [ -170.825057604524801, -14.328967237847678 ], [ -170.824522973756217, -14.32931340488966 ], [ -170.82354257962632, -14.329580267914992 ], [ -170.822840031042574, -14.329893757191087 ], [ -170.821823219765747, -14.330614712199178 ], [ -170.820809769255419, -14.330696143112448 ], [ -170.820296533358288, -14.33058420539669 ], [ -170.820296533358288, -14.330674036877269 ], [ -170.820027038916692, -14.330674036877269 ], [ -170.820027038916692, -14.330763868357792 ], [ -170.819847375955618, -14.330763868357792 ], [ -170.819847375955618, -14.330853699838315 ], [ -170.819577881513993, -14.330853699838315 ], [ -170.819457872382884, -14.330913353668279 ], [ -170.819308387072368, -14.330943531318894 ], [ -170.819188377941259, -14.331003185148802 ], [ -170.818949061150221, -14.331033362799417 ], [ -170.818916196325375, -14.331196159874821 ], [ -170.818769397289827, -14.33112319427994 ], [ -170.818717069337254, -14.331160696908569 ], [ -170.818642063180647, -14.331265354612356 ], [ -170.818218225290849, -14.331553841836296 ], [ -170.81806556537353, -14.331766840866976 ], [ -170.817814082553838, -14.331947095581938 ], [ -170.816464059868451, -14.331677337638951 ], [ -170.816209002243625, -14.331237413575707 ], [ -170.816126780826238, -14.330531876544796 ], [ -170.816074451974345, -14.330404541536325 ], [ -170.816074451974345, -14.330314710055802 ], [ -170.815984620493822, -14.330314710055802 ], [ -170.815984620493822, -14.330224878575223 ], [ -170.81541208150233, -14.329783858238443 ], [ -170.81481681034748, -14.328967237847678 ], [ -170.814139630739334, -14.32842544128107 ], [ -170.81396837913735, -14.328019028655206 ], [ -170.813868611946845, -14.327939153569048 ], [ -170.81382866406156, -14.327799427701393 ], [ -170.813561576205757, -14.327453391960432 ], [ -170.812792520058736, -14.326918570535554 ], [ -170.812571022434724, -14.326631618454371 ], [ -170.812481190954173, -14.326631618454371 ], [ -170.812197836161175, -14.326579925423175 ], [ -170.811720962552357, -14.326313874485663 ], [ -170.811534621225775, -14.326230709679464 ], [ -170.811133718746106, -14.326002797191279 ], [ -170.810954055785032, -14.326002797191279 ], [ -170.810954055785032, -14.325912965710756 ], [ -170.810864223405162, -14.325912965710756 ], [ -170.810864223405162, -14.325823134230234 ], [ -170.81077439192461, -14.325823134230234 ], [ -170.810684560444088, -14.325823134230234 ], [ -170.810684560444088, -14.325733302749654 ], [ -170.810504897483014, -14.325733302749654 ], [ -170.810415066002463, -14.325733302749654 ], [ -170.810415066002463, -14.325643471269132 ], [ -170.809484911599355, -14.32542222635459 ], [ -170.808859249654631, -14.325560679681587 ], [ -170.80799629889006, -14.326099317829232 ], [ -170.807540457725906, -14.326362123113427 ], [ -170.807540457725906, -14.326451955493326 ], [ -170.807450626245384, -14.326451955493326 ], [ -170.807450626245384, -14.326541786973849 ], [ -170.807360794764833, -14.326541786973849 ], [ -170.80727096328431, -14.326721449934894 ], [ -170.80727096328431, -14.326811281415473 ], [ -170.807220263104625, -14.327030070281467 ], [ -170.807140223442531, -14.328879226595006 ], [ -170.806914789485916, -14.329738043176121 ], [ -170.806514501243214, -14.330277952965105 ], [ -170.806462479060144, -14.33058420539669 ], [ -170.806462479060144, -14.330674036877269 ], [ -170.806372647579593, -14.330674036877269 ], [ -170.806316223215106, -14.330861441202501 ], [ -170.805791368976458, -14.331470655446367 ], [ -170.805518820437186, -14.331622706522637 ], [ -170.80471410347306, -14.331979927131897 ], [ -170.804486185588956, -14.332021509085337 ], [ -170.804306522627883, -14.332021509085337 ], [ -170.804306522627883, -14.331931677604814 ], [ -170.804253382587518, -14.331968369044944 ], [ -170.804129634075338, -14.332147594036201 ], [ -170.803632139011967, -14.332036071807238 ], [ -170.803498039303037, -14.331841846124235 ], [ -170.803258722511998, -14.331811668473676 ], [ -170.802900108852924, -14.331633409354311 ], [ -170.802869218039945, -14.33157235168261 ], [ -170.802270575326759, -14.331542174032052 ], [ -170.80215056619565, -14.331482520202087 ], [ -170.80215056619565, -14.33157235168261 ], [ -170.801970903234576, -14.33157235168261 ], [ -170.801475782381431, -14.331881388415297 ], [ -170.800489730616533, -14.331981966794274 ], [ -170.799552136122145, -14.33256718802528 ], [ -170.799275957919093, -14.332650330348429 ], [ -170.799275957919093, -14.332740161828951 ], [ -170.79918612643857, -14.332740161828951 ], [ -170.798947905921096, -14.333048782175524 ], [ -170.79868127851816, -14.332927325135927 ], [ -170.798350074396382, -14.332498235205321 ], [ -170.797890740265416, -14.332143690079192 ], [ -170.79764368211022, -14.331540046236114 ], [ -170.79756915888953, -14.331482520202087 ], [ -170.797479327409008, -14.331482520202087 ], [ -170.797479327409008, -14.331392688721564 ], [ -170.796990221221705, -14.33125296285391 ], [ -170.796401348743217, -14.331213025760462 ], [ -170.796311517262694, -14.331213025760462 ], [ -170.796311517262694, -14.33112319427994 ], [ -170.795358861821995, -14.331182913760415 ], [ -170.794874212674756, -14.331482520202087 ], [ -170.794831008344346, -14.331618977933431 ], [ -170.794774918527651, -14.333034131320062 ], [ -170.794204621546015, -14.333965541176724 ], [ -170.793929271618566, -14.3342206707473 ], [ -170.793685206407133, -14.334484090268518 ], [ -170.793616571947211, -14.334267296998121 ], [ -170.79352674046666, -14.334267296998121 ], [ -170.79352674046666, -14.334177465517598 ], [ -170.793436908986138, -14.334177465517598 ], [ -170.793436908986138, -14.334087634037019 ], [ -170.793202691351098, -14.334022409806323 ], [ -170.792632059821671, -14.333599350729401 ], [ -170.791948904218515, -14.333677602539296 ], [ -170.791509961315626, -14.333850159956853 ], [ -170.791050589413146, -14.333947096980921 ], [ -170.790831794251886, -14.334087634037019 ], [ -170.790831794251886, -14.334177465517598 ], [ -170.790741962771335, -14.334177465517598 ], [ -170.790525608370103, -14.334320437038514 ], [ -170.790382636849188, -14.334357128478644 ], [ -170.79017344285009, -14.334832406690168 ], [ -170.790113142407563, -14.33579443306661 ], [ -170.790202973888114, -14.33579443306661 ], [ -170.790202973888114, -14.336063927508178 ], [ -170.790144553928002, -14.33639963363612 ], [ -170.789604582985078, -14.336717048452954 ], [ -170.789124996121643, -14.336333421949803 ], [ -170.78894533226125, -14.336333421949803 ], [ -170.787727453259322, -14.336435206319663 ], [ -170.787223378755897, -14.336660136655951 ], [ -170.787107125193643, -14.336920661259455 ], [ -170.78700486957905, -14.337008759746425 ], [ -170.787456110710906, -14.337144625723852 ], [ -170.78749229223547, -14.337594901883165 ], [ -170.787044023362967, -14.338115205552242 ], [ -170.786456461196707, -14.338621406952313 ], [ -170.786015785300236, -14.339242923921745 ], [ -170.785849484466098, -14.33961560657491 ], [ -170.785669821505024, -14.33993762681996 ], [ -170.785752974620067, -14.340424089899784 ], [ -170.786643323230749, -14.341397981031946 ], [ -170.786875024562704, -14.341813254677902 ], [ -170.78696903968941, -14.342531797704282 ], [ -170.78696903968941, -14.342621629184805 ], [ -170.787058871169933, -14.342621629184805 ], [ -170.787058871169933, -14.342711460665328 ], [ -170.787118524100578, -14.342831469796465 ], [ -170.787148702650484, -14.343070786587475 ], [ -170.787238534131006, -14.343070786587475 ], [ -170.787238534131006, -14.34387926991235 ], [ -170.787268711781593, -14.344028755222837 ], [ -170.787477850922045, -14.344448437345477 ], [ -170.787508028572631, -14.344957248578112 ], [ -170.787544720012789, -14.345100220099027 ], [ -170.787695860975163, -14.345332321629314 ], [ -170.787797606674189, -14.345786194177492 ], [ -170.787540931169019, -14.346157955025546 ], [ -170.787328365611558, -14.346304720786179 ], [ -170.787298187960971, -14.346454206096666 ], [ -170.787238534131006, -14.346574216127124 ], [ -170.787238534131006, -14.346664047607646 ], [ -170.787148702650484, -14.346664047607646 ], [ -170.787148702650484, -14.346753879088226 ], [ -170.787058871169933, -14.346753879088226 ], [ -170.787018922385329, -14.346983436436403 ], [ -170.786919156094143, -14.347332805064866 ], [ -170.786839062472723, -14.347793038517864 ], [ -170.786639332039528, -14.348491622890037 ], [ -170.786297238027089, -14.349303462484784 ], [ -170.785351902168514, -14.350059858875341 ], [ -170.785036812099179, -14.350595887190423 ], [ -170.784992746218222, -14.351245454913794 ], [ -170.785118051456891, -14.351543789714071 ], [ -170.784992746218222, -14.352053938238612 ], [ -170.784955242690273, -14.352555424493175 ], [ -170.784850585885806, -14.353079588052481 ], [ -170.784813082357829, -14.353581074307101 ], [ -170.784813082357829, -14.353940400229249 ], [ -170.784872736187793, -14.353970577879807 ], [ -170.784933092388286, -14.354359379981361 ], [ -170.785052399148867, -14.354599399142899 ], [ -170.785082577698773, -14.354838715933965 ], [ -170.785082577698773, -14.354928547414488 ], [ -170.785189564646657, -14.355027677885005 ], [ -170.785323642771857, -14.355590572546816 ], [ -170.785304173348891, -14.356081816422659 ], [ -170.784914247094804, -14.356818715511281 ], [ -170.783598422029513, -14.357439706377306 ], [ -170.782619711430499, -14.357626563015401 ], [ -170.782164763293167, -14.357939613422388 ], [ -170.781489316678602, -14.358252313093715 ], [ -170.781489316678602, -14.358342144574294 ], [ -170.781399485198051, -14.358342144574294 ], [ -170.781269704932896, -14.35839203896137 ], [ -170.780116293831867, -14.358476738910326 ], [ -170.779373308131625, -14.358741408489152 ], [ -170.779033851830775, -14.358940963554574 ], [ -170.77865465628733, -14.3591007344113 ], [ -170.778143059854301, -14.359509910653799 ], [ -170.777626561216806, -14.359599786201102 ], [ -170.777584035874526, -14.359650974712679 ], [ -170.77695698087993, -14.359918341358309 ], [ -170.77681807699264, -14.359959112123306 ], [ -170.776757721691467, -14.360078419783179 ], [ -170.776638414031567, -14.360138775084351 ], [ -170.776507011389441, -14.360366687572537 ], [ -170.776410490751516, -14.360449852378736 ], [ -170.776093821472642, -14.36095541795811 ], [ -170.775685610202714, -14.36127511345569 ], [ -170.775069707700823, -14.361534497718822 ], [ -170.774586150330549, -14.361622705923082 ], [ -170.774192523366224, -14.361842328460625 ], [ -170.773529850722014, -14.361789078702998 ], [ -170.772955321530844, -14.361845574113886 ], [ -170.772955321530844, -14.361935405594465 ], [ -170.77277565856977, -14.361935405594465 ], [ -170.77277565856977, -14.362025237074988 ], [ -170.772685827089219, -14.362025237074988 ], [ -170.772562648747225, -14.362135289811704 ], [ -170.772130071245755, -14.362815474054855 ], [ -170.770931590620393, -14.363145608882689 ], [ -170.770756971956672, -14.363240484660594 ], [ -170.770121735829406, -14.363532043069313 ], [ -170.769343320437855, -14.364403250509554 ], [ -170.769017220868022, -14.364129983411942 ], [ -170.768523553319312, -14.363282045030303 ], [ -170.767612133593076, -14.36216553311283 ], [ -170.767115494684305, -14.361818620532858 ], [ -170.765953167704509, -14.361637488079566 ], [ -170.765230206308956, -14.36144385415048 ], [ -170.764643384284739, -14.361528642232997 ], [ -170.764086334316858, -14.361677819975341 ], [ -170.762310506025017, -14.361803356339749 ], [ -170.762097243492974, -14.361790635429429 ], [ -170.761678943628311, -14.361887968155145 ], [ -170.761504324964591, -14.361982843933049 ], [ -170.760621186218742, -14.362086294746632 ], [ -170.76002923266293, -14.362515911679907 ], [ -170.759716598642086, -14.363091241267739 ], [ -170.759678405334114, -14.363732036104523 ], [ -170.759723912828292, -14.364495604588456 ], [ -170.759688329352883, -14.36509253679111 ], [ -170.759887357415579, -14.365571060655896 ], [ -170.760046810811644, -14.366087416301184 ], [ -170.76045284032628, -14.366541837435818 ], [ -170.76096533608137, -14.366738869902861 ], [ -170.761085246287053, -14.366873069436565 ], [ -170.762068239457648, -14.367026239269478 ], [ -170.762307764891403, -14.367693790735814 ], [ -170.762163718680654, -14.368064082091678 ], [ -170.761962529547077, -14.368243833186284 ], [ -170.761773819406216, -14.368540544710299 ], [ -170.761455297523923, -14.3689515636637 ], [ -170.760932088145324, -14.370645949351058 ], [ -170.760771494408914, -14.37078944697538 ], [ -170.760606010159222, -14.371325321506333 ], [ -170.76055857182061, -14.371367715547592 ], [ -170.760505431780217, -14.371494238468301 ], [ -170.760342217419378, -14.37213950743228 ], [ -170.760289077378985, -14.37217619887241 ], [ -170.760289077378985, -14.372266030352989 ], [ -170.760289077378985, -14.372355861833512 ], [ -170.760199245898463, -14.372355861833512 ], [ -170.760199245898463, -14.372445694213354 ], [ -170.760169068247876, -14.372505347143999 ], [ -170.759929751456838, -14.372625357174456 ], [ -170.759713397055606, -14.372947991656417 ], [ -170.759660257015213, -14.372984683096604 ], [ -170.759660257015213, -14.373074514577127 ], [ -170.75957042553469, -14.373074514577127 ], [ -170.759480594054139, -14.373074514577127 ], [ -170.759390762573616, -14.373074514577127 ], [ -170.759390762573616, -14.372984683096604 ], [ -170.758821825366908, -14.372888030258366 ], [ -170.758761941310524, -14.372535525693934 ], [ -170.758672109829973, -14.372535525693934 ], [ -170.758672109829973, -14.372445694213354 ], [ -170.758582278349451, -14.372445694213354 ], [ -170.758582278349451, -14.372355861833512 ], [ -170.758351909812774, -14.372196814931044 ], [ -170.758312783907826, -14.371277884067069 ], [ -170.758222952427275, -14.371277884067069 ], [ -170.758222952427275, -14.37118805258649 ], [ -170.758089104528523, -14.371142237524168 ], [ -170.757638323849534, -14.370995954699481 ], [ -170.757253392430101, -14.370476703237216 ], [ -170.756617937767601, -14.369866151701501 ], [ -170.755215767893333, -14.368351648409828 ], [ -170.75485961118207, -14.368009450975364 ], [ -170.75451772041643, -14.367487985382184 ], [ -170.754069680871055, -14.36689752290232 ], [ -170.75395505598101, -14.366562627962878 ], [ -170.753867023144579, -14.36566251451336 ], [ -170.753330610819006, -14.364621249770835 ], [ -170.753317298154769, -14.363968677412458 ], [ -170.753416067097788, -14.363865884003303 ], [ -170.75391347402757, -14.363471533984068 ], [ -170.75467096669172, -14.362473254137342 ], [ -170.754682535570538, -14.361906258566933 ], [ -170.754270749495475, -14.361212586291799 ], [ -170.753379452100006, -14.36044386469257 ], [ -170.752533048861096, -14.360461146964326 ], [ -170.752070392634494, -14.360157811933448 ], [ -170.752168273047346, -14.359786072669067 ], [ -170.752697414354174, -14.359439160089096 ], [ -170.752563764306245, -14.358795162766512 ], [ -170.752086556149607, -14.358298501374691 ], [ -170.751806468593628, -14.358292777189888 ], [ -170.751663453005932, -14.358430178310016 ], [ -170.751191607506655, -14.358921290884837 ], [ -170.750164948653435, -14.358624162075387 ], [ -170.74892449127222, -14.358745487813962 ], [ -170.748656794575396, -14.358926949419129 ], [ -170.74783385824594, -14.359393520394576 ], [ -170.747487811713114, -14.359725979969937 ], [ -170.747390753280598, -14.360916401770453 ], [ -170.746590669623686, -14.361262568812435 ], [ -170.746007806415093, -14.361376349239094 ], [ -170.745517274802353, -14.361614328738256 ], [ -170.745234270744959, -14.362081009430995 ], [ -170.745247309115996, -14.362720072173545 ], [ -170.744792241368827, -14.363057400678429 ], [ -170.744434713191424, -14.363328693764174 ], [ -170.74429906664858, -14.363372710182375 ], [ -170.74429906664858, -14.363462541662898 ], [ -170.744220804046847, -14.363923257152521 ], [ -170.744119403687506, -14.364001530546147 ], [ -170.744119403687506, -14.36409136202667 ], [ -170.744029572206955, -14.36409136202667 ], [ -170.744029572206955, -14.36418119350725 ], [ -170.744029572206955, -14.364271024987772 ], [ -170.743939740726432, -14.364271024987772 ], [ -170.743669610464138, -14.36437022200812 ], [ -170.743041425921035, -14.36409136202667 ], [ -170.742592267619017, -14.364271024987772 ], [ -170.742592267619017, -14.364360856468295 ], [ -170.742502436138494, -14.364360856468295 ], [ -170.742408328381629, -14.364727573918344 ], [ -170.742089970175954, -14.364846706210471 ], [ -170.741584832673851, -14.365180525560788 ], [ -170.741272615039122, -14.365110520534074 ], [ -170.741065132449876, -14.364810014770342 ], [ -170.740705805628409, -14.36463035180924 ], [ -170.740339374162772, -14.364568109730442 ], [ -170.74025664822571, -14.364271024987772 ], [ -170.740166816745159, -14.364271024987772 ], [ -170.740166816745159, -14.36409136202667 ], [ -170.740118556426211, -14.364049780073231 ], [ -170.739855751141988, -14.363593955096917 ], [ -170.739492861206543, -14.363082161712327 ], [ -170.739394300906241, -14.362435312639548 ], [ -170.73904057865974, -14.361983655121549 ], [ -170.738957435437271, -14.361348167184133 ], [ -170.738751751492117, -14.360979520688261 ], [ -170.7380524314745, -14.360097193130912 ], [ -170.7378794576708, -14.359821031115644 ], [ -170.737647784217842, -14.359494295725142 ], [ -170.73745066361721, -14.359324457857383 ], [ -170.737015026622146, -14.358348197910971 ], [ -170.736843050166613, -14.358072650132669 ], [ -170.736583918612922, -14.357849387139481 ], [ -170.735944735361215, -14.35708450384675 ], [ -170.735854903880693, -14.35708450384675 ], [ -170.735854903880693, -14.356904840885647 ], [ -170.735100349301661, -14.356555515424645 ], [ -170.73448282352345, -14.356228757551094 ], [ -170.734015068140849, -14.355870067449587 ], [ -170.73374215267819, -14.355693825509604 ], [ -170.732429791801422, -14.354790773075649 ], [ -170.732218437630763, -14.354342931381154 ], [ -170.731990832710721, -14.353912788344473 ], [ -170.731506968671653, -14.353464464613296 ], [ -170.731232385865894, -14.353039256156706 ], [ -170.731183665094051, -14.352682759501704 ], [ -170.731031569950972, -14.352565359303867 ], [ -170.730815324367711, -14.35203700760178 ], [ -170.730234654605596, -14.351385991969892 ], [ -170.730130523904535, -14.350892554647658 ], [ -170.729802845125164, -14.350694907943591 ], [ -170.729413407202941, -14.3505355094062 ], [ -170.729078402546207, -14.349937107711298 ], [ -170.728851784182467, -14.349762182378754 ], [ -170.728629245143509, -14.349218455867003 ], [ -170.728527855576033, -14.349140204057107 ], [ -170.728397823500728, -14.348971725964361 ], [ -170.727911514204976, -14.34868089240922 ], [ -170.72744987780959, -14.347972393910823 ], [ -170.727238205278923, -14.347455227077035 ], [ -170.726916667070498, -14.347407701504153 ], [ -170.726406616572064, -14.347483079980123 ], [ -170.725973436524839, -14.347382699451998 ], [ -170.725883605044316, -14.347382699451998 ], [ -170.725883605044316, -14.347292867971419 ], [ -170.725793773563765, -14.347292867971419 ], [ -170.725254784680544, -14.347292867971419 ], [ -170.725164953199993, -14.347292867971419 ], [ -170.725164953199993, -14.347203036490896 ], [ -170.72507512171947, -14.347203036490896 ], [ -170.72507512171947, -14.347113205010373 ], [ -170.724601543226612, -14.346927028259699 ], [ -170.724356468975827, -14.347023373529794 ], [ -170.724176806014754, -14.347023373529794 ], [ -170.723834125644345, -14.346935427927633 ], [ -170.723637817131532, -14.346574216127124 ], [ -170.723547985650981, -14.346574216127124 ], [ -170.723547985650981, -14.346484384646601 ], [ -170.723547985650981, -14.346394552266702 ], [ -170.723498913244214, -14.346353782401081 ], [ -170.723236162818637, -14.345747923527824 ], [ -170.723188659728834, -14.345586068941884 ], [ -170.723098828248311, -14.345586068941884 ], [ -170.723098828248311, -14.345496237461361 ], [ -170.72300899586844, -14.345496237461361 ], [ -170.72300899586844, -14.345316574500259 ], [ -170.722686361386451, -14.34527988306013 ], [ -170.722150366346312, -14.345148227708478 ], [ -170.721801512130043, -14.344630183136417 ], [ -170.721714663700737, -14.344185455794104 ], [ -170.721661523660373, -14.344058932873395 ], [ -170.721571692179822, -14.344058932873395 ], [ -170.721571692179822, -14.343969101392872 ], [ -170.721481860699271, -14.343969101392872 ], [ -170.721481860699271, -14.343430112509623 ], [ -170.721356499702665, -14.343318108244034 ], [ -170.721326212334816, -14.342809954415827 ], [ -170.721434422360687, -14.342574190846165 ], [ -170.721544836624872, -14.3424755208286 ], [ -170.721462527973273, -14.341094493116316 ], [ -170.72153394763356, -14.339896176167542 ], [ -170.720742899465222, -14.338927109898179 ], [ -170.719853444780625, -14.338407530183304 ], [ -170.719363242319758, -14.338182556679612 ], [ -170.718539143166907, -14.337606897939963 ], [ -170.718020825200881, -14.337369006574363 ], [ -170.717846205637841, -14.337274130796459 ], [ -170.717661498379414, -14.337189343613261 ], [ -170.717356540971565, -14.33702362913715 ], [ -170.717033774289234, -14.337004395336521 ], [ -170.716810621013309, -14.337052074693474 ], [ -170.71634707625654, -14.336967528528589 ], [ -170.715415524306962, -14.336307016955232 ], [ -170.715283485844168, -14.336153758988758 ], [ -170.715193654363617, -14.336153758988758 ], [ -170.715193654363617, -14.336063927508178 ], [ -170.715103822883094, -14.336063927508178 ], [ -170.715013990503223, -14.336063927508178 ], [ -170.715013990503223, -14.335974096027655 ], [ -170.714564833100553, -14.33579443306661 ], [ -170.714295338658928, -14.33579443306661 ], [ -170.713806232471626, -14.335654707198955 ], [ -170.713415325057184, -14.33557013945034 ], [ -170.713307192373009, -14.335435107144406 ], [ -170.713217360892457, -14.335435107144406 ], [ -170.713127529411935, -14.335435107144406 ], [ -170.712948567922041, -14.335344574192675 ], [ -170.71285803407099, -14.335165612702838 ], [ -170.71272664312005, -14.335099138414478 ], [ -170.71264819345933, -14.33486699281741 ], [ -170.712768202590439, -14.33480628678069 ], [ -170.712768202590439, -14.334446960858486 ], [ -170.712720765151175, -14.334404566817284 ], [ -170.712467478291472, -14.334006311941721 ], [ -170.711822449446458, -14.333596083492409 ], [ -170.711641723486736, -14.333393830460864 ], [ -170.711015720698924, -14.333106506060346 ], [ -170.71047328831159, -14.332939014523845 ], [ -170.710120695613597, -14.332692723490368 ], [ -170.709328155469962, -14.332206370127835 ], [ -170.708817534801369, -14.33206894742392 ], [ -170.708421002127523, -14.332750030989075 ], [ -170.708054569762567, -14.332650198148087 ], [ -170.708413896584034, -14.33206894742392 ], [ -170.708498683767203, -14.331767235669361 ], [ -170.705554760243956, -14.330160882818461 ], [ -170.705000298524936, -14.329818115213811 ], [ -170.704446154266577, -14.329563775248005 ], [ -170.703200981739883, -14.328887143326938 ], [ -170.702236049653948, -14.328341619070443 ], [ -170.701458445450868, -14.327984727613057 ], [ -170.700788294943834, -14.327414639274139 ], [ -170.700730778802381, -14.327350270298666 ], [ -170.700591064625911, -14.327310333205276 ], [ -170.700075432035533, -14.32700721760898 ], [ -170.699972179072773, -14.326758689062217 ], [ -170.700364851856392, -14.325888995180946 ], [ -170.700554920872861, -14.325783197136786 ], [ -170.700860559067507, -14.325962860097889 ], [ -170.701090105623848, -14.326002797191279 ], [ -170.701172896312102, -14.325903140617413 ], [ -170.702149441343607, -14.325782363465237 ], [ -170.702257914870842, -14.325912965710756 ], [ -170.702390885930612, -14.32586526477013 ], [ -170.703156230575559, -14.325912965710756 ], [ -170.704145045957091, -14.325815721118602 ], [ -170.704952860186324, -14.325912965710756 ], [ -170.705671512929939, -14.325912965710756 ], [ -170.705980144068377, -14.325862260135125 ], [ -170.708798049190591, -14.325784008325286 ], [ -170.709354605430661, -14.325912965710756 ], [ -170.709354605430661, -14.325823134230234 ], [ -170.710612246158206, -14.325823134230234 ], [ -170.711022266864092, -14.325784008325286 ], [ -170.711911382504269, -14.325430581955743 ], [ -170.712520749632858, -14.325039192504676 ], [ -170.712678371109916, -14.324834987944314 ], [ -170.712678371109916, -14.324745156463734 ], [ -170.712768202590439, -14.324745156463734 ], [ -170.712768202590439, -14.324475662022166 ], [ -170.71285803407099, -14.324475662022166 ], [ -170.712888212620896, -14.3242363452311 ], [ -170.712947865551513, -14.324116335200642 ], [ -170.712987814336145, -14.323886777852465 ], [ -170.713134086368967, -14.323374545598767 ], [ -170.713267243588405, -14.323267914782377 ], [ -170.713372065868128, -14.323019145217359 ], [ -170.713303989887208, -14.322471887967197 ], [ -170.713473344818993, -14.322031327183936 ], [ -170.713985896332019, -14.32192044167499 ], [ -170.714186339028288, -14.321802603507308 ], [ -170.714387275452367, -14.321099851676763 ], [ -170.714626285574582, -14.320546146287597 ], [ -170.715103822883094, -14.320163748258324 ], [ -170.715126675555609, -14.320006937969765 ], [ -170.715483906956706, -14.319647918716441 ], [ -170.715642811766315, -14.319624759375074 ], [ -170.715953877369515, -14.319217183925844 ], [ -170.716193994557187, -14.319010303882351 ], [ -170.716582697733287, -14.318139206159401 ], [ -170.716775728217243, -14.317793236068951 ], [ -170.71690045249386, -14.31737897146229 ], [ -170.716847312453467, -14.31734228002216 ], [ -170.716594266612077, -14.316966505499806 ], [ -170.716361463610639, -14.316839982579097 ], [ -170.715780903565815, -14.316978063586703 ], [ -170.715193654363617, -14.317109477020722 ], [ -170.714768840709411, -14.317213827156365 ], [ -170.714150470467814, -14.316805177017272 ], [ -170.713936012736781, -14.316750151098574 ], [ -170.713531781866209, -14.316699642474475 ], [ -170.71339695820302, -14.316716420226555 ], [ -170.713087580627331, -14.316119970060527 ], [ -170.713397023853531, -14.316031498354903 ], [ -170.713521748130148, -14.315617233748299 ], [ -170.713754792149899, -14.315416451108263 ], [ -170.714120237059262, -14.315620348100538 ], [ -170.714468323254493, -14.315216325872711 ], [ -170.714618840087383, -14.315086667016033 ], [ -170.714336909820503, -14.315001770115543 ], [ -170.714163936016803, -14.314725608100275 ], [ -170.713936012736781, -14.314414530805891 ], [ -170.713756349775707, -14.314414530805891 ], [ -170.713756349775707, -14.314145036364266 ], [ -170.71384618125623, -14.314145036364266 ], [ -170.713816003605643, -14.314085382534358 ], [ -170.713218423891135, -14.313785710442119 ], [ -170.713067173211442, -14.313486739821144 ], [ -170.712947865551513, -14.313426384519971 ], [ -170.712768202590439, -14.313426384519971 ], [ -170.71264819345933, -14.313486038349936 ], [ -170.712498708148843, -14.313516216000494 ], [ -170.712498708148843, -14.313785710442119 ], [ -170.712807339287252, -14.314016078978796 ], [ -170.713164527520888, -14.314229692246442 ], [ -170.713487140419176, -14.31464766295926 ], [ -170.71341774873008, -14.315117173818464 ], [ -170.712897171667123, -14.315262140935033 ], [ -170.712678371109916, -14.315402677991131 ], [ -170.711917149856561, -14.315967480115091 ], [ -170.711151235940747, -14.316031498354903 ], [ -170.710732255289315, -14.316001320704345 ], [ -170.710612246158206, -14.31594166687438 ], [ -170.710391417629779, -14.315744349322244 ], [ -170.710742333092185, -14.315241963745564 ], [ -170.710843887235569, -14.314375054165396 ], [ -170.71128850486059, -14.313833148780759 ], [ -170.711330898901849, -14.313606047481073 ], [ -170.71079190911928, -14.313516216000494 ], [ -170.709036850670088, -14.313474634047054 ], [ -170.707752167328636, -14.313367849446649 ], [ -170.707647806401127, -14.313246721558926 ], [ -170.707347695439779, -14.31337276154369 ], [ -170.707198648998428, -14.313156890078346 ], [ -170.707008864167733, -14.313108180098368 ], [ -170.706929153657484, -14.312797564156199 ], [ -170.706839322176961, -14.312797564156199 ], [ -170.706839322176961, -14.312707732675676 ], [ -170.706839322176961, -14.312617901195154 ], [ -170.70674949069641, -14.312617901195154 ], [ -170.70674949069641, -14.312528069714574 ], [ -170.706659659215859, -14.312528069714574 ], [ -170.706659659215859, -14.312258574373686 ], [ -170.706697973932336, -14.312117226129033 ], [ -170.70687763689341, -14.311670272964705 ], [ -170.706371446285203, -14.311311089135415 ], [ -170.706030838852115, -14.311270428087767 ], [ -170.705803737552429, -14.311402653609548 ], [ -170.70526560392446, -14.311844178466004 ], [ -170.704503702783626, -14.311899248451482 ], [ -170.704354941427368, -14.31211470353071 ], [ -170.703790840774644, -14.31225947369569 ], [ -170.703605387978257, -14.312528069714574 ], [ -170.703605387978257, -14.312617901195154 ], [ -170.703515556497706, -14.312617901195154 ], [ -170.703515556497706, -14.312707732675676 ], [ -170.703425725017155, -14.312707732675676 ], [ -170.703425725017155, -14.312797564156199 ], [ -170.703335893536632, -14.312797564156199 ], [ -170.703335893536632, -14.312887395636778 ], [ -170.703156230575559, -14.312887395636778 ], [ -170.70291691378452, -14.312917573287336 ], [ -170.702796903754091, -14.312977227117301 ], [ -170.702616353162142, -14.313425507680961 ], [ -170.702168083390319, -14.313606047481073 ], [ -170.702168083390319, -14.313695878961596 ], [ -170.702168083390319, -14.313785710442119 ], [ -170.702078251909768, -14.313785710442119 ], [ -170.70202963006335, -14.314370624104981 ], [ -170.702078251909768, -14.314684026146836 ], [ -170.702117388606581, -14.31581270948891 ], [ -170.702168083390319, -14.316121329835482 ], [ -170.702272159232734, -14.316754910310806 ], [ -170.702168083390319, -14.317019645540142 ], [ -170.702208569070166, -14.317276485621278 ], [ -170.702367989191316, -14.317897717505616 ], [ -170.702615354914684, -14.318068520345889 ], [ -170.702727183812442, -14.318567352701109 ], [ -170.70257297256461, -14.318979511994826 ], [ -170.702364194951599, -14.31928188205319 ], [ -170.702257914870842, -14.319355264933506 ], [ -170.702206265906426, -14.319669675115392 ], [ -170.702257914870842, -14.319984085297278 ], [ -170.70221299913058, -14.320099138264595 ], [ -170.702168083390319, -14.319984085297278 ], [ -170.702048490645296, -14.319923576212034 ], [ -170.701839505288916, -14.319507557028089 ], [ -170.701808757468143, -14.319355264933506 ], [ -170.70176294240585, -14.319311248515248 ], [ -170.701674909569391, -14.319219618390605 ], [ -170.70148664908956, -14.319038749438675 ], [ -170.701137718430942, -14.318319504941144 ], [ -170.70025298968369, -14.316602112797227 ], [ -170.699471339430744, -14.31535956089499 ], [ -170.699339289276764, -14.314817874045616 ], [ -170.698978165609816, -14.314011188465543 ], [ -170.698889451986588, -14.313466234379177 ], [ -170.6987086702689, -14.313292536621248 ], [ -170.698530805951918, -14.313021243535502 ], [ -170.698282793616016, -14.312782957367517 ], [ -170.698141576672384, -14.312059601169608 ], [ -170.697937262394703, -14.311662991154094 ], [ -170.696992101004639, -14.311043315996187 ], [ -170.696525771047476, -14.311052834420707 ], [ -170.696285018039134, -14.310685624142195 ], [ -170.696013724953417, -14.310328095964792 ], [ -170.695879877054665, -14.310102617941425 ], [ -170.695640560263627, -14.309982608810287 ], [ -170.69561038261304, -14.309922954980323 ], [ -170.695222830569151, -14.309697324072204 ], [ -170.695118831169083, -14.308258549992047 ], [ -170.695071393729819, -14.307946661509163 ], [ -170.695018252790106, -14.307909970069034 ], [ -170.694442572466727, -14.307048346703766 ], [ -170.694070307098968, -14.306941912838965 ], [ -170.693604273018764, -14.306359948952434 ], [ -170.69354425766133, -14.306150030999106 ], [ -170.693276572655662, -14.306103448815065 ], [ -170.692694159108129, -14.305761086804694 ], [ -170.692645941956641, -14.305700873596379 ], [ -170.692525932825504, -14.305760527426344 ], [ -170.691657795670693, -14.305790705076959 ], [ -170.691371063024121, -14.305754551431335 ], [ -170.691298469748546, -14.305611042115856 ], [ -170.691208638268023, -14.305611042115856 ], [ -170.691208638268023, -14.305521210635334 ], [ -170.691118806787472, -14.305521210635334 ], [ -170.691118806787472, -14.305431379154754 ], [ -170.690999499127543, -14.305371023853638 ], [ -170.690939142927078, -14.305251716193709 ], [ -170.690544024886805, -14.305150315834339 ], [ -170.69048998552438, -14.305072053232607 ], [ -170.690310322563306, -14.305072053232607 ], [ -170.690220491082783, -14.305072053232607 ], [ -170.690220491082783, -14.304982221752084 ], [ -170.690080984649683, -14.304911645655864 ], [ -170.690040828121681, -14.304712727310459 ], [ -170.689950996641159, -14.304712727310459 ], [ -170.689950996641159, -14.304533064349414 ], [ -170.689950996641159, -14.304443231969515 ], [ -170.689861165160607, -14.304443231969515 ], [ -170.689861165160607, -14.304353400488992 ], [ -170.689861165160607, -14.304263569008469 ], [ -170.689771333680085, -14.304263569008469 ], [ -170.689771333680085, -14.304173737527947 ], [ -170.689559365272459, -14.303708197175524 ], [ -170.68968520830569, -14.302856629130076 ], [ -170.689591670719011, -14.30228727553731 ], [ -170.689394045598704, -14.302232238826718 ], [ -170.688929075416468, -14.301951767260221 ], [ -170.68810366055547, -14.301619318476696 ], [ -170.688064534650522, -14.301568623692958 ], [ -170.687565767945813, -14.301506239521302 ], [ -170.687256051325676, -14.301119466290288 ], [ -170.687106566015188, -14.30108928863973 ], [ -170.686866546853622, -14.300969980979801 ], [ -170.686537398582061, -14.300939803329186 ], [ -170.686357735620987, -14.300939803329186 ], [ -170.685977596688701, -14.30100225315141 ], [ -170.685818746737738, -14.300939803329186 ], [ -170.685172600035429, -14.301226634901241 ], [ -170.684751711921933, -14.301340700412936 ], [ -170.684466624135382, -14.3010098083559 ], [ -170.684561105110873, -14.300400813546673 ], [ -170.684271608847638, -14.299867483197772 ], [ -170.684060430944101, -14.299622365779499 ], [ -170.683355420016596, -14.29903919500282 ], [ -170.682602817865728, -14.298833214281387 ], [ -170.682225485717566, -14.298783846896981 ], [ -170.681866159795419, -14.298783846896981 ], [ -170.681866159795419, -14.298873678377504 ], [ -170.681776328314868, -14.298873678377504 ], [ -170.681559973913636, -14.299016649898419 ], [ -170.68141700239272, -14.299053341338606 ], [ -170.68141700239272, -14.299143172819129 ], [ -170.681327170912169, -14.299143172819129 ], [ -170.681265893805914, -14.299264289915016 ], [ -170.680668171998519, -14.299562152571241 ], [ -170.680428855207481, -14.299592330221799 ], [ -170.68033902372693, -14.299592330221799 ], [ -170.680178660216967, -14.299792586758429 ], [ -170.679957810104838, -14.299901773448028 ], [ -170.67935087744101, -14.299143172819129 ], [ -170.67871819628769, -14.298797795381915 ], [ -170.678632224697395, -14.298155025633889 ], [ -170.678542393216844, -14.298155025633889 ], [ -170.678542393216844, -14.297885531192264 ], [ -170.678542393216844, -14.297795699711742 ], [ -170.678452561736322, -14.297795699711742 ], [ -170.678014479484602, -14.297543125115112 ], [ -170.677692327938558, -14.29702878754847 ], [ -170.677595828884364, -14.296945645225321 ], [ -170.677184657046269, -14.296232508923083 ], [ -170.677105089528226, -14.295280417357333 ], [ -170.677170971163349, -14.294661333953343 ], [ -170.678353124596981, -14.294201002474267 ], [ -170.679530540402084, -14.293573618327798 ], [ -170.679612059448971, -14.293475474413583 ], [ -170.679977461190845, -14.293171964014903 ], [ -170.680388084442512, -14.292993869471445 ], [ -170.680559457452972, -14.29289572555723 ], [ -170.681287562071304, -14.292579955600445 ], [ -170.681675947786744, -14.292112398068696 ], [ -170.682274546433149, -14.292005723185525 ], [ -170.682623082289382, -14.291874758513245 ], [ -170.682715413885205, -14.29145842186864 ], [ -170.682838296350269, -14.291243865212152 ], [ -170.682445919443609, -14.290748081558661 ], [ -170.682274546433149, -14.2904702746834 ], [ -170.681992594582539, -14.290078501221785 ], [ -170.681735557549928, -14.289661791358526 ], [ -170.681547604638212, -14.289400608451274 ], [ -170.681506833873271, -14.289261705463275 ], [ -170.68141700239272, -14.289261705463275 ], [ -170.68141700239272, -14.289171873982752 ], [ -170.681327170912169, -14.289171873982752 ], [ -170.681327170912169, -14.28908204250223 ], [ -170.681237339431647, -14.28908204250223 ], [ -170.681237339431647, -14.28899221102165 ], [ -170.680967844090702, -14.288812548060605 ], [ -170.680692888965638, -14.28875257587066 ], [ -170.679919868607016, -14.28896413868398 ], [ -170.679489945004917, -14.288929596623518 ], [ -170.678972996706392, -14.288739756934206 ], [ -170.678461312139802, -14.288376955132321 ], [ -170.678003404333623, -14.287644737914263 ], [ -170.677913572853072, -14.287644737914263 ], [ -170.677913572853072, -14.287554906433741 ], [ -170.677374583969851, -14.286926086069968 ], [ -170.6772847524893, -14.286926086069968 ], [ -170.6772847524893, -14.286836254589446 ], [ -170.677051948588542, -14.286799563149259 ], [ -170.676725519866835, -14.286587002088424 ], [ -170.676258313070662, -14.286412175681335 ], [ -170.676116942342986, -14.286207433326354 ], [ -170.67588413934152, -14.286170741886167 ], [ -170.675557074799144, -14.2859577545467 ], [ -170.675277491762813, -14.285467946888218 ], [ -170.675389013092456, -14.284970451824847 ], [ -170.675757616420839, -14.284770129637707 ], [ -170.675822424265448, -14.284295947699775 ], [ -170.676626061143793, -14.284186114397642 ], [ -170.676968630897562, -14.284004850643271 ], [ -170.677151715779019, -14.283918440183811 ], [ -170.677980990530273, -14.28334779336592 ], [ -170.679217840730729, -14.283199788339516 ], [ -170.680189122030328, -14.283030663634179 ], [ -170.680858778809579, -14.282795952271329 ], [ -170.681215692749987, -14.282550351917166 ], [ -170.681377459202366, -14.281534856348514 ], [ -170.681911141186191, -14.280663254105832 ], [ -170.682268690947296, -14.279692937778805 ], [ -170.68236194344891, -14.279516695838822 ], [ -170.68244835390837, -14.279220807194463 ], [ -170.682263580999432, -14.27869363900021 ], [ -170.681635045720753, -14.278287763269589 ], [ -170.681656077266126, -14.277756603884143 ], [ -170.681100880800983, -14.277540402367606 ], [ -170.680630954454955, -14.277252671473548 ], [ -170.680656175941749, -14.276616405622576 ], [ -170.681594954843263, -14.276173344724043 ], [ -170.6822337316014, -14.276198665136235 ], [ -170.682897511311069, -14.276372593120641 ], [ -170.685123275818484, -14.276506078592604 ], [ -170.686852116332062, -14.276437553849973 ], [ -170.687627395787672, -14.276756010981103 ], [ -170.688070127534331, -14.277441611840857 ], [ -170.688470486823491, -14.277536981346543 ], [ -170.688738512672188, -14.277630913735607 ], [ -170.689800601216746, -14.277142773420223 ], [ -170.69053319075411, -14.276638665641883 ], [ -170.690847469634974, -14.276435712038449 ], [ -170.691609512868695, -14.276465922064631 ], [ -170.691935273394137, -14.276241760648702 ], [ -170.692357872018164, -14.275785661379132 ], [ -170.693270004007445, -14.275116629628712 ], [ -170.694129872795372, -14.275025120013254 ], [ -170.695161225210342, -14.27479883080133 ], [ -170.695161225210342, -14.274708999320808 ], [ -170.695251056690893, -14.274708999320808 ], [ -170.695502227445814, -14.274644542211831 ], [ -170.696006399975346, -14.274206700978425 ], [ -170.696498982042357, -14.273938994389027 ], [ -170.697496844603677, -14.27390051509667 ], [ -170.697496844603677, -14.273810683616091 ], [ -170.6975866760842, -14.273810683616091 ], [ -170.698439800856107, -14.273857387208579 ], [ -170.698799401071483, -14.273843142846715 ], [ -170.699160196485849, -14.273857442067253 ], [ -170.699371539864643, -14.273745613169467 ], [ -170.699516343304566, -14.272686078699508 ], [ -170.699727005896591, -14.272586652352061 ], [ -170.700281621399682, -14.272608638977488 ], [ -170.700702026577233, -14.272591981734536 ], [ -170.701312972915332, -14.272395223560693 ], [ -170.700281621399682, -14.272436092351711 ], [ -170.699453410546425, -14.272403272492966 ], [ -170.699318114739185, -14.27113196746626 ], [ -170.699122617414844, -14.270950824221131 ], [ -170.698574822370119, -14.270846243859012 ], [ -170.698574822370119, -14.270936075339534 ], [ -170.698484990889597, -14.270936075339534 ], [ -170.697766339045273, -14.270936075339534 ], [ -170.697766339045273, -14.271025906820114 ], [ -170.697676507564751, -14.271025906820114 ], [ -170.697137518681501, -14.271025906820114 ], [ -170.697137518681501, -14.271115738300637 ], [ -170.696957854821108, -14.271115738300637 ], [ -170.696418865937886, -14.271115738300637 ], [ -170.696329034457335, -14.271115738300637 ], [ -170.696329034457335, -14.271025906820114 ], [ -170.696149371496261, -14.271025906820114 ], [ -170.696059540015739, -14.271025906820114 ], [ -170.696059540015739, -14.270936075339534 ], [ -170.695969708535188, -14.270936075339534 ], [ -170.695879877054665, -14.270936075339534 ], [ -170.695879877054665, -14.270846243859012 ], [ -170.695700214093591, -14.270846243859012 ], [ -170.694884098222531, -14.270898440510564 ], [ -170.6935852037941, -14.271238796133503 ], [ -170.692728919703853, -14.271375199006172 ], [ -170.692153579324213, -14.271611521954128 ], [ -170.691341674078956, -14.271697932413588 ], [ -170.691255264518816, -14.271881016395753 ], [ -170.691154696931704, -14.272071075519648 ], [ -170.690472495509226, -14.272044033805059 ], [ -170.689814691794567, -14.271813478209424 ], [ -170.687317963353308, -14.271693633654252 ], [ -170.686896724504209, -14.271710323272771 ], [ -170.685653799383317, -14.271661065605656 ], [ -170.68541621558586, -14.271469219528797 ], [ -170.685685710027457, -14.271342027512503 ], [ -170.685728915257215, -14.271295401261739 ], [ -170.68566926142725, -14.271265223611124 ], [ -170.685548549925613, -14.271026608291265 ], [ -170.685369589335039, -14.270936075339534 ], [ -170.684940673872973, -14.270826001019088 ], [ -170.684830599552498, -14.270666580897966 ], [ -170.684740768071975, -14.270666580897966 ], [ -170.684740768071975, -14.270576749417387 ], [ -170.68471791539946, -14.270419938229509 ], [ -170.684134800380718, -14.269835244001285 ], [ -170.684111947708203, -14.269678433712727 ], [ -170.684022116227652, -14.269678433712727 ], [ -170.684022116227652, -14.269588602232147 ], [ -170.684022116227652, -14.269408939271102 ], [ -170.683932284747129, -14.269408939271102 ], [ -170.683932284747129, -14.269319107790523 ], [ -170.68332120620866, -14.268862997729116 ], [ -170.682464495839781, -14.268512367351832 ], [ -170.681740162978116, -14.268310662906742 ], [ -170.681686496834345, -14.26824112912476 ], [ -170.681327170912169, -14.26824112912476 ], [ -170.681327170912169, -14.268151297644238 ], [ -170.681237339431647, -14.268151297644238 ], [ -170.681057675571253, -14.268151297644238 ], [ -170.681057675571253, -14.268061466163658 ], [ -170.680878012610179, -14.268061466163658 ], [ -170.68033902372693, -14.268061466163658 ], [ -170.68033902372693, -14.267971634683136 ], [ -170.680069529285333, -14.267971634683136 ], [ -170.679710203363157, -14.267971634683136 ], [ -170.679710203363157, -14.267881803202613 ], [ -170.679620371882635, -14.267881803202613 ], [ -170.678785702098452, -14.26794079872883 ], [ -170.678552635595622, -14.267814144507099 ], [ -170.678452561736322, -14.267702140241511 ], [ -170.677733909891998, -14.267702140241511 ], [ -170.677733909891998, -14.26779197172209 ], [ -170.677644078411475, -14.26779197172209 ], [ -170.677105089528226, -14.26779197172209 ], [ -170.677105089528226, -14.267881803202613 ], [ -170.677015257148383, -14.267881803202613 ], [ -170.676745762706759, -14.267881803202613 ], [ -170.676745762706759, -14.267971634683136 ], [ -170.676655931226207, -14.267971634683136 ], [ -170.676386436784611, -14.267971634683136 ], [ -170.676386436784611, -14.268061466163658 ], [ -170.676206773823537, -14.268061466163658 ], [ -170.676027110862435, -14.268061466163658 ], [ -170.676027110862435, -14.268151297644238 ], [ -170.675847447901361, -14.268151297644238 ], [ -170.675757616420839, -14.268151297644238 ], [ -170.675757616420839, -14.26824112912476 ], [ -170.675577953459765, -14.26824112912476 ], [ -170.675488121979214, -14.26824112912476 ], [ -170.675488121979214, -14.268330960605283 ], [ -170.675398290498691, -14.268330960605283 ], [ -170.67530845901814, -14.268330960605283 ], [ -170.67530845901814, -14.268420792085863 ], [ -170.675218627537618, -14.268420792085863 ], [ -170.675128796057066, -14.268420792085863 ], [ -170.675128796057066, -14.268510624465705 ], [ -170.675038963677196, -14.268510624465705 ], [ -170.674949132196673, -14.268510624465705 ], [ -170.674949132196673, -14.268600455946228 ], [ -170.674769469235599, -14.268600455946228 ], [ -170.67468777482091, -14.268706286365955 ], [ -170.674113081053832, -14.26893221405038 ], [ -170.673047691098049, -14.269157033770057 ], [ -170.672843881340015, -14.269279971093738 ], [ -170.672703344283889, -14.269319107790523 ], [ -170.672703344283889, -14.269408939271102 ], [ -170.672523681322815, -14.269408939271102 ], [ -170.672344018361741, -14.269408939271102 ], [ -170.672344018361741, -14.269498770751625 ], [ -170.671805029478492, -14.269498770751625 ], [ -170.671805029478492, -14.269588602232147 ], [ -170.671625366517418, -14.269588602232147 ], [ -170.671535535036895, -14.269588602232147 ], [ -170.671535535036895, -14.269678433712727 ], [ -170.671445703556344, -14.269678433712727 ], [ -170.67126604059527, -14.269678433712727 ], [ -170.671226914690322, -14.269729128496465 ], [ -170.669918567487883, -14.269947928154295 ], [ -170.669828736007332, -14.269947928154295 ], [ -170.669828736007332, -14.270037759634874 ], [ -170.669649073046259, -14.270037759634874 ], [ -170.669379578604634, -14.270037759634874 ], [ -170.669379578604634, -14.270127591115397 ], [ -170.669289747124111, -14.270127591115397 ], [ -170.668152114628356, -14.270097413464839 ], [ -170.667852442536173, -14.269947928154295 ], [ -170.667762611055622, -14.269947928154295 ], [ -170.667762611055622, -14.269858096673772 ], [ -170.667209651204416, -14.269902355009606 ], [ -170.666629737772155, -14.270027835616077 ], [ -170.666055812026087, -14.270486917037545 ], [ -170.666055812026087, -14.270576749417387 ], [ -170.665965980545536, -14.270576749417387 ], [ -170.665876149065014, -14.270576749417387 ], [ -170.665876149065014, -14.270666580897966 ], [ -170.665786317584462, -14.270666580897966 ], [ -170.665426991662315, -14.270846243859012 ], [ -170.665426991662315, -14.270936075339534 ], [ -170.665337160181764, -14.270936075339534 ], [ -170.665337160181764, -14.271025906820114 ], [ -170.665247328701241, -14.271025906820114 ], [ -170.665247328701241, -14.271115738300637 ], [ -170.66515749722069, -14.271115738300637 ], [ -170.66515749722069, -14.271205569781159 ], [ -170.665067664840819, -14.271205569781159 ], [ -170.665067664840819, -14.271295401261739 ], [ -170.664977833360297, -14.271295401261739 ], [ -170.664977833360297, -14.271385232742261 ], [ -170.664798170399223, -14.271385232742261 ], [ -170.664758013871221, -14.271584151986985 ], [ -170.664618507438149, -14.271654727183886 ], [ -170.664618507438149, -14.271834390144932 ], [ -170.664528675957598, -14.271834390144932 ], [ -170.664528675957598, -14.271924221625454 ], [ -170.664438844477075, -14.271924221625454 ], [ -170.664438844477075, -14.272014053106034 ], [ -170.664349012996524, -14.272014053106034 ], [ -170.664349012996524, -14.272103884586556 ], [ -170.664349012996524, -14.272283547547659 ], [ -170.664259181515973, -14.272283547547659 ], [ -170.664259181515973, -14.272463210508704 ], [ -170.664169350035451, -14.272463210508704 ], [ -170.664169350035451, -14.272642874369126 ], [ -170.664169350035451, -14.272732705849648 ], [ -170.6640795185549, -14.272732705849648 ], [ -170.6640795185549, -14.272912368810751 ], [ -170.6640795185549, -14.273002200291273 ], [ -170.663989687074377, -14.273002200291273 ], [ -170.663952995634219, -14.273324834773234 ], [ -170.663899855593826, -14.273541189174523 ], [ -170.663899855593826, -14.273990346577193 ], [ -170.66403793660146, -14.274031917738739 ], [ -170.664134610124137, -14.274144130647073 ], [ -170.66466583605947, -14.27438117754923 ], [ -170.664772028006666, -14.275537001531347 ], [ -170.66515749722069, -14.275607314126205 ], [ -170.665337160181764, -14.275607314126205 ], [ -170.665337160181764, -14.275697145606728 ], [ -170.665426991662315, -14.275697145606728 ], [ -170.665426991662315, -14.27578697708725 ], [ -170.665516823142838, -14.27578697708725 ], [ -170.665516823142838, -14.27587680856783 ], [ -170.665516823142838, -14.275966640048352 ], [ -170.665631875210835, -14.276011555788614 ], [ -170.665516823142838, -14.276056471528875 ], [ -170.665516823142838, -14.276146303009455 ], [ -170.665403436619272, -14.276813800516436 ], [ -170.665337160181764, -14.276864955753069 ], [ -170.665337160181764, -14.277044618714115 ], [ -170.665337160181764, -14.277224281675217 ], [ -170.665247328701241, -14.277224281675217 ], [ -170.665247328701241, -14.277403944636262 ], [ -170.665247328701241, -14.277493776116842 ], [ -170.665067664840819, -14.277493776116842 ], [ -170.665037487190261, -14.277643261427329 ], [ -170.664798170399223, -14.278122596480614 ], [ -170.664798170399223, -14.278212427961137 ], [ -170.664708338918672, -14.278212427961137 ], [ -170.664537799579762, -14.278687695380768 ], [ -170.664618507438149, -14.279829395510149 ], [ -170.664708338918672, -14.279829395510149 ], [ -170.664708338918672, -14.280098889951773 ], [ -170.664798170399223, -14.280098889951773 ], [ -170.664798170399223, -14.280278552912819 ], [ -170.664888001879746, -14.280817542695388 ], [ -170.664977833360297, -14.280817542695388 ], [ -170.664977833360297, -14.281087037137013 ], [ -170.664888001879746, -14.281087037137013 ], [ -170.664888001879746, -14.281176868617536 ], [ -170.664888001879746, -14.281356531578638 ], [ -170.664798170399223, -14.281356531578638 ], [ -170.664798170399223, -14.28144636305916 ], [ -170.664708338918672, -14.28144636305916 ], [ -170.66449198451744, -14.281768997541178 ], [ -170.664438844477075, -14.281805688981308 ], [ -170.664408666826489, -14.282045005772375 ], [ -170.664349012996524, -14.282165014903455 ], [ -170.664349012996524, -14.282254846384035 ], [ -170.664438844477075, -14.282254846384035 ], [ -170.664438844477075, -14.282344677864558 ], [ -170.664438844477075, -14.28243450934508 ], [ -170.664528675957598, -14.28243450934508 ], [ -170.664528675957598, -14.282524341724923 ], [ -170.664528675957598, -14.282614173205502 ], [ -170.664618507438149, -14.282614173205502 ], [ -170.664618507438149, -14.282704004686025 ], [ -170.664618507438149, -14.282793836166547 ], [ -170.664708338918672, -14.282793836166547 ], [ -170.664708338918672, -14.283242993569274 ], [ -170.664618507438149, -14.283242993569274 ], [ -170.664618507438149, -14.283332825049797 ], [ -170.664618507438149, -14.283602319491422 ], [ -170.664528675957598, -14.283602319491422 ], [ -170.664528675957598, -14.283781982452467 ], [ -170.664528675957598, -14.283961645413569 ], [ -170.664438844477075, -14.283961645413569 ], [ -170.664438844477075, -14.284141308374615 ], [ -170.664438844477075, -14.284231139855194 ], [ -170.664349012996524, -14.284231139855194 ], [ -170.664308856468523, -14.284430059099918 ], [ -170.664169350035451, -14.284500635196139 ], [ -170.664169350035451, -14.284590466676661 ], [ -170.6640795185549, -14.284590466676661 ], [ -170.664026378514535, -14.284806821077893 ], [ -170.663989687074377, -14.285129455559854 ], [ -170.663848755215867, -14.285479383566667 ], [ -170.663568097489673, -14.285696012261099 ], [ -170.663450698191127, -14.285848107404206 ], [ -170.663450698191127, -14.285937938884729 ], [ -170.663360866710605, -14.285937938884729 ], [ -170.663360866710605, -14.286027770365251 ], [ -170.663271035230053, -14.286027770365251 ], [ -170.663240856680176, -14.286177255675739 ], [ -170.663121549919566, -14.286417274837333 ], [ -170.66309137136966, -14.286836254589446 ], [ -170.663220833274806, -14.286956208861909 ], [ -170.663044745118867, -14.288137100546692 ], [ -170.663001539889137, -14.288902379541128 ], [ -170.663001539889137, -14.28899221102165 ], [ -170.663287483830288, -14.289065593901967 ], [ -170.663360866710605, -14.289171873982752 ], [ -170.663647599357205, -14.28920802762832 ], [ -170.663720192632752, -14.289351536943855 ], [ -170.663919110978156, -14.289391693471828 ], [ -170.663989687074377, -14.2895311999049 ], [ -170.664108994734306, -14.289591555206073 ], [ -170.664169350035451, -14.289710862866002 ], [ -170.664169350035451, -14.289800694346525 ], [ -170.6640795185549, -14.289800694346525 ], [ -170.6640795185549, -14.289890525827047 ], [ -170.663989687074377, -14.289890525827047 ], [ -170.663846715553461, -14.289927217267234 ], [ -170.663630361152229, -14.29007018878815 ], [ -170.663630361152229, -14.290160020268672 ], [ -170.663540529671678, -14.290160020268672 ], [ -170.663470611879205, -14.290298244268513 ], [ -170.663152078305728, -14.290369861779652 ], [ -170.66309137136966, -14.290249851749195 ], [ -170.662861002832983, -14.29021071505241 ], [ -170.662552382486439, -14.28998035730757 ], [ -170.662462551005888, -14.28998035730757 ], [ -170.662462551005888, -14.289890525827047 ], [ -170.662372719525365, -14.289890525827047 ], [ -170.662372719525365, -14.289800694346525 ], [ -170.661797039201957, -14.289657722825609 ], [ -170.661743899161593, -14.289621031385423 ], [ -170.661654067681042, -14.289621031385423 ], [ -170.661246492231811, -14.289579460223877 ], [ -170.660910040565881, -14.289042302360315 ], [ -170.659769162416893, -14.288950639860104 ], [ -170.658878282306858, -14.28917771867674 ], [ -170.658378550629578, -14.289489628743354 ], [ -170.658099033243758, -14.289614353019942 ], [ -170.657711920069033, -14.28983033510184 ], [ -170.6573352902914, -14.289860600885959 ], [ -170.656312425677868, -14.289572771066503 ], [ -170.655856600701526, -14.289489628743354 ], [ -170.655773436794647, -14.289393108105401 ], [ -170.655455692825939, -14.289171873982752 ], [ -170.655365861345388, -14.289171873982752 ], [ -170.655186899855522, -14.289081340131702 ], [ -170.655096366004472, -14.288902379541128 ], [ -170.654729100867286, -14.288856443969678 ], [ -170.654158114105655, -14.288493170023742 ], [ -170.653968493850897, -14.288413273353854 ], [ -170.653487843089465, -14.288062160939944 ], [ -170.652720809517717, -14.287954181140492 ], [ -170.65195226328629, -14.287914232355888 ], [ -170.651592937364143, -14.288183726797513 ], [ -170.651556772027391, -14.288470459444113 ], [ -170.651413274403069, -14.28854305361898 ], [ -170.651361032785417, -14.288746643942432 ], [ -170.650986157585066, -14.288662602297222 ], [ -170.650604790178903, -14.28809389531699 ], [ -170.650077754184991, -14.288208849358853 ], [ -170.649258282943379, -14.288022684299392 ], [ -170.648586914754276, -14.287776140556389 ], [ -170.648310752739008, -14.28769299823324 ], [ -170.64772077319509, -14.287444536236308 ], [ -170.646676766419603, -14.287207358033129 ], [ -170.646292877314409, -14.286926086069968 ], [ -170.646203045833857, -14.286926086069968 ], [ -170.646203045833857, -14.286836254589446 ], [ -170.646113214353335, -14.286836254589446 ], [ -170.646113214353335, -14.286746423108866 ], [ -170.646023382872784, -14.286746423108866 ], [ -170.646023382872784, -14.286656591628343 ], [ -170.644945404207022, -14.286476927767978 ], [ -170.64485557272647, -14.286476927767978 ], [ -170.644765741245948, -14.286476927767978 ], [ -170.643867426440551, -14.286476927767978 ], [ -170.643687763479477, -14.286476927767978 ], [ -170.64309942789626, -14.286382085264961 ], [ -170.64234029037209, -14.286476927767978 ], [ -170.641980964449914, -14.286476927767978 ], [ -170.64144809455388, -14.286543500981736 ], [ -170.641042711651806, -14.286247382110957 ], [ -170.640763260815817, -14.28607765396049 ], [ -170.64072332282305, -14.286027770365251 ], [ -170.640146567809836, -14.285981604567326 ], [ -170.639983638534062, -14.285704411929032 ], [ -170.639842246222656, -14.284892024647149 ], [ -170.639253494253325, -14.284420540675342 ], [ -170.63920759195679, -14.284051476894092 ], [ -170.639265732227727, -14.283583940946073 ], [ -170.639066418180619, -14.282833784051832 ], [ -170.638915046991798, -14.282440025786514 ], [ -170.639056461786254, -14.281303095661315 ], [ -170.638570721761369, -14.280541972434037 ], [ -170.63793185686967, -14.280135526533286 ], [ -170.637399557143823, -14.279919226990671 ], [ -170.636554600914081, -14.279859507510196 ], [ -170.636458606379563, -14.279966950414405 ], [ -170.636278943418489, -14.279956247582732 ], [ -170.636189352956251, -14.280056496809834 ], [ -170.635962252555885, -14.280188721432296 ], [ -170.635782589594811, -14.280188721432296 ], [ -170.635782589594811, -14.280278552912819 ], [ -170.635602926633737, -14.280278552912819 ], [ -170.635513095153186, -14.280278552912819 ], [ -170.635513095153186, -14.280368384393398 ], [ -170.635333432192112, -14.280368384393398 ], [ -170.635333432192112, -14.280458215873921 ], [ -170.63524360071159, -14.280458215873921 ], [ -170.635153769231039, -14.280458215873921 ], [ -170.635153769231039, -14.280548048253763 ], [ -170.634974105370645, -14.280548048253763 ], [ -170.634943226248879, -14.280609105026144 ], [ -170.634584601797911, -14.28078736504483 ], [ -170.634435116487396, -14.280817542695388 ], [ -170.634435116487396, -14.280907374175911 ], [ -170.634345285006873, -14.280907374175911 ], [ -170.634165622045799, -14.28099720565649 ], [ -170.634057148518565, -14.281127797110116 ], [ -170.633520353081792, -14.280919502433051 ], [ -170.633242985075668, -14.280469818027655 ], [ -170.632907980418935, -14.280278552912819 ], [ -170.632728317457861, -14.280278552912819 ], [ -170.632410573489153, -14.280409955554944 ], [ -170.631529474405681, -14.280910883330534 ], [ -170.630979936474859, -14.280679450895889 ], [ -170.629838839790608, -14.28053015174504 ], [ -170.629316583693367, -14.28015984869802 ], [ -170.629086807809898, -14.28005731879017 ], [ -170.628860407981421, -14.279931004512207 ], [ -170.628775730515514, -14.279649732549046 ], [ -170.628685899034991, -14.279649732549046 ], [ -170.628685899034991, -14.279559901068524 ], [ -170.62859606755444, -14.279559901068524 ], [ -170.62859606755444, -14.279200575146376 ], [ -170.628204875054905, -14.278512473271974 ], [ -170.628033305092941, -14.277757283771564 ], [ -170.627618162747979, -14.276771505400632 ], [ -170.627469840260886, -14.276643721630421 ], [ -170.627068931485979, -14.276056471528875 ], [ -170.626479237027127, -14.275658008909943 ], [ -170.626131490775663, -14.275376956381365 ], [ -170.625850416663383, -14.275208851507273 ], [ -170.625164267217144, -14.274696695695923 ], [ -170.625092638014792, -14.274439503979863 ], [ -170.625002806534269, -14.274439503979863 ], [ -170.624823143573195, -14.274439503979863 ], [ -170.624247528900298, -14.274294515279621 ], [ -170.624067800288714, -14.274022081853559 ], [ -170.624194323209423, -14.273720852135568 ], [ -170.624253977039388, -14.273600843004431 ], [ -170.624284154689946, -14.273451357693943 ], [ -170.62419090218836, -14.273141597007054 ], [ -170.62378005860279, -14.272787643634786 ], [ -170.623490540755824, -14.272451587670616 ], [ -170.622951639106844, -14.272029547525563 ], [ -170.621620834034246, -14.271533270144232 ], [ -170.621181633925232, -14.271433493061238 ], [ -170.620363478391795, -14.271209583455459 ], [ -170.619409851683287, -14.271064264704023 ], [ -170.618846014531925, -14.270894504177988 ], [ -170.618583186764624, -14.270797983540035 ], [ -170.61844510575699, -14.270756412378489 ], [ -170.618355274276468, -14.270756412378489 ], [ -170.618355274276468, -14.270666580897966 ], [ -170.61823526514533, -14.270726233828555 ], [ -170.617876991429995, -14.270786590029047 ], [ -170.617816285393218, -14.270666580897966 ], [ -170.617636622432144, -14.270666580897966 ], [ -170.617037979718958, -14.270366907906407 ], [ -170.617007801169052, -14.270307254076442 ], [ -170.616954661128688, -14.270270562636313 ], [ -170.616558643766382, -14.269678433712727 ], [ -170.616143721755321, -14.26959921693026 ], [ -170.615678817223596, -14.268773330824501 ], [ -170.615344207369247, -14.268557250716526 ], [ -170.614695494901127, -14.268110866823008 ], [ -170.61412406927036, -14.26808822279321 ], [ -170.611814789221114, -14.268204887345632 ], [ -170.611168752236097, -14.268600455946228 ], [ -170.611138311983495, -14.268841878050182 ], [ -170.610869080143914, -14.269378761620487 ], [ -170.610809426313949, -14.269408939271102 ], [ -170.610779248663363, -14.269648256062112 ], [ -170.610719594833398, -14.26976826519325 ], [ -170.610719594833398, -14.269858096673772 ], [ -170.610629763352875, -14.269858096673772 ], [ -170.610511618516341, -14.269990322195554 ], [ -170.60973318064174, -14.269658344656818 ], [ -170.608880571181373, -14.269271669451939 ], [ -170.608743301362239, -14.26922927631 ], [ -170.608653469881716, -14.26922927631 ], [ -170.60819887337928, -14.269359253526659 ], [ -170.60755829797705, -14.269872220526508 ], [ -170.607088349147972, -14.270610907467358 ], [ -170.607029309554974, -14.271085440140894 ], [ -170.607256103286517, -14.27147125919123 ], [ -170.607092888925649, -14.271764461560622 ], [ -170.606457576356036, -14.27188427374017 ], [ -170.605599198644086, -14.271924221625454 ], [ -170.605329704202461, -14.272103884586556 ], [ -170.605282265863849, -14.272146278627815 ], [ -170.605017815719606, -14.272600480327867 ], [ -170.604502929566507, -14.273337620434802 ], [ -170.604326489775644, -14.274282869059107 ], [ -170.604167727958242, -14.274424733514593 ], [ -170.603679334933332, -14.275054946928208 ], [ -170.603589613170072, -14.276560305014016 ], [ -170.60382724103431, -14.277581677652279 ], [ -170.603939837053815, -14.277895496080248 ], [ -170.603982231095074, -14.278032765000034 ], [ -170.604120574704723, -14.27818759048489 ], [ -170.604818391955206, -14.278507867843757 ], [ -170.605344441392816, -14.279449113585656 ], [ -170.606359257074018, -14.280039938492337 ], [ -170.606380838105167, -14.280401939897558 ], [ -170.606222974710477, -14.280542992265225 ], [ -170.605854613299726, -14.280955261276233 ], [ -170.604838152758504, -14.281583632878323 ], [ -170.604611051458818, -14.281626026020263 ], [ -170.604611051458818, -14.281715857500785 ], [ -170.604521219978295, -14.281715857500785 ], [ -170.604521219978295, -14.281805688981308 ], [ -170.604431388497744, -14.281805688981308 ], [ -170.604431388497744, -14.281895520461831 ], [ -170.604341557017221, -14.281895520461831 ], [ -170.604281201716049, -14.28201482812176 ], [ -170.604161894056148, -14.282075183422933 ], [ -170.603806998194386, -14.282349108824292 ], [ -170.60344216752199, -14.28282176551204 ], [ -170.603123041295305, -14.283012635824434 ], [ -170.602505800602188, -14.283473351314058 ], [ -170.601841494789113, -14.283586200043032 ], [ -170.601538094107724, -14.283541360745176 ], [ -170.601377117260114, -14.283332825049797 ], [ -170.601287285779591, -14.283332825049797 ], [ -170.601287285779591, -14.283242993569274 ], [ -170.600296682545832, -14.282944746902501 ], [ -170.600093596742056, -14.282489612605502 ], [ -170.600029644152727, -14.28243450934508 ], [ -170.599939812672176, -14.28243450934508 ], [ -170.599939812672176, -14.282344677864558 ], [ -170.599889107096601, -14.282305541167773 ], [ -170.599436132971135, -14.282200588486319 ], [ -170.59913132844801, -14.281805688981308 ], [ -170.598812773290831, -14.281764929008204 ], [ -170.598162153360676, -14.281487517834648 ], [ -170.598053350681568, -14.281356531578638 ], [ -170.597963519201016, -14.281356531578638 ], [ -170.597873687720494, -14.281356531578638 ], [ -170.597873687720494, -14.281266700098058 ], [ -170.597640884719027, -14.281140177177406 ], [ -170.597186924037288, -14.280840186725186 ], [ -170.59672098888251, -14.280735737664088 ], [ -170.596399691692397, -14.280870682735781 ], [ -170.596166888690931, -14.280907374175911 ], [ -170.596077057210408, -14.280907374175911 ], [ -170.596077057210408, -14.280458215873921 ], [ -170.596077057210408, -14.280368384393398 ], [ -170.595987225729857, -14.280368384393398 ], [ -170.595987225729857, -14.280278552912819 ], [ -170.595807562768783, -14.280278552912819 ], [ -170.595807562768783, -14.280188721432296 ], [ -170.595807562768783, -14.280098889951773 ], [ -170.595717731288232, -14.280098889951773 ], [ -170.59562789980771, -14.280098889951773 ], [ -170.59562789980771, -14.280009058471251 ], [ -170.595356803673525, -14.279895201602244 ], [ -170.594872555623908, -14.279776255469756 ], [ -170.594819415583544, -14.279739564029626 ], [ -170.594549921141919, -14.279739564029626 ], [ -170.59410076373922, -14.279739564029626 ], [ -170.59410076373922, -14.279829395510149 ], [ -170.593741437817073, -14.279829395510149 ], [ -170.593741437817073, -14.279739564029626 ], [ -170.593651606336522, -14.279739564029626 ], [ -170.593382111894925, -14.279739564029626 ], [ -170.593382111894925, -14.279649732549046 ], [ -170.592921396405302, -14.279571469947314 ], [ -170.592483796190209, -14.279470069588001 ], [ -170.59203463878751, -14.279470069588001 ], [ -170.591226155462664, -14.279470069588001 ], [ -170.590689534494402, -14.279110217562447 ], [ -170.590224344877583, -14.278419406930027 ], [ -170.590148176796902, -14.278122596480614 ], [ -170.590058345316351, -14.278122596480614 ], [ -170.590058345316351, -14.277942933519512 ], [ -170.590016763362911, -14.277804841720013 ], [ -170.589920264308716, -14.277721699396864 ], [ -170.589795451898567, -14.277441995851404 ], [ -170.589160029611662, -14.277044618714115 ], [ -170.588836583941173, -14.277008738462484 ], [ -170.588327969660043, -14.276847914499626 ], [ -170.58779292880061, -14.276982716579084 ], [ -170.587632894442493, -14.276685292791967 ], [ -170.587359561694399, -14.276607139008206 ], [ -170.587233630527606, -14.276465933755787 ], [ -170.587453231481419, -14.275697145606728 ], [ -170.587400091441026, -14.275480791205496 ], [ -170.587363400000868, -14.275247988204057 ], [ -170.587150838940033, -14.275101222443425 ], [ -170.587004073179401, -14.27488866228191 ], [ -170.586335250071699, -14.27484131207683 ], [ -170.585877845885847, -14.274577596678682 ], [ -170.584979925882834, -14.273919683246731 ], [ -170.584379725543869, -14.273584810790339 ], [ -170.583367739129841, -14.273491832581954 ], [ -170.582560746880944, -14.273133602933399 ], [ -170.581614182548464, -14.273092031771796 ], [ -170.581591329875948, -14.273159010579832 ], [ -170.581367540779354, -14.273204715924862 ], [ -170.581232003953801, -14.273338673540877 ], [ -170.580985361285371, -14.273361526213421 ], [ -170.580985361285371, -14.273451357693943 ], [ -170.580805698324298, -14.273451357693943 ], [ -170.580715866843747, -14.273631020655046 ], [ -170.580715866843747, -14.273720852135568 ], [ -170.580626035363224, -14.273720852135568 ], [ -170.580626035363224, -14.273810683616091 ], [ -170.580626035363224, -14.273990346577193 ], [ -170.580536203882673, -14.273990346577193 ], [ -170.580486309495569, -14.27447944197263 ], [ -170.579997214999452, -14.274529336359763 ], [ -170.578838374691202, -14.274476941857358 ], [ -170.578514994671252, -14.274489760793756 ], [ -170.57817117396047, -14.274476129769539 ], [ -170.576919344651998, -14.273912073183567 ], [ -170.576789422293984, -14.27309646183221 ], [ -170.576400532958189, -14.272736126870711 ], [ -170.576314122498729, -14.272642874369126 ], [ -170.575984382473251, -14.27255104639363 ], [ -170.575100321922292, -14.271891182332126 ], [ -170.575056480871865, -14.271834390144932 ], [ -170.574906995561378, -14.271804212494374 ], [ -170.57478698643024, -14.271744558664409 ], [ -170.574477554895225, -14.271604843588591 ], [ -170.574108271679364, -14.271524947818023 ], [ -170.573449558750099, -14.271271748192589 ], [ -170.572541198517484, -14.271385232742261 ], [ -170.571912378153712, -14.271385232742261 ], [ -170.571612706061501, -14.271235747431774 ], [ -170.571463220751014, -14.271205569781159 ], [ -170.571377534245784, -14.271305040195386 ], [ -170.570383685358763, -14.271426803903807 ], [ -170.568863084663604, -14.271304623809272 ], [ -170.568003917346886, -14.271117229376614 ], [ -170.567193240575563, -14.270819519605084 ], [ -170.567061475506648, -14.270666580897966 ], [ -170.566918503985733, -14.27062988945778 ], [ -170.566665458144342, -14.270523608477731 ], [ -170.566127368583153, -14.270385516678232 ], [ -170.566031395632365, -14.270246537247829 ], [ -170.565767143338974, -14.270074451075004 ], [ -170.565624171818058, -14.270037759634874 ], [ -170.565534340337507, -14.270037759634874 ], [ -170.565534340337507, -14.269947928154295 ], [ -170.565391368816591, -14.269911236714165 ], [ -170.564904159299488, -14.269690418977632 ], [ -170.565048490595331, -14.269102753389291 ], [ -170.565085182035489, -14.268420792085863 ], [ -170.564995350554966, -14.268420792085863 ], [ -170.564995350554966, -14.268151297644238 ], [ -170.564911506760609, -14.268086588725055 ], [ -170.564815687593892, -14.267522477280465 ], [ -170.56469934140145, -14.267429312013121 ], [ -170.564546193152268, -14.266893656916693 ], [ -170.564471669931606, -14.266836129983346 ], [ -170.564280186281536, -14.266368264883454 ], [ -170.56403227197174, -14.264893907327917 ], [ -170.56364787834687, -14.263929216260294 ], [ -170.563594738306506, -14.263712861859062 ], [ -170.563558046866348, -14.263300395896522 ], [ -170.56352135542619, -14.262708266972879 ], [ -170.563341055745099, -14.262126576480284 ], [ -170.563079785603605, -14.26172535024466 ], [ -170.562900276426575, -14.261601415572841 ], [ -170.562612798242014, -14.26107243794263 ], [ -170.562569899681108, -14.26069528206159 ], [ -170.562451338458487, -14.260600351425012 ], [ -170.562162017563026, -14.260124009315518 ], [ -170.56212074227841, -14.259886797837396 ], [ -170.562030910797858, -14.259886797837396 ], [ -170.562030910797858, -14.259707134876351 ], [ -170.561980205222255, -14.259398503737884 ], [ -170.561941079317336, -14.258808820070954 ], [ -170.562030910797858, -14.258449493249486 ], [ -170.562070036702806, -14.258398799365068 ], [ -170.562189519730538, -14.257883221633335 ], [ -170.562953832853083, -14.257306291252291 ], [ -170.563058182988726, -14.257051326257681 ], [ -170.563108888564329, -14.257012189560839 ], [ -170.563335989864015, -14.256700301078013 ], [ -170.564111708188761, -14.255279324581124 ], [ -170.56418686723012, -14.25503589608968 ], [ -170.564125414756063, -14.253794900913874 ], [ -170.564661619338239, -14.251507179412727 ], [ -170.564725856113341, -14.250903646186259 ], [ -170.564079314608648, -14.250149025956716 ], [ -170.563965622315578, -14.249459301705372 ], [ -170.564477700785233, -14.248805446014501 ], [ -170.564587775105707, -14.248399306782517 ], [ -170.56438137799816, -14.2480293994372 ], [ -170.564083679018552, -14.247772910091669 ], [ -170.563818571469881, -14.247465210650887 ], [ -170.56324425002208, -14.247052810338857 ], [ -170.562839394122705, -14.246142575019803 ], [ -170.562364050260697, -14.245868508424905 ], [ -170.562258823286044, -14.245692047050284 ], [ -170.562738618792196, -14.245562014974951 ], [ -170.563114042578974, -14.24577147157612 ], [ -170.56319872004488, -14.246052743539224 ], [ -170.563415075345432, -14.246105883579617 ], [ -170.563737709827421, -14.246142575019803 ], [ -170.564237572805723, -14.246181711716588 ], [ -170.564560141637202, -14.246308519722334 ], [ -170.564885583802635, -14.246776506230731 ], [ -170.565289956766065, -14.247088635731927 ], [ -170.565817958631868, -14.247200047344279 ], [ -170.566432655142904, -14.24749004812719 ], [ -170.56657481547532, -14.247527550755819 ], [ -170.566689560874494, -14.247962486279675 ], [ -170.567070314043718, -14.248183237466378 ], [ -170.56790575184894, -14.24835072900288 ], [ -170.568910434868656, -14.248425866460536 ], [ -170.569037768977836, -14.24847819441311 ], [ -170.56952660087191, -14.248561238710124 ], [ -170.569936084682524, -14.248747689754055 ], [ -170.571421637898254, -14.248706118592452 ], [ -170.572319668517849, -14.248497406629951 ], [ -170.573853778828806, -14.248263638655942 ], [ -170.574860544678359, -14.247893928262158 ], [ -170.575701509716879, -14.24742472497104 ], [ -170.576260477938689, -14.246775913577494 ], [ -170.57683157531693, -14.246821794290327 ], [ -170.576942942862502, -14.246951059243941 ], [ -170.577122605823575, -14.246951059243941 ], [ -170.577382911891846, -14.247023542802197 ], [ -170.577567334065179, -14.247474114838496 ], [ -170.577661595606116, -14.248029037010383 ], [ -170.577751427086667, -14.248029037010383 ], [ -170.577751427086667, -14.248118868490963 ], [ -170.577811080916632, -14.248149046141521 ], [ -170.577931090047741, -14.248388362932531 ], [ -170.578020921528292, -14.248388362932531 ], [ -170.578020921528292, -14.24847819441311 ], [ -170.578110753008815, -14.24847819441311 ], [ -170.578110753008815, -14.248568026792952 ], [ -170.578470078930962, -14.248837521234577 ], [ -170.578828352646326, -14.249017184195623 ], [ -170.578919236333661, -14.249196847156725 ], [ -170.579152039335128, -14.249323370077434 ], [ -170.579584749036911, -14.249609313119265 ], [ -170.579818363226849, -14.249696720926863 ], [ -170.579907383518901, -14.249825667520497 ], [ -170.579997214999452, -14.249825667520497 ], [ -170.579997214999452, -14.24991549900102 ], [ -170.580088998008819, -14.249972060961795 ], [ -170.580231816644982, -14.250391127948149 ], [ -170.580266709441048, -14.250813814705737 ], [ -170.580406435308703, -14.250853762591021 ], [ -170.580646102835345, -14.251153073155763 ], [ -170.58127430986147, -14.251656127827971 ], [ -170.582391303815598, -14.251818694676956 ], [ -170.582961654756531, -14.251981623952759 ], [ -170.58315467444865, -14.251815328514567 ], [ -170.583362563531466, -14.251574037711634 ], [ -170.583805931098823, -14.251192056068476 ], [ -170.584246579116297, -14.251227465075431 ], [ -170.584466706173515, -14.252036167834831 ], [ -170.58478982269213, -14.252916049236262 ], [ -170.585416494575526, -14.253673663308859 ], [ -170.586121746521371, -14.2542812650683 ], [ -170.585951448200746, -14.255061983623591 ], [ -170.586019413565054, -14.255907673700108 ], [ -170.58585646270555, -14.256503038384494 ], [ -170.585974344940041, -14.256604603319715 ], [ -170.58605750884692, -14.257258305226571 ], [ -170.585811415664267, -14.257470306009793 ], [ -170.585413796609402, -14.25802405456642 ], [ -170.585165860715875, -14.258677417428828 ], [ -170.585117611188764, -14.258718988590431 ], [ -170.585117611188764, -14.258808820070954 ], [ -170.585050435429224, -14.25975911299264 ], [ -170.585272009495611, -14.260476635288455 ], [ -170.586089002205654, -14.261391004790994 ], [ -170.586687141298512, -14.261551202825729 ], [ -170.587051511518013, -14.261635990908189 ], [ -170.587315961662284, -14.261730866686094 ], [ -170.587680331881785, -14.261815653869292 ], [ -170.588135235952336, -14.261978868230131 ], [ -170.59038591437843, -14.262119175059809 ], [ -170.590878145709837, -14.261893258167277 ], [ -170.591268548604603, -14.261456327047824 ], [ -170.591315986943215, -14.261413933905885 ], [ -170.591517647321552, -14.260489355299455 ], [ -170.59133403633669, -14.259647569179947 ], [ -170.591606030893587, -14.258739527307284 ], [ -170.591716894818802, -14.258131738488885 ], [ -170.591943337814769, -14.258030700556333 ], [ -170.592344728626301, -14.258062950244891 ], [ -170.592794873484593, -14.258228259126838 ], [ -170.593202097298928, -14.258350867298645 ], [ -170.594101838429083, -14.258278569900028 ], [ -170.594501671614836, -14.258131738488885 ], [ -170.594729584102993, -14.258090167327339 ], [ -170.594729584102993, -14.258000335846759 ], [ -170.595007084309458, -14.257678239159361 ], [ -170.59558631695495, -14.257419775801964 ], [ -170.59595943847728, -14.257155226732266 ], [ -170.59717512493205, -14.256612761070016 ], [ -170.597902308644592, -14.256336807697494 ], [ -170.598233013642641, -14.256293536817225 ], [ -170.598459302854508, -14.256336742046983 ], [ -170.598910083533497, -14.256454854507865 ], [ -170.599856012045279, -14.256417362671129 ], [ -170.600361884293505, -14.256240056833121 ], [ -170.600608417244644, -14.255973995103773 ], [ -170.6009483996489, -14.255658970684919 ], [ -170.601423743510935, -14.255352016782126 ], [ -170.601709576835475, -14.255155335050631 ], [ -170.602434457384277, -14.255184065692049 ], [ -170.603200678868205, -14.25505064497122 ], [ -170.603486446542234, -14.254899438358336 ], [ -170.60373201452083, -14.254813027898876 ], [ -170.603897136343733, -14.255334614001185 ], [ -170.604178254522793, -14.256514749356143 ], [ -170.604661099630022, -14.256962141389693 ], [ -170.60486036961035, -14.25717720166648 ], [ -170.60479071441992, -14.258449493249486 ], [ -170.60479071441992, -14.258539325629329 ], [ -170.605143373667744, -14.258677965115965 ], [ -170.606138187527307, -14.258718988590431 ], [ -170.60622801900783, -14.258718988590431 ], [ -170.606377263300033, -14.258674050367063 ], [ -170.606706893608219, -14.257935320258753 ], [ -170.607165372483934, -14.257200778293225 ], [ -170.607299308516247, -14.25646652231211 ], [ -170.607450657222017, -14.256054407085173 ], [ -170.608463433240814, -14.25582432273427 ], [ -170.608916275165939, -14.255298712165768 ], [ -170.60907580500438, -14.25516126697886 ], [ -170.609357274818365, -14.255183889424927 ], [ -170.609631353104447, -14.255798137174224 ], [ -170.609897667543294, -14.255975782056623 ], [ -170.610312019384168, -14.255257130212328 ], [ -170.610455057454914, -14.255133897011717 ], [ -170.610950029919906, -14.254913035208347 ], [ -170.611569661011032, -14.255173987889179 ], [ -170.612156965071847, -14.255257130212328 ], [ -170.612982379932873, -14.254671876605755 ], [ -170.613096797079493, -14.253550331182794 ], [ -170.613383485659313, -14.252624776811956 ], [ -170.613567381729268, -14.252466321663348 ], [ -170.613799877162563, -14.252485007776841 ], [ -170.61444426928756, -14.253018031456918 ], [ -170.614908099129451, -14.253351094477409 ], [ -170.615242511132948, -14.253739249067053 ], [ -170.61560872406335, -14.254323921711546 ], [ -170.616185808228437, -14.254738296035498 ], [ -170.616690057200344, -14.254628309848556 ], [ -170.617367127990548, -14.25458673868701 ], [ -170.61745695947107, -14.25458673868701 ], [ -170.617636622432144, -14.25458673868701 ], [ -170.617636622432144, -14.254676570167533 ], [ -170.617869425433611, -14.254713261607719 ], [ -170.618085779834843, -14.254766401648055 ], [ -170.618265442795916, -14.254766401648055 ], [ -170.618265442795916, -14.254856233128635 ], [ -170.618355274276468, -14.254856233128635 ], [ -170.61844510575699, -14.254856233128635 ], [ -170.61844510575699, -14.254946064609157 ], [ -170.618534937237541, -14.254946064609157 ], [ -170.618624768718064, -14.254946064609157 ], [ -170.618624768718064, -14.25503589608968 ], [ -170.618804431679138, -14.25503589608968 ], [ -170.618804431679138, -14.255125727570203 ], [ -170.618894263159689, -14.255125727570203 ], [ -170.61898409464024, -14.255125727570203 ], [ -170.61898409464024, -14.255215559050782 ], [ -170.619073926120763, -14.255215559050782 ], [ -170.619163758500633, -14.255215559050782 ], [ -170.619163758500633, -14.255305390531305 ], [ -170.619253589981156, -14.255305390531305 ], [ -170.619343421461707, -14.255305390531305 ], [ -170.619343421461707, -14.255395222011828 ], [ -170.619638027672806, -14.255658443682194 ], [ -170.61988179610799, -14.256189592275803 ], [ -170.620459296659192, -14.257016345328054 ], [ -170.620858209838474, -14.257199429310162 ], [ -170.623069696709109, -14.257347917272511 ], [ -170.623518064507039, -14.25750878440283 ], [ -170.624067164468045, -14.257678347977333 ], [ -170.624416380211755, -14.257868111224298 ], [ -170.624601087470182, -14.257952898407495 ], [ -170.624775706133903, -14.2580477741854 ], [ -170.625229907833955, -14.25822239284912 ], [ -170.625809842849947, -14.258580907582768 ], [ -170.626170616680582, -14.258629157109851 ], [ -170.626993838095132, -14.258586368266265 ], [ -170.627647858361939, -14.258399610553511 ], [ -170.627967247190668, -14.258359661768907 ], [ -170.628994519381536, -14.257949641063021 ], [ -170.629314720298083, -14.257910504366237 ], [ -170.629314720298083, -14.257820672885714 ], [ -170.62958421473968, -14.257820672885714 ], [ -170.629674046220231, -14.257820672885714 ], [ -170.629674046220231, -14.257730841405134 ], [ -170.629763877700782, -14.257730841405134 ], [ -170.630034337114949, -14.257416935742924 ], [ -170.630596003302884, -14.257013614986306 ], [ -170.631083519488811, -14.256447770548107 ], [ -170.631607529264045, -14.255717987794867 ], [ -170.63169192164483, -14.255374409001718 ], [ -170.631422427203233, -14.254994324928134 ], [ -170.630869314467247, -14.254087653622264 ], [ -170.630367586295051, -14.253447000878339 ], [ -170.629830066904049, -14.253061028043987 ], [ -170.629674046220231, -14.252879939657419 ], [ -170.629309302782076, -14.253010815296818 ], [ -170.628643505893052, -14.252832501318835 ], [ -170.628279135673552, -14.252747714135637 ], [ -170.627835021668886, -14.25256300687721 ], [ -170.626977214127095, -14.252249550876002 ], [ -170.626447436100278, -14.251519581963066 ], [ -170.626307886499745, -14.251215533769823 ], [ -170.626130613936652, -14.25105713347989 ], [ -170.625950423972853, -14.250664526346782 ], [ -170.627006405221408, -14.250049730910291 ], [ -170.627843509470353, -14.249112827095246 ], [ -170.628553389327436, -14.249264505852238 ], [ -170.629131810784401, -14.249472044199422 ], [ -170.629357113439994, -14.24996293733966 ], [ -170.629721483659523, -14.250407050444949 ], [ -170.629833158773238, -14.251005375697503 ], [ -170.630600762515144, -14.251183974760579 ], [ -170.631256470809461, -14.251008347057507 ], [ -170.631602901352778, -14.250766376367153 ], [ -170.632077039223958, -14.250490324069176 ], [ -170.632251921389042, -14.250294596518359 ], [ -170.632431913501989, -14.24971174410166 ], [ -170.632728032372768, -14.249166822390919 ], [ -170.633224913199172, -14.248525632751694 ], [ -170.6333520944236, -14.248113813401744 ], [ -170.633446970201476, -14.248029037010383 ], [ -170.633446970201476, -14.24793920552986 ], [ -170.63362663316255, -14.24793920552986 ], [ -170.634120114551621, -14.247891581031581 ], [ -170.634255168441257, -14.247899629963911 ], [ -170.634590567001027, -14.248475683505944 ], [ -170.634974259154717, -14.248818528452261 ], [ -170.635451883697442, -14.249859178957877 ], [ -170.636018923334603, -14.249463085153195 ], [ -170.637047358348894, -14.249738522314885 ], [ -170.637669446387804, -14.249868061561756 ], [ -170.638588706403652, -14.249621857762463 ], [ -170.639172391592581, -14.249214140220374 ], [ -170.639508075237444, -14.248340925493267 ], [ -170.639722017656965, -14.247947188811679 ], [ -170.640089743247017, -14.247806980907399 ], [ -170.640226727981087, -14.248029431812768 ], [ -170.640046823102381, -14.248701161529311 ], [ -170.640096695905754, -14.249537893458978 ], [ -170.63990902717984, -14.250949284981459 ], [ -170.640078163576362, -14.251901113945223 ], [ -170.64071630541315, -14.252724565586163 ], [ -170.641576788438016, -14.253271822836325 ], [ -170.642161022213372, -14.253371490202085 ], [ -170.642891626947005, -14.253175806718048 ], [ -170.643742131094456, -14.252581714574433 ], [ -170.644019433450069, -14.252271350442413 ], [ -170.643997239081301, -14.251898810781427 ], [ -170.643335630335031, -14.251307668414142 ], [ -170.643181890331959, -14.2508097902396 ], [ -170.643306461723796, -14.250226718388319 ], [ -170.644525503549119, -14.249781277883642 ], [ -170.64496606433238, -14.249678781250736 ], [ -170.645336948341452, -14.249811862027741 ], [ -170.64543695565095, -14.250771420664478 ], [ -170.645536459340093, -14.251142973769163 ], [ -170.645518847916463, -14.251438500886081 ], [ -170.645286483784162, -14.251866099740653 ], [ -170.644634919565846, -14.252448261478037 ], [ -170.644543685142935, -14.252800075363155 ], [ -170.644903011065082, -14.253461321682607 ], [ -170.645007997021423, -14.253690067842285 ], [ -170.645178887995257, -14.25460556689336 ], [ -170.645769942229037, -14.254876837495999 ], [ -170.645895500177176, -14.255682612962175 ], [ -170.646432668832574, -14.255929155805859 ], [ -170.646694597277815, -14.25607148071424 ], [ -170.647777619341639, -14.256156267897381 ], [ -170.648391965117071, -14.256320808758289 ], [ -170.649206721213176, -14.256028461644121 ], [ -170.649939760411598, -14.256072149809825 ], [ -170.650065801295654, -14.257281684002464 ], [ -170.650125455125618, -14.257311861653022 ], [ -170.650245464256756, -14.257551178444089 ], [ -170.650245464256756, -14.257641009924612 ], [ -170.650315250748207, -14.257872803886755 ], [ -170.650841629337691, -14.258483783499742 ], [ -170.652753575417137, -14.258656022557375 ], [ -170.653748893796376, -14.258090167327339 ], [ -170.653748893796376, -14.258000335846759 ], [ -170.653838725276927, -14.258000335846759 ], [ -170.653975556226925, -14.257627762910886 ], [ -170.65405997019144, -14.255740621932091 ], [ -170.653726742595069, -14.254523081974583 ], [ -170.653844339744467, -14.253059602618521 ], [ -170.653784202978557, -14.2523112443684 ], [ -170.653383645838545, -14.251278620312007 ], [ -170.653124985529644, -14.250815031488457 ], [ -170.652569833131253, -14.250032053836151 ], [ -170.652359838735549, -14.249644513483474 ], [ -170.652587443655563, -14.249024728608276 ], [ -170.652980062479884, -14.248849528083213 ], [ -170.653651627620491, -14.248903491003261 ], [ -170.653800454627259, -14.249558531101286 ], [ -170.654412826390796, -14.250599445108264 ], [ -170.654689361624719, -14.250837698001305 ], [ -170.655882743094082, -14.250741802392213 ], [ -170.656305758104224, -14.251041737985759 ], [ -170.656770400033906, -14.251181627530059 ], [ -170.657182536844573, -14.251659998510092 ], [ -170.657396347063752, -14.252370130177326 ], [ -170.657704792042495, -14.252805152935423 ], [ -170.658559134496443, -14.252935338794828 ], [ -170.658879729316027, -14.252909579513414 ], [ -170.659213769000218, -14.252723216603101 ], [ -170.659539693202248, -14.252202858075407 ], [ -170.659726023736965, -14.251940052791156 ], [ -170.659982271164864, -14.251530931407331 ], [ -170.660078682085469, -14.250585891425715 ], [ -170.660175181139664, -14.250323085242144 ], [ -170.660262643805936, -14.249371279660807 ], [ -170.660444675581289, -14.248706118592452 ], [ -170.660547797243026, -14.24802935537042 ], [ -170.660355260486853, -14.24732584721005 ], [ -170.660714170022914, -14.246819656601815 ], [ -170.660797334829113, -14.246633304483396 ], [ -170.660893832983987, -14.24655016126087 ], [ -170.661031475122456, -14.246390412887195 ], [ -170.661454358831577, -14.246881272752489 ], [ -170.661818005996139, -14.247194565077052 ], [ -170.662510800532999, -14.247351956327691 ], [ -170.663042354720858, -14.247575811074796 ], [ -170.663402448664044, -14.24807729732936 ], [ -170.663603253787102, -14.248250304407975 ], [ -170.664530167932867, -14.248340102613611 ], [ -170.665090561580115, -14.247689668843122 ], [ -170.666314362617726, -14.247268814004542 ], [ -170.666636382862748, -14.247448476965587 ], [ -170.666822713397465, -14.247531619288736 ], [ -170.66727397611308, -14.24778339348876 ], [ -170.667870053060483, -14.24796285859901 ], [ -170.668559558776593, -14.24876317338169 ], [ -170.669500377340512, -14.2495701323557 ], [ -170.669690654999698, -14.249873927839474 ], [ -170.669860076481314, -14.250019893203444 ], [ -170.670173543274387, -14.250520348834982 ], [ -170.671037119067762, -14.251188448887774 ], [ -170.671445703556344, -14.251262972108407 ], [ -170.671535535036895, -14.251262972108407 ], [ -170.672032129878858, -14.251220578067205 ], [ -170.673499985336036, -14.251078911462571 ], [ -170.674589674973504, -14.250846097669239 ], [ -170.674901694757381, -14.250676544886574 ], [ -170.675086402015808, -14.250591757703432 ], [ -170.675275429617358, -14.250294552451578 ], [ -170.675242116030802, -14.249735836039974 ], [ -170.675294356749134, -14.24885945210201 ], [ -170.675105943384551, -14.247799183785276 ], [ -170.674591560851837, -14.246967145417386 ], [ -170.673871154430202, -14.246142575019803 ], [ -170.673781322949679, -14.246142575019803 ], [ -170.673781322949679, -14.246052743539224 ], [ -170.67366201528975, -14.245992388238108 ], [ -170.673601659988577, -14.245873080578178 ], [ -170.673125043585856, -14.245675970769412 ], [ -170.67268584347687, -14.245166217047256 ], [ -170.672392267888824, -14.24465701101218 ] ] ], [ [ [ -170.670816882293252, -14.2357221187807 ], [ -170.671086376734877, -14.2357221187807 ], [ -170.671086376734877, -14.235901781741802 ], [ -170.671146030564842, -14.23593195939236 ], [ -170.671325496574383, -14.236289234860237 ], [ -170.671355872075821, -14.236620434485417 ], [ -170.671306723226678, -14.23740455157872 ], [ -170.671043128337686, -14.237650974812595 ], [ -170.670996545254326, -14.236710265965939 ], [ -170.670936892323681, -14.236680087416062 ], [ -170.670727050812729, -14.23626110766395 ], [ -170.670727050812729, -14.236171276183427 ], [ -170.670727050812729, -14.236081444702847 ], [ -170.670816882293252, -14.236081444702847 ], [ -170.670816882293252, -14.2357221187807 ] ] ], [ [ [ -169.424476990620605, -14.213980686359548 ], [ -169.424941500349945, -14.213639980001005 ], [ -169.425460488310847, -14.213079838163935 ], [ -169.426269410504858, -14.212486514041359 ], [ -169.426786819256279, -14.21232271871844 ], [ -169.427487136622034, -14.211952125190408 ], [ -169.427952698558158, -14.211970574782129 ], [ -169.428759603572814, -14.21232271871844 ], [ -169.429449656976061, -14.212613086424767 ], [ -169.431159701658885, -14.212917029397317 ], [ -169.431634211849371, -14.213041370562735 ], [ -169.432086878406693, -14.213127781022251 ], [ -169.432442695174217, -14.213221033523837 ], [ -169.434548999136979, -14.213665431714276 ], [ -169.436246148440972, -14.213828054321198 ], [ -169.437524667829138, -14.214202337767631 ], [ -169.43942507830468, -14.214303683268326 ], [ -169.440035213454308, -14.214279497800533 ], [ -169.4406640347174, -14.21430442341034 ], [ -169.441157405489832, -14.214284865853813 ], [ -169.441964836607895, -14.214115927308171 ], [ -169.443088432485155, -14.213981475964317 ], [ -169.445527393874102, -14.214078150386285 ], [ -169.446940397881036, -14.213756798337499 ], [ -169.448302696312368, -14.213197237462509 ], [ -169.450232845569332, -14.212861707601689 ], [ -169.451217483599947, -14.212678622720205 ], [ -169.451849813118343, -14.212592213160065 ], [ -169.452653120844815, -14.21245232811242 ], [ -169.453740398500571, -14.212322219594739 ], [ -169.455037077898794, -14.212276091568299 ], [ -169.455126909379345, -14.212276091568299 ], [ -169.455126909379345, -14.212455754529401 ], [ -169.455216740859868, -14.212455754529401 ], [ -169.455755729743117, -14.212455754529401 ], [ -169.455755729743117, -14.212545586009924 ], [ -169.456071017663305, -14.212589603327501 ], [ -169.456377005694236, -14.212694320386504 ], [ -169.457801502137585, -14.213096106000421 ], [ -169.459784725784431, -14.213311578166781 ], [ -169.461085792075608, -14.213645018902469 ], [ -169.462808381401658, -14.213757412574466 ], [ -169.463708363550097, -14.213888924933883 ], [ -169.464209630370107, -14.214147168856698 ], [ -169.465297521363482, -14.214884599444645 ], [ -169.466164255575904, -14.215206636776827 ], [ -169.466489719325068, -14.215645673209224 ], [ -169.466954229054409, -14.216199049446516 ], [ -169.467762361643651, -14.216182556779529 ], [ -169.468286349835154, -14.216003200487251 ], [ -169.46855759885409, -14.215915167650849 ], [ -169.469341431761649, -14.215576051293681 ], [ -169.470227201923791, -14.215403126952708 ], [ -169.471830835224836, -14.215286347287076 ], [ -169.473416396649355, -14.215722455526873 ], [ -169.474037321864898, -14.215823537526205 ], [ -169.474484724690257, -14.215915167650849 ], [ -169.474960989458083, -14.216008146758497 ], [ -169.475218378125618, -14.216002893818427 ], [ -169.475742366317121, -14.215823537526205 ], [ -169.478775934261932, -14.21571743820914 ], [ -169.480082438753527, -14.215550446695715 ], [ -169.481824767299145, -14.215649286685164 ], [ -169.482569561535996, -14.216274493572996 ], [ -169.483266019011552, -14.216570142098305 ], [ -169.484650688078773, -14.216541882701677 ], [ -169.485927365655385, -14.216104885931713 ], [ -169.48724255489995, -14.215825336170269 ], [ -169.487510295663583, -14.215733706045626 ], [ -169.488051039124116, -14.215645673209224 ], [ -169.488318778988429, -14.21555404308458 ], [ -169.48872968822451, -14.215466010248122 ], [ -169.48919647863454, -14.215782432213416 ], [ -169.490262262493388, -14.216299490229233 ], [ -169.491126891392895, -14.216640525739649 ], [ -169.49209626433111, -14.216829761983888 ], [ -169.492987386358777, -14.217191231889785 ], [ -169.494796736879863, -14.217154303927941 ], [ -169.495325637168406, -14.217262640758236 ], [ -169.496645564041529, -14.217499797377684 ], [ -169.497122267678492, -14.217621966680383 ], [ -169.498252618363608, -14.217722483905447 ], [ -169.4990087296691, -14.217981292602531 ], [ -169.499561053699637, -14.218069325438989 ], [ -169.500513758603063, -14.217423519579711 ], [ -169.501781488824633, -14.217449393074958 ], [ -169.501982118579889, -14.217346045683428 ], [ -169.502357410166326, -14.216773611013309 ], [ -169.503212564708065, -14.215951995787918 ], [ -169.504098422104477, -14.215779071446946 ], [ -169.504274752178048, -14.215055566860883 ], [ -169.504842514870148, -14.214379253299853 ], [ -169.505475722126846, -14.213262440109474 ], [ -169.505868559486402, -14.213071817110631 ], [ -169.506420707249816, -14.21299474431197 ], [ -169.506420707249816, -14.212904912831391 ], [ -169.506959697032357, -14.212904912831391 ], [ -169.506959697032357, -14.21299474431197 ], [ -169.507189275964294, -14.213124523677777 ], [ -169.507344901845727, -14.21331886447399 ], [ -169.506862583741224, -14.214139378029813 ], [ -169.506740118561595, -14.214579367743568 ], [ -169.507198663087792, -14.215359417203274 ], [ -169.507689138942567, -14.215972726959762 ], [ -169.508713604349339, -14.216151008562122 ], [ -169.509275665339658, -14.215990485872169 ], [ -169.509502525621031, -14.216018701202074 ], [ -169.509604726377006, -14.216340206135555 ], [ -169.509321809553853, -14.217076283243841 ], [ -169.509435063877078, -14.217166942100675 ], [ -169.509625693171188, -14.217619471961029 ], [ -169.510151785776259, -14.217939008278563 ], [ -169.510193631231061, -14.218743961764403 ], [ -169.510330922633955, -14.218786349510367 ], [ -169.510630682859698, -14.218949229323414 ], [ -169.511263714748623, -14.220081943426919 ], [ -169.51182323155686, -14.220338750233111 ], [ -169.512486879066188, -14.220493148539902 ], [ -169.513401950039935, -14.220738238978527 ], [ -169.514422116687314, -14.220928647938706 ], [ -169.514727579514158, -14.220762648377502 ], [ -169.514953035054504, -14.220659175980131 ], [ -169.51526911257946, -14.220678014978375 ], [ -169.515402280590763, -14.220670075763337 ], [ -169.51576318572242, -14.220540591375141 ], [ -169.516032680164017, -14.220181265452993 ], [ -169.516077595904306, -14.220066213384996 ], [ -169.516122511644568, -14.220181265452993 ], [ -169.516259013442692, -14.220224470682751 ], [ -169.516761508736607, -14.220490368735454 ], [ -169.517712196460678, -14.220291460282624 ], [ -169.518156967869743, -14.220597493279627 ], [ -169.518351105419157, -14.221008917827248 ], [ -169.518312506516935, -14.22198393850789 ], [ -169.518061960790817, -14.222698565886049 ], [ -169.517955987378883, -14.223143688030746 ], [ -169.517777551992396, -14.223652642255615 ], [ -169.517177944306667, -14.224039821080851 ], [ -169.516798003225233, -14.224449973987078 ], [ -169.516571669946586, -14.224583010697359 ], [ -169.516571669946586, -14.224672842177881 ], [ -169.516627989989729, -14.224721365098901 ], [ -169.516500962549344, -14.226131002943362 ], [ -169.516649219385926, -14.227500461776856 ], [ -169.516573423624578, -14.228443792147232 ], [ -169.516416920904163, -14.229598706015452 ], [ -169.516253925977878, -14.230194135450972 ], [ -169.516096983488978, -14.230884912808449 ], [ -169.515596242772347, -14.231963143284361 ], [ -169.515355610273161, -14.232170428922132 ], [ -169.515056377050144, -14.232689383608147 ], [ -169.51479337391504, -14.233563003929419 ], [ -169.514367463987242, -14.234326385354336 ], [ -169.514284299181043, -14.234512737472812 ], [ -169.51413437500139, -14.234781519651392 ], [ -169.513876723731784, -14.235003466936405 ], [ -169.513876723731784, -14.235093298416928 ], [ -169.513786892251261, -14.235093298416928 ], [ -169.513646355195107, -14.235401929555337 ], [ -169.513388440424166, -14.236042308006063 ], [ -169.513236323697356, -14.23615970730458 ], [ -169.513067187300834, -14.236767200246049 ], [ -169.512888577445864, -14.237159423368666 ], [ -169.512888577445864, -14.237339086329712 ], [ -169.512798745965313, -14.237339086329712 ], [ -169.512738653266211, -14.23757330396478 ], [ -169.512223087225664, -14.238021046733877 ], [ -169.511900430260624, -14.238237401135109 ], [ -169.511714977464209, -14.238505997153993 ], [ -169.511361441377403, -14.238596727956576 ], [ -169.511188269722851, -14.238813005016141 ], [ -169.510792186710034, -14.238926237755607 ], [ -169.510176963196272, -14.239418940331802 ], [ -169.510103799750539, -14.239674705723019 ], [ -169.510237055895374, -14.240013690779165 ], [ -169.510283462711612, -14.24039335756737 ], [ -169.510283462711612, -14.240483189047893 ], [ -169.510193631231061, -14.240483189047893 ], [ -169.510193631231061, -14.240573021427736 ], [ -169.510103799750539, -14.240573021427736 ], [ -169.510103799750539, -14.240662852908315 ], [ -169.510013968269988, -14.240662852908315 ], [ -169.510013968269988, -14.240752684388838 ], [ -169.509924136789465, -14.240752684388838 ], [ -169.509834305308914, -14.240752684388838 ], [ -169.509834305308914, -14.24084251586936 ], [ -169.509744473828391, -14.24084251586936 ], [ -169.509638500416429, -14.240956877258043 ], [ -169.508752467652243, -14.241499397778966 ], [ -169.508507887129269, -14.241614812273724 ], [ -169.50772151003963, -14.242233193307186 ], [ -169.507057335527577, -14.243175327579252 ], [ -169.50627999482586, -14.243832264347475 ], [ -169.505748725723095, -14.243943413357783 ], [ -169.504938312453135, -14.244098140816504 ], [ -169.504238696558559, -14.244549908051795 ], [ -169.503948586058385, -14.24492813952196 ], [ -169.503592769290833, -14.245560380906795 ], [ -169.503488550456211, -14.245656912336585 ], [ -169.503021584678351, -14.246727006645983 ], [ -169.502874117446538, -14.247806168819579 ], [ -169.502640502357281, -14.248374897383542 ], [ -169.502319073866147, -14.249572632470972 ], [ -169.501715255554586, -14.250852139314759 ], [ -169.50161296666505, -14.250946851416018 ], [ -169.501121613071945, -14.25184186570948 ], [ -169.500409716035534, -14.252876529428249 ], [ -169.499982928369434, -14.253780864295379 ], [ -169.499631584829757, -14.25437836666822 ], [ -169.499457010232817, -14.254540111536869 ], [ -169.49937068790689, -14.254902859379399 ], [ -169.498723269563214, -14.256292495402306 ], [ -169.498444124496729, -14.257464438832756 ], [ -169.498159629363386, -14.258363083689289 ], [ -169.498019705644879, -14.258762192920813 ], [ -169.497976544481901, -14.259078314512578 ], [ -169.497976544481901, -14.259347808954146 ], [ -169.497886713001378, -14.259347808954146 ], [ -169.497886713001378, -14.259527471915248 ], [ -169.497796881520827, -14.259527471915248 ], [ -169.497754509962647, -14.259664741734412 ], [ -169.497603620810423, -14.2597995653976 ], [ -169.497408518288466, -14.260712541850296 ], [ -169.497487822305118, -14.262042886469999 ], [ -169.497255962692492, -14.263285339446838 ], [ -169.497086388326125, -14.263834439407788 ], [ -169.496661881340714, -14.264759368749822 ], [ -169.495576446395859, -14.265519844465189 ], [ -169.495418890569312, -14.265863116589514 ], [ -169.495323970724655, -14.266037735253235 ], [ -169.495154396358288, -14.266407160561982 ], [ -169.494964644802479, -14.26675638709753 ], [ -169.494922273244299, -14.266893656916693 ], [ -169.494861917043806, -14.267012964576622 ], [ -169.494742610283197, -14.267073319877738 ], [ -169.494742610283197, -14.267163151358318 ], [ -169.494652778802674, -14.267163151358318 ], [ -169.494198971005687, -14.268013096127447 ], [ -169.493402593454903, -14.268955449834095 ], [ -169.49250462938511, -14.270482925846295 ], [ -169.491546572616215, -14.271313867940592 ], [ -169.490296037432159, -14.271679948670624 ], [ -169.488864347311761, -14.27179434333425 ], [ -169.488470895715238, -14.271980048840135 ], [ -169.487845496372529, -14.272410388828348 ], [ -169.487449764095317, -14.272426070306835 ], [ -169.487153601157729, -14.271967426855213 ], [ -169.487106930840156, -14.271924221625454 ], [ -169.486896387857996, -14.271870182263058 ], [ -169.486747604918008, -14.271654727183886 ], [ -169.486446352716968, -14.271528204263177 ], [ -169.485436801667049, -14.271601587143493 ], [ -169.485220468849519, -14.271654727183886 ], [ -169.48494755248754, -14.271774407163093 ], [ -169.484605859572724, -14.271678380252979 ], [ -169.484193809996299, -14.271327563716056 ], [ -169.484142490183757, -14.271115738300637 ], [ -169.484003006233735, -14.271045162204416 ], [ -169.483962827222683, -14.270846243859012 ], [ -169.483872995742132, -14.270846243859012 ], [ -169.483872995742132, -14.270756412378489 ], [ -169.483553585329673, -14.270357137671738 ], [ -169.483473754310296, -14.269448887156386 ], [ -169.483334006858911, -14.268959781868375 ], [ -169.48324417537836, -14.268959781868375 ], [ -169.48324417537836, -14.268869950387852 ], [ -169.48324417537836, -14.26878011890733 ], [ -169.483154343897837, -14.26878011890733 ], [ -169.483154343897837, -14.268600455946228 ], [ -169.483154343897837, -14.268510624465705 ], [ -169.483064512417286, -14.268510624465705 ], [ -169.483064512417286, -14.268420792085863 ], [ -169.483011349893843, -14.268204437684631 ], [ -169.482974680936735, -14.26779197172209 ], [ -169.482974680936735, -14.267702140241511 ], [ -169.482884849456212, -14.267702140241511 ], [ -169.482884849456212, -14.267612308760988 ], [ -169.482668516638711, -14.267469337240072 ], [ -169.482435691154194, -14.267432645799943 ], [ -169.482166196712569, -14.267432645799943 ], [ -169.481470353474009, -14.267409793127399 ], [ -169.481201034400186, -14.267142283489534 ], [ -169.481178050426649, -14.266713993955591 ], [ -169.481129800899566, -14.266672422794045 ], [ -169.480956804612816, -14.266284761032864 ], [ -169.480639061543428, -14.265725846770351 ], [ -169.480549229163557, -14.265725846770351 ], [ -169.480549229163557, -14.265636015289829 ], [ -169.480459397683035, -14.265636015289829 ], [ -169.480459397683035, -14.265546183809306 ], [ -169.480231486094169, -14.265414781167181 ], [ -169.479808820920312, -14.265115119866834 ], [ -169.479519500924198, -14.264779271646034 ], [ -169.478726457160235, -14.264099032544266 ], [ -169.478483104211875, -14.263749553299192 ], [ -169.478393272731324, -14.263749553299192 ], [ -169.478393272731324, -14.263659721818669 ], [ -169.478303441250773, -14.263659721818669 ], [ -169.478303441250773, -14.263480058857567 ], [ -169.478213609770251, -14.263480058857567 ], [ -169.478213609770251, -14.263390227377045 ], [ -169.478213609770251, -14.263300395896522 ], [ -169.478123778289699, -14.263300395896522 ], [ -169.478123778289699, -14.263210564415942 ], [ -169.478033946809177, -14.263210564415942 ], [ -169.478033946809177, -14.26312073293542 ], [ -169.477854283848103, -14.26312073293542 ], [ -169.477854283848103, -14.263030901454897 ], [ -169.477584789406478, -14.26267157553275 ], [ -169.477494957925927, -14.26267157553275 ], [ -169.477494957925927, -14.262581744052227 ], [ -169.477405126445404, -14.262581744052227 ], [ -169.477405126445404, -14.262491911672328 ], [ -169.477045800523257, -14.261952922789135 ], [ -169.476955969042706, -14.261952922789135 ], [ -169.476955969042706, -14.261863091308555 ], [ -169.476866137562183, -14.26168342834751 ], [ -169.476776306081632, -14.26168342834751 ], [ -169.476776306081632, -14.261593596866931 ], [ -169.47655672761087, -14.261274218830067 ], [ -169.475838864471996, -14.260376770071844 ], [ -169.475199254042309, -14.259667186991067 ], [ -169.474614032811331, -14.258935726102834 ], [ -169.474440685788977, -14.258629157109851 ], [ -169.474350854308454, -14.258629157109851 ], [ -169.474350854308454, -14.258539325629329 ], [ -169.474350854308454, -14.258449493249486 ], [ -169.474261022827903, -14.258449493249486 ], [ -169.474261022827903, -14.258359661768907 ], [ -169.474261022827903, -14.258269830288384 ], [ -169.474171191347381, -14.258269830288384 ], [ -169.474171191347381, -14.258179998807861 ], [ -169.47408135986683, -14.257820672885714 ], [ -169.473991528386307, -14.257820672885714 ], [ -169.473991528386307, -14.257730841405134 ], [ -169.47391161013266, -14.257451412152875 ], [ -169.473760896348267, -14.257330668275699 ], [ -169.473783178850596, -14.257151005314597 ], [ -169.473611060302176, -14.257013176117141 ], [ -169.473322792512846, -14.256602980043453 ], [ -169.473003382100387, -14.256203705336702 ], [ -169.472913550619836, -14.256203705336702 ], [ -169.472913550619836, -14.256113873856123 ], [ -169.472823719139313, -14.256113873856123 ], [ -169.472823719139313, -14.2560240423756 ], [ -169.472733887658762, -14.2560240423756 ], [ -169.472733887658762, -14.255934210895077 ], [ -169.472644056178211, -14.255934210895077 ], [ -169.472644056178211, -14.255844379414555 ], [ -169.472554223798369, -14.255844379414555 ], [ -169.472554223798369, -14.255754547933975 ], [ -169.472464392317818, -14.255754547933975 ], [ -169.472464392317818, -14.255664716453452 ], [ -169.472374560837295, -14.255664716453452 ], [ -169.472374560837295, -14.25557488497293 ], [ -169.472284729356744, -14.25557488497293 ], [ -169.472284729356744, -14.255485053492407 ], [ -169.472194897876221, -14.255485053492407 ], [ -169.472194897876221, -14.255395222011828 ], [ -169.47210506639567, -14.255395222011828 ], [ -169.47210506639567, -14.255305390531305 ], [ -169.472015234915119, -14.255305390531305 ], [ -169.472015234915119, -14.255215559050782 ], [ -169.471925403434597, -14.255215559050782 ], [ -169.471925403434597, -14.255125727570203 ], [ -169.471835571954045, -14.255125727570203 ], [ -169.471835571954045, -14.25503589608968 ], [ -169.471566077512449, -14.254676570167533 ], [ -169.471476246031898, -14.254676570167533 ], [ -169.471476246031898, -14.25458673868701 ], [ -169.471386414551375, -14.25458673868701 ], [ -169.471386414551375, -14.254496906307111 ], [ -169.471206751590273, -14.254227411865543 ], [ -169.47111692010975, -14.254227411865543 ], [ -169.47111692010975, -14.254137580384963 ], [ -169.471027088629199, -14.254137580384963 ], [ -169.471027088629199, -14.253957917423918 ], [ -169.470937257148677, -14.253957917423918 ], [ -169.470937257148677, -14.253868085943338 ], [ -169.470530471304187, -14.253763691740915 ], [ -169.470488098846658, -14.25359859150177 ], [ -169.470308435885585, -14.253508760021191 ], [ -169.470218604405034, -14.253508760021191 ], [ -169.470218604405034, -14.253418928540668 ], [ -169.470098595273925, -14.253359274710704 ], [ -169.469619961691848, -14.253298919409531 ], [ -169.469499952560739, -14.253239265579623 ], [ -169.469410121080188, -14.253239265579623 ], [ -169.469410121080188, -14.253149434099043 ], [ -169.469320289599665, -14.253149434099043 ], [ -169.469230458119114, -14.253149434099043 ], [ -169.469230458119114, -14.253059602618521 ], [ -169.469140626638591, -14.253059602618521 ], [ -169.46905079515804, -14.253059602618521 ], [ -169.46905079515804, -14.252969771137998 ], [ -169.468960963677517, -14.252969771137998 ], [ -169.468871132196966, -14.252969771137998 ], [ -169.468871132196966, -14.252879939657419 ], [ -169.468781300716415, -14.252879939657419 ], [ -169.468781300716415, -14.252790108176896 ], [ -169.468691469235893, -14.252790108176896 ], [ -169.468691469235893, -14.252700276696373 ], [ -169.468601637755341, -14.252700276696373 ], [ -169.468601637755341, -14.252610445215851 ], [ -169.468511805375499, -14.252610445215851 ], [ -169.468511805375499, -14.252520612835951 ], [ -169.468511805375499, -14.252430781355429 ], [ -169.468421973894948, -14.252430781355429 ], [ -169.468421973894948, -14.252340949874906 ], [ -169.468332142414425, -14.252340949874906 ], [ -169.468332142414425, -14.252251118394327 ], [ -169.468152479453323, -14.252251118394327 ], [ -169.468152479453323, -14.252161286913804 ], [ -169.467795171609851, -14.252100580877084 ], [ -169.467703322050653, -14.251981623952759 ], [ -169.466665258894551, -14.251941676067474 ], [ -169.466037491636911, -14.251762407908757 ], [ -169.465752556735083, -14.251652870483554 ], [ -169.465326822175086, -14.251705813572414 ], [ -169.465188039696244, -14.251532466550032 ], [ -169.465098208215721, -14.251532466550032 ], [ -169.465098208215721, -14.251442635069509 ], [ -169.464899244904188, -14.251402478541479 ], [ -169.464828713774097, -14.251262972108407 ], [ -169.464738882293545, -14.251262972108407 ], [ -169.464738882293545, -14.251173140627884 ], [ -169.464649050813023, -14.251173140627884 ], [ -169.464649050813023, -14.251083309147361 ], [ -169.464559218433152, -14.251083309147361 ], [ -169.464559218433152, -14.250993477666839 ], [ -169.464469386952629, -14.250993477666839 ], [ -169.464469386952629, -14.250903646186259 ], [ -169.464379555472078, -14.250903646186259 ], [ -169.464379555472078, -14.250813814705737 ], [ -169.464199892511004, -14.250813814705737 ], [ -169.464199892511004, -14.250723983225214 ], [ -169.464060408560982, -14.250653407128993 ], [ -169.464020229549931, -14.250454487884269 ], [ -169.463671431091655, -14.250211607979281 ], [ -169.463459835003363, -14.24996609485936 ], [ -169.463100421846974, -14.249805677390043 ], [ -169.462894002256377, -14.249514601917326 ], [ -169.462810837450149, -14.24932824979885 ], [ -169.462177104090046, -14.249231685094173 ], [ -169.461553196722633, -14.248968923876703 ], [ -169.460879021749435, -14.248880726464336 ], [ -169.460384159001705, -14.248698990565913 ], [ -169.460028078732819, -14.24872761149004 ], [ -169.459482246908152, -14.24860855564026 ], [ -169.459169327802215, -14.248783163512144 ], [ -169.45885737366882, -14.24860913660234 ], [ -169.458644111136806, -14.248626265090024 ], [ -169.458312594950257, -14.24852645473203 ], [ -169.458038538247905, -14.248425822393756 ], [ -169.456968455629692, -14.248339840011568 ], [ -169.456788792668618, -14.248354270533127 ], [ -169.456483329841774, -14.248329729833131 ], [ -169.455800645483379, -14.248453510720879 ], [ -169.454954966198699, -14.248300188003213 ], [ -169.454456506162813, -14.248436623251507 ], [ -169.454228593674628, -14.24847819441311 ], [ -169.454048930713554, -14.24847819441311 ], [ -169.453821457094534, -14.248406193790743 ], [ -169.453341157068706, -14.248075663261204 ], [ -169.452654788187886, -14.248162073720664 ], [ -169.45210342912992, -14.248355345222933 ], [ -169.451260820130727, -14.248321954294681 ], [ -169.450503568484862, -14.248587358619659 ], [ -169.449108197485288, -14.248657858273475 ], [ -169.448928534524214, -14.248657858273475 ], [ -169.44861587802032, -14.248884147485398 ], [ -169.448432705904622, -14.248970557944858 ], [ -169.448094785645822, -14.24914936565068 ], [ -169.44788082164257, -14.249157852552798 ], [ -169.446952241053054, -14.249107015676202 ], [ -169.446879603710727, -14.249250524092361 ], [ -169.446592914231587, -14.249286678637247 ], [ -169.446522383101467, -14.24942618507032 ], [ -169.446323419789962, -14.24946634159835 ], [ -169.446242185828197, -14.249583993606393 ], [ -169.445927424910707, -14.24978897608031 ], [ -169.44569459942619, -14.249825667520497 ], [ -169.445604767945667, -14.249955776038178 ], [ -169.445009370885742, -14.250164498792515 ], [ -169.44470645314027, -14.250364656403747 ], [ -169.44470645314027, -14.250454487884269 ], [ -169.444616620760399, -14.250454487884269 ], [ -169.444406868282329, -14.250829199407974 ], [ -169.444077631877178, -14.251083309147361 ], [ -169.444077631877178, -14.251173140627884 ], [ -169.443987800396656, -14.251173140627884 ], [ -169.443808137435553, -14.251262972108407 ], [ -169.443808137435553, -14.251352803588986 ], [ -169.443718305955031, -14.251352803588986 ], [ -169.443718305955031, -14.251442635069509 ], [ -169.44362847447448, -14.251442635069509 ], [ -169.443538642993957, -14.251442635069509 ], [ -169.443538642993957, -14.251532466550032 ], [ -169.443448811513406, -14.251532466550032 ], [ -169.443089485591258, -14.251712129511134 ], [ -169.443089485591258, -14.251801960991656 ], [ -169.442999654110707, -14.251801960991656 ], [ -169.442819991149634, -14.251891792472179 ], [ -169.442819991149634, -14.251981623952759 ], [ -169.442730159669111, -14.251981623952759 ], [ -169.44264032818856, -14.251981623952759 ], [ -169.44264032818856, -14.252071455433281 ], [ -169.442550495808717, -14.252071455433281 ], [ -169.442460664328166, -14.252071455433281 ], [ -169.442460664328166, -14.252161286913804 ], [ -169.442370832847644, -14.252161286913804 ], [ -169.442298722508013, -14.252251316245179 ], [ -169.441638933989594, -14.252639164166055 ], [ -169.440983445129859, -14.252839990872815 ], [ -169.440434454886145, -14.252919887542703 ], [ -169.440174960905694, -14.253019653833917 ], [ -169.440035213454308, -14.253059602618521 ], [ -169.440035213454308, -14.253149434099043 ], [ -169.439945381973786, -14.253149434099043 ], [ -169.439945381973786, -14.253239265579623 ], [ -169.439855550493235, -14.253239265579623 ], [ -169.439855550493235, -14.253329097060146 ], [ -169.439765719012684, -14.253329097060146 ], [ -169.439566668466938, -14.253695430499647 ], [ -169.439316561610013, -14.253868085943338 ], [ -169.439283664409544, -14.254030883918119 ], [ -169.43913689864894, -14.253957917423918 ], [ -169.439047067168389, -14.253957917423918 ], [ -169.439047067168389, -14.254047748904441 ], [ -169.438957235687838, -14.254047748904441 ], [ -169.438648615341293, -14.254278106649281 ], [ -169.438508077385848, -14.254317243346065 ], [ -169.438467899274116, -14.254516162590789 ], [ -169.438328414424745, -14.25458673868701 ], [ -169.438328414424745, -14.254676570167533 ], [ -169.438238582944223, -14.254676570167533 ], [ -169.438094098763628, -14.254863788333125 ], [ -169.43760976258045, -14.254946064609157 ], [ -169.436957694741778, -14.254790964831102 ], [ -169.436172457992512, -14.254856233128635 ], [ -169.436127542252251, -14.254971285196632 ], [ -169.43608262651199, -14.254856233128635 ], [ -169.435827694792266, -14.254896411240338 ], [ -169.43513114918315, -14.255072587529867 ], [ -169.434967978889091, -14.255178867610596 ], [ -169.434824985784445, -14.255215559050782 ], [ -169.434268626495879, -14.255419884120329 ], [ -169.433880175129957, -14.255451092393969 ], [ -169.433208018235433, -14.255395222011828 ], [ -169.433208018235433, -14.255485053492407 ], [ -169.432938523793808, -14.255485053492407 ], [ -169.432579196972341, -14.255485053492407 ], [ -169.432579196972341, -14.25557488497293 ], [ -169.43248936549179, -14.25557488497293 ], [ -169.432309702530716, -14.25557488497293 ], [ -169.432219871050194, -14.255700223486485 ], [ -169.432130039569643, -14.25557488497293 ], [ -169.431980554259155, -14.255605062623488 ], [ -169.431860545128018, -14.255664716453452 ], [ -169.431770713647495, -14.255664716453452 ], [ -169.431591050686421, -14.255664716453452 ], [ -169.431591050686421, -14.255754547933975 ], [ -169.43150121920587, -14.255754547933975 ], [ -169.431411387725348, -14.255754547933975 ], [ -169.431260673940926, -14.255923256253254 ], [ -169.430463419551131, -14.256480130853333 ], [ -169.429345262773637, -14.256652863638692 ], [ -169.429045590681426, -14.256802348949179 ], [ -169.428896105370939, -14.256832526599794 ], [ -169.428896105370939, -14.256922358080317 ], [ -169.428357115588398, -14.256922358080317 ], [ -169.428357115588398, -14.257012189560839 ], [ -169.427907958185699, -14.257012189560839 ], [ -169.427728295224625, -14.257012189560839 ], [ -169.427728295224625, -14.257102021041419 ], [ -169.427368969302478, -14.257102021041419 ], [ -169.427189306341376, -14.257102021041419 ], [ -169.427189306341376, -14.257191852521942 ], [ -169.427099474860853, -14.257191852521942 ], [ -169.426650317458154, -14.257191852521942 ], [ -169.426543466307891, -14.257320480755538 ], [ -169.426201159156136, -14.257191852521942 ], [ -169.425572338792364, -14.257191852521942 ], [ -169.42539267583129, -14.257191852521942 ], [ -169.42539267583129, -14.257102021041419 ], [ -169.425213012870216, -14.257102021041419 ], [ -169.425033349909143, -14.257102021041419 ], [ -169.425033349909143, -14.257012189560839 ], [ -169.424665075732634, -14.256895579867091 ], [ -169.423889050739064, -14.256556956338443 ], [ -169.423475948056534, -14.256338332048358 ], [ -169.422786420756694, -14.254877386082455 ], [ -169.422416392902193, -14.253623209543434 ], [ -169.422196550930067, -14.251490237084738 ], [ -169.421967936970674, -14.249956905586657 ], [ -169.421846085128692, -14.248431568162289 ], [ -169.421649929500632, -14.247683243187055 ], [ -169.421307096245471, -14.245826454327357 ], [ -169.421104273043738, -14.245332830845427 ], [ -169.420826883453884, -14.244456589000322 ], [ -169.420857938842772, -14.243672208405656 ], [ -169.420843726856475, -14.243312882483508 ], [ -169.420901713343369, -14.241848711548755 ], [ -169.421037601803846, -14.241068805081227 ], [ -169.421213755610296, -14.239358585030629 ], [ -169.421310517266534, -14.238523596886466 ], [ -169.421213755610296, -14.236756892216761 ], [ -169.421170594447347, -14.235542455819655 ], [ -169.421080762966824, -14.235542455819655 ], [ -169.421080762966824, -14.235452624339075 ], [ -169.421080762966824, -14.235183129897507 ], [ -169.420990931486273, -14.235183129897507 ], [ -169.420990931486273, -14.235093298416928 ], [ -169.420990931486273, -14.234823803975303 ], [ -169.420901100005722, -14.234823803975303 ], [ -169.420901100005722, -14.23473397249478 ], [ -169.420901100005722, -14.234644141014257 ], [ -169.420901100005722, -14.234554309533735 ], [ -169.420901100005722, -14.234464477153836 ], [ -169.420811268525199, -14.234464477153836 ], [ -169.420811268525199, -14.234105151231688 ], [ -169.420721437044648, -14.234105151231688 ], [ -169.420721437044648, -14.233835656790063 ], [ -169.420631604664806, -14.233835656790063 ], [ -169.420631604664806, -14.233745825309541 ], [ -169.420420887214135, -14.23300822474971 ], [ -169.420175780587783, -14.231566610610571 ], [ -169.420042699810722, -14.231100762690005 ], [ -169.420002784301033, -14.230691554071939 ], [ -169.419912952820482, -14.230691554071939 ], [ -169.419912952820482, -14.230601722591359 ], [ -169.419912952820482, -14.230511890211517 ], [ -169.419823121339959, -14.230511890211517 ], [ -169.419823121339959, -14.230332227250415 ], [ -169.419733289859408, -14.230332227250415 ], [ -169.419733289859408, -14.230242395769892 ], [ -169.419690128696459, -14.230105938038548 ], [ -169.419424143409458, -14.229603344718555 ], [ -169.419665916249016, -14.226352094973151 ], [ -169.41941712510021, -14.225258457311895 ], [ -169.419330802774311, -14.22462621502774 ], [ -169.419237462139137, -14.224000815685031 ], [ -169.419104469495636, -14.222427053365777 ], [ -169.419014638015113, -14.222427053365777 ], [ -169.419014638015113, -14.221888064482528 ], [ -169.419057799178063, -14.221661775270661 ], [ -169.419193336003616, -14.221536261389303 ], [ -169.419010602757083, -14.220135198580522 ], [ -169.419151139813238, -14.219599071340042 ], [ -169.419248515706414, -14.218785247840856 ], [ -169.420516508530028, -14.217371492000723 ], [ -169.421432544476318, -14.217246301875264 ], [ -169.421956970637666, -14.21668032523678 ], [ -169.422248572213817, -14.216588005332142 ], [ -169.42231849000629, -14.21634360017697 ], [ -169.423086795219405, -14.215876907793017 ], [ -169.423396468672053, -14.215490150749815 ], [ -169.423645961292038, -14.215290414920673 ], [ -169.423685876801756, -14.215240532224755 ], [ -169.423805885932865, -14.215001215433688 ], [ -169.423955371243352, -14.21497103778313 ], [ -169.423955371243352, -14.214881206302607 ], [ -169.424045202723903, -14.214881206302607 ], [ -169.424045202723903, -14.214791374822028 ], [ -169.424045202723903, -14.214701543341505 ], [ -169.424135034204426, -14.214701543341505 ], [ -169.424135034204426, -14.214611711860982 ], [ -169.424224865684977, -14.214611711860982 ], [ -169.424271009899172, -14.214369938122104 ], [ -169.424476990620605, -14.213980686359548 ] ] ], [ [ [ -169.685904086304504, -14.164845049159624 ], [ -169.685974618333944, -14.164705542726551 ], [ -169.686173580746129, -14.164665386198578 ], [ -169.686173580746129, -14.164575553818736 ], [ -169.686263412226651, -14.164575553818736 ], [ -169.686443076087073, -14.164575553818736 ], [ -169.686982064970294, -14.164575553818736 ], [ -169.686982064970294, -14.164934880640203 ], [ -169.686892233489743, -14.164934880640203 ], [ -169.686831878188599, -14.165054187400756 ], [ -169.68671257052867, -14.165114543601248 ], [ -169.68671257052867, -14.165204375081771 ], [ -169.686622739048147, -14.165204375081771 ], [ -169.686622739048147, -14.165294206562351 ], [ -169.686532907567596, -14.165294206562351 ], [ -169.686386141806963, -14.165506769421825 ], [ -169.686173580746129, -14.165653532484498 ], [ -169.686173580746129, -14.165743363965021 ], [ -169.685993917785055, -14.165743363965021 ], [ -169.685993917785055, -14.165833195445543 ], [ -169.685904086304504, -14.165833195445543 ], [ -169.685479492084852, -14.166645360594885 ], [ -169.685227016413648, -14.166862916490345 ], [ -169.685062881147019, -14.167053451355628 ], [ -169.684952960610616, -14.168249851849112 ], [ -169.684967697800971, -14.168433643597723 ], [ -169.685143852506769, -14.168749378480982 ], [ -169.685249387049538, -14.169099844282357 ], [ -169.685194733450174, -14.16978012385357 ], [ -169.68483707397175, -14.169917187728004 ], [ -169.684646445576988, -14.169695950907339 ], [ -169.684527137917058, -14.169635595606223 ], [ -169.684466782615885, -14.169516287946294 ], [ -169.684287118755492, -14.169516287946294 ], [ -169.684287118755492, -14.169426456465771 ], [ -169.683651982453, -14.169261295971978 ], [ -169.683439070656561, -14.168995389825341 ], [ -169.683259056959884, -14.168568089545658 ], [ -169.683085534569727, -14.168272926654197 ], [ -169.682989562518259, -14.167949560124043 ], [ -169.683228967442858, -14.167111104194078 ], [ -169.683738041277564, -14.166474572143727 ], [ -169.68391788050576, -14.166047836638313 ], [ -169.684206674398467, -14.165556567581461 ], [ -169.684907781368992, -14.1649950956471 ], [ -169.685225086468535, -14.164861379948661 ], [ -169.685617397724684, -14.164910171766962 ], [ -169.685904086304504, -14.164845049159624 ] ] ], [ [ [ -169.679179355342939, -14.160124834193709 ], [ -169.679847213478098, -14.159581272257867 ], [ -169.680181625481595, -14.159594523768192 ], [ -169.68028786239492, -14.160040775461368 ], [ -169.68056086599114, -14.160217012005432 ], [ -169.681067220275963, -14.160629108346654 ], [ -169.681190475959681, -14.161787860521315 ], [ -169.681387157691148, -14.162727702421478 ], [ -169.680873521595714, -14.162958587169044 ], [ -169.680873521595714, -14.163048418649566 ], [ -169.680783690115192, -14.163048418649566 ], [ -169.680718947921093, -14.163429339092659 ], [ -169.680400677848979, -14.163675048264793 ], [ -169.68028382623757, -14.164075698934312 ], [ -169.680205575327022, -14.164446588339331 ], [ -169.6801548688521, -14.164485722338156 ], [ -169.680297862856065, -14.165061403560856 ], [ -169.680334532712493, -14.165384038042873 ], [ -169.680452084895762, -14.165489042884985 ], [ -169.680736230192849, -14.165880639180102 ], [ -169.681010812998608, -14.166234910013031 ], [ -169.68127521907607, -14.166723656471504 ], [ -169.680826061673372, -14.167492550740576 ], [ -169.680592798219038, -14.168000913211529 ], [ -169.67990414775818, -14.168790414545924 ], [ -169.67951341571154, -14.169139528666278 ], [ -169.679189706539688, -14.16969558398398 ], [ -169.678765638423442, -14.171235014684157 ], [ -169.678597818634387, -14.172134015672214 ], [ -169.678490442280065, -14.172433284868134 ], [ -169.678398768088641, -14.173021789523943 ], [ -169.677951452497496, -14.173421431154054 ], [ -169.677824337822898, -14.173563758760395 ], [ -169.677587126344775, -14.173775704684999 ], [ -169.677332720728458, -14.174060359897624 ], [ -169.677190429094992, -14.174187526732908 ], [ -169.677059366396605, -14.174814132965821 ], [ -169.677033574739653, -14.17546320696141 ], [ -169.67740816485491, -14.176171079531628 ], [ -169.67742650023277, -14.176632777080954 ], [ -169.677224554769367, -14.177597966373014 ], [ -169.677262013331216, -14.178542902932577 ], [ -169.677034364344422, -14.179261790399266 ], [ -169.676326327198211, -14.180162151162278 ], [ -169.676115872349612, -14.180389328904369 ], [ -169.675975948631105, -14.180518938298292 ], [ -169.675137550257716, -14.182071301249493 ], [ -169.674506624581028, -14.182752247218389 ], [ -169.673705334033912, -14.183339990148397 ], [ -169.673457245255634, -14.183569783118969 ], [ -169.673327673633196, -14.183709668166614 ], [ -169.673327673633196, -14.183799499647137 ], [ -169.673148010672122, -14.183799499647137 ], [ -169.673087655370978, -14.183918807307066 ], [ -169.672968347711048, -14.183979162608239 ], [ -169.672907992409904, -14.184098470268168 ], [ -169.672788684749975, -14.184158825569284 ], [ -169.672788684749975, -14.184248657049864 ], [ -169.672698853269424, -14.184248657049864 ], [ -169.672698853269424, -14.184338488530386 ], [ -169.672609021788901, -14.184338488530386 ], [ -169.672449710485722, -14.18454489732909 ], [ -169.672070032006332, -14.184697815351853 ], [ -169.671761762395391, -14.184895807395549 ], [ -169.671151715379324, -14.185135617914398 ], [ -169.669818278890432, -14.185455598497015 ], [ -169.668734598522889, -14.185373486796948 ], [ -169.668386940404957, -14.185236804235103 ], [ -169.667884620478816, -14.185110281314394 ], [ -169.667631618704206, -14.185004001233608 ], [ -169.667345631595595, -14.184930618353292 ], [ -169.667308961739167, -14.184877478312956 ], [ -169.667219130258616, -14.184877478312956 ], [ -169.66707859320249, -14.184838347012033 ], [ -169.666658384976472, -14.184584851509669 ], [ -169.666180277497773, -14.184389188710043 ], [ -169.666141151592853, -14.184338488530386 ], [ -169.666051320112302, -14.184338488530386 ], [ -169.66596148863178, -14.184338488530386 ], [ -169.66596148863178, -14.184248657049864 ], [ -169.664930970787651, -14.183931719773 ], [ -169.664703847904235, -14.183889331127659 ], [ -169.664373997262146, -14.184016128341625 ], [ -169.663536213125695, -14.183911926594078 ], [ -169.663446206277371, -14.183799499647137 ], [ -169.663266543316297, -14.183799499647137 ], [ -169.663266543316297, -14.183709668166614 ], [ -169.663176711835746, -14.183709668166614 ], [ -169.663086880355223, -14.183709668166614 ], [ -169.663086880355223, -14.183619836686091 ], [ -169.662997048874672, -14.183619836686091 ], [ -169.662997048874672, -14.183530005205512 ], [ -169.662387177226407, -14.183248251205782 ], [ -169.66152096911739, -14.183046705940683 ], [ -169.659781097519613, -14.182268706935247 ], [ -169.659356327932159, -14.181960481391059 ], [ -169.658463100591604, -14.181146942077646 ], [ -169.658188518685165, -14.180972334205819 ], [ -169.65783173604575, -14.180723126670898 ], [ -169.656777005754179, -14.180239020714168 ], [ -169.65600273533795, -14.179677097320166 ], [ -169.655144335142921, -14.178716441510517 ], [ -169.654954583587141, -14.178546883331933 ], [ -169.654737724666234, -14.178205853217491 ], [ -169.654225843148112, -14.177748504789633 ], [ -169.653971524766035, -14.177463849576952 ], [ -169.653829145898328, -14.177336685439627 ], [ -169.653678782849511, -14.177168399801758 ], [ -169.652859684826552, -14.176496291470642 ], [ -169.652444388697546, -14.176206208849408 ], [ -169.651597393704719, -14.175713116866802 ], [ -169.651240962700228, -14.175394594085219 ], [ -169.650682586232335, -14.174625181806675 ], [ -169.650288432265313, -14.174319746858771 ], [ -169.649654523537407, -14.173875644545319 ], [ -169.648770946821713, -14.173123957904295 ], [ -169.648317139924046, -14.172877389879602 ], [ -169.647497076029197, -14.17250100381824 ], [ -169.646420589338703, -14.17189935107416 ], [ -169.646326370965227, -14.171793879483914 ], [ -169.645020480710599, -14.17124103474589 ], [ -169.644095847245524, -14.170955525177305 ], [ -169.643013570719688, -14.170479183067812 ], [ -169.642383258380647, -14.170367159916452 ], [ -169.641796809575084, -14.170324771271112 ], [ -169.639685330013947, -14.170236957869292 ], [ -169.638789208655027, -14.170551064080314 ], [ -169.638257587917309, -14.170652557069786 ], [ -169.638203548554884, -14.170594265712737 ], [ -169.637844222632737, -14.170594265712737 ], [ -169.637754391152214, -14.170594265712737 ], [ -169.637664559671663, -14.170594265712737 ], [ -169.637664559671663, -14.170504434232214 ], [ -169.637574728191112, -14.170504434232214 ], [ -169.637484896710589, -14.170504434232214 ], [ -169.637395065230038, -14.170504434232214 ], [ -169.637395065230038, -14.170414602751691 ], [ -169.63716223974555, -14.170288079830982 ], [ -169.636945907827368, -14.170145108310066 ], [ -169.636856076346817, -14.170145108310066 ], [ -169.636856076346817, -14.170055276829544 ], [ -169.636766244866294, -14.170055276829544 ], [ -169.636766244866294, -14.169965445348964 ], [ -169.636316209725265, -14.169676421229838 ], [ -169.635786957801827, -14.169468354081232 ], [ -169.635059445836731, -14.169426456465771 ], [ -169.635059445836731, -14.169516287946294 ], [ -169.634610288434033, -14.169516287946294 ], [ -169.634021382680629, -14.16947634006101 ], [ -169.633620912774887, -14.169322410300936 ], [ -169.633492394258553, -14.169017246948329 ], [ -169.633172983846094, -14.168617972241577 ], [ -169.63303490283846, -14.168576398382015 ], [ -169.632683998167948, -14.168327588347495 ], [ -169.633270184371497, -14.167618915380615 ], [ -169.633532309768242, -14.167539994475135 ], [ -169.633532309768242, -14.167450162994555 ], [ -169.633622141248793, -14.167450162994555 ], [ -169.633801804209867, -14.167450162994555 ], [ -169.633801804209867, -14.167360331514033 ], [ -169.633891635690418, -14.167360331514033 ], [ -169.634071298651492, -14.167360331514033 ], [ -169.634181395455016, -14.167200908694952 ], [ -169.634610288434033, -14.167090837072408 ], [ -169.634746790232157, -14.167047634540666 ], [ -169.635145856296191, -14.166907749493021 ], [ -169.635855033782747, -14.166772355659646 ], [ -169.636763261815048, -14.166808356420461 ], [ -169.63811836656933, -14.166680024063794 ], [ -169.639004839102029, -14.166782704158436 ], [ -169.639504351344698, -14.166957803060143 ], [ -169.640050271302954, -14.167130614985865 ], [ -169.640733393631194, -14.167370069373135 ], [ -169.642688194204766, -14.16783569156388 ], [ -169.645299800245567, -14.167942522929025 ], [ -169.646489454025044, -14.167735373988251 ], [ -169.648119843056293, -14.167579147359731 ], [ -169.649208787155771, -14.167260348486252 ], [ -169.65010797969947, -14.167137466021188 ], [ -169.6510296301133, -14.166944621696871 ], [ -169.651498613969835, -14.166963211582924 ], [ -169.65172319267117, -14.166954310093274 ], [ -169.65226218155442, -14.166975671689841 ], [ -169.653888975096095, -14.166911190299174 ], [ -169.654146888967716, -14.16677471278274 ], [ -169.655372334865348, -14.166259034326913 ], [ -169.655947028632426, -14.166149318835949 ], [ -169.656612431618385, -14.165954504097044 ], [ -169.657474164700915, -14.165789992913801 ], [ -169.65791981294899, -14.16569673501624 ], [ -169.658731806327779, -14.165610329952699 ], [ -169.659443527996388, -14.165423815956274 ], [ -169.660611512611183, -14.165200838048179 ], [ -169.661153748047013, -14.164978082272626 ], [ -169.661733880913857, -14.164752193259062 ], [ -169.662806683081925, -14.164547380756972 ], [ -169.663575777899808, -14.164345838189831 ], [ -169.664498919389587, -14.164125958446164 ], [ -169.665469170066132, -14.163993362403687 ], [ -169.665927451090965, -14.163873263340406 ], [ -169.667588105906333, -14.163674541047158 ], [ -169.66852967000824, -14.163176317532987 ], [ -169.668712404154093, -14.162409355907016 ], [ -169.66913743634359, -14.162208731547651 ], [ -169.669678443305486, -14.161768481030549 ], [ -169.670040226175473, -14.16137797381441 ], [ -169.670409465324525, -14.161035883399279 ], [ -169.671264618966973, -14.160933555838881 ], [ -169.672113193169309, -14.160756000888682 ], [ -169.673091427127645, -14.160638949627753 ], [ -169.673819992198844, -14.160486506447057 ], [ -169.674642424907944, -14.160329499206966 ], [ -169.675480033676592, -14.160215021805755 ], [ -169.676322028438847, -14.160248395646875 ], [ -169.67810962346033, -14.160115480345098 ], [ -169.678762480903742, -14.160141356538304 ], [ -169.679179355342939, -14.160124834193709 ] ] ], [ [ [ -169.610206555188341, -14.169149637046075 ], [ -169.61022655700998, -14.168168814838907 ], [ -169.610213309996226, -14.167521171664703 ], [ -169.610037770426743, -14.166492029783285 ], [ -169.609860827015524, -14.16614850494949 ], [ -169.609752309421509, -14.165924797691218 ], [ -169.609952413073387, -14.165340021624672 ], [ -169.610260769918568, -14.164199669579034 ], [ -169.610117513312559, -14.161112495745044 ], [ -169.610132163268702, -14.160397524825839 ], [ -169.61003505087686, -14.160304239049367 ], [ -169.610044086365463, -14.159860262640962 ], [ -169.609946973973649, -14.159766976864432 ], [ -169.609952500307628, -14.159499210020499 ], [ -169.609855387915786, -14.15940592424397 ], [ -169.609864423404389, -14.158961947835564 ], [ -169.609767311012575, -14.158868662059035 ], [ -169.609786171594521, -14.157945144652672 ], [ -169.610132076034461, -14.157434847739978 ], [ -169.610309984418222, -14.157163554654289 ], [ -169.610590268925733, -14.156794186902175 ], [ -169.611521131095287, -14.156183889874569 ], [ -169.611928969146589, -14.155633690942011 ], [ -169.612912730338195, -14.155393856141529 ], [ -169.613364256555172, -14.155548385749341 ], [ -169.614251781294655, -14.155798714738864 ], [ -169.615160886165938, -14.156267037593636 ], [ -169.615342303704324, -14.156355070430095 ], [ -169.61553416147234, -14.156453886137911 ], [ -169.615867169634157, -14.156800521726666 ], [ -169.616336504226268, -14.15762833867683 ], [ -169.616508359273325, -14.158333162545375 ], [ -169.616703725296645, -14.159008417604355 ], [ -169.617239468526634, -14.160048251525552 ], [ -169.618037249919126, -14.161475467518756 ], [ -169.618440614742553, -14.162239934425372 ], [ -169.618530446223076, -14.162239934425372 ], [ -169.618530446223076, -14.162329765905952 ], [ -169.618661070052326, -14.162560817927385 ], [ -169.619059521879393, -14.16305835615816 ], [ -169.619159266586848, -14.163138250130089 ], [ -169.619249098067399, -14.163138250130089 ], [ -169.619249098067399, -14.163228081610612 ], [ -169.619364194202177, -14.163272997350873 ], [ -169.619249098067399, -14.163317913091191 ], [ -169.619249098067399, -14.163407744571714 ], [ -169.619428761028473, -14.163407744571714 ], [ -169.619428761028473, -14.163497576052237 ], [ -169.619518592508996, -14.163497576052237 ], [ -169.619518592508996, -14.163587407532759 ], [ -169.619698255470098, -14.163587407532759 ], [ -169.619698255470098, -14.163677239013339 ], [ -169.619788086950621, -14.163677239013339 ], [ -169.619788086950621, -14.163856901974384 ], [ -169.619877918431172, -14.163856901974384 ], [ -169.619877918431172, -14.163946733454964 ], [ -169.620379887621681, -14.164348343701079 ], [ -169.620327075833842, -14.164485722338156 ], [ -169.620416908213713, -14.164485722338156 ], [ -169.620506739694264, -14.164485722338156 ], [ -169.620506739694264, -14.164575553818736 ], [ -169.620596571174787, -14.164575553818736 ], [ -169.620686402655338, -14.164575553818736 ], [ -169.620686402655338, -14.164665386198578 ], [ -169.620866065616411, -14.164755217679101 ], [ -169.620955897096934, -14.164755217679101 ], [ -169.620955897096934, -14.164845049159624 ], [ -169.621135560058036, -14.164845049159624 ], [ -169.621225391538559, -14.164845049159624 ], [ -169.621225391538559, -14.164934880640203 ], [ -169.621405054499633, -14.164934880640203 ], [ -169.621494885980184, -14.164934880640203 ], [ -169.621494885980184, -14.165024712120726 ], [ -169.621944043382882, -14.165024712120726 ], [ -169.622033874863405, -14.165024712120726 ], [ -169.622033874863405, -14.165204375081771 ], [ -169.622393200785552, -14.165204375081771 ], [ -169.622483033165423, -14.165204375081771 ], [ -169.622483033165423, -14.165294206562351 ], [ -169.622752527607048, -14.165294206562351 ], [ -169.622842359087571, -14.165294206562351 ], [ -169.622842359087571, -14.165384038042873 ], [ -169.623022022048644, -14.165384038042873 ], [ -169.623201685009718, -14.165384038042873 ], [ -169.623201685009718, -14.165473869523396 ], [ -169.623291516490269, -14.165473869523396 ], [ -169.623561010931894, -14.165473869523396 ], [ -169.623561010931894, -14.165563701003975 ], [ -169.623920336854042, -14.165563701003975 ], [ -169.623920336854042, -14.165653532484498 ], [ -169.624099999815115, -14.165653532484498 ], [ -169.624099999815115, -14.165743363965021 ], [ -169.624189831295638, -14.165743363965021 ], [ -169.624189831295638, -14.165833195445543 ], [ -169.624346685651005, -14.165856045420128 ], [ -169.624705660837549, -14.166213276821225 ], [ -169.624728821078207, -14.166372184328793 ], [ -169.62481865255873, -14.166372184328793 ], [ -169.62481865255873, -14.166462015809316 ], [ -169.625217718622793, -14.166781591697031 ], [ -169.625537304403053, -14.167180668552987 ], [ -169.625627135883576, -14.167180668552987 ], [ -169.625627135883576, -14.16727050003351 ], [ -169.62580679884465, -14.16727050003351 ], [ -169.625896630325201, -14.16727050003351 ], [ -169.625896630325201, -14.167360331514033 ], [ -169.626076293286275, -14.167360331514033 ], [ -169.626525451588293, -14.167360331514033 ], [ -169.626525451588293, -14.167450162994555 ], [ -169.627381394835481, -14.167492550740576 ], [ -169.628883616086, -14.167592073315461 ], [ -169.629262768461956, -14.167856932651262 ], [ -169.629447519787192, -14.167941709042566 ], [ -169.629768509409161, -14.168116160432419 ], [ -169.629939048748071, -14.168168814838907 ], [ -169.630028880228622, -14.168168814838907 ], [ -169.630028880228622, -14.16825864631943 ], [ -169.630118711709144, -14.16825864631943 ], [ -169.630208543189696, -14.16825864631943 ], [ -169.630208543189696, -14.168348477799952 ], [ -169.630298374670218, -14.168348477799952 ], [ -169.630388206150769, -14.168348477799952 ], [ -169.630388206150769, -14.168438309280475 ], [ -169.63047803853064, -14.168438309280475 ], [ -169.63047803853064, -14.168528140761055 ], [ -169.630764024739932, -14.168601520943412 ], [ -169.631196690374935, -14.168887467582522 ], [ -169.631286521855458, -14.168887467582522 ], [ -169.631286521855458, -14.168977299063044 ], [ -169.631411881952772, -14.169067130543567 ], [ -169.631286521855458, -14.169156962024147 ], [ -169.631196690374935, -14.169336624985192 ], [ -169.631196690374935, -14.169426456465771 ], [ -169.631106858894384, -14.169426456465771 ], [ -169.63092719593331, -14.169695950907339 ], [ -169.63092719593331, -14.169785782387919 ], [ -169.630837364452788, -14.169785782387919 ], [ -169.630837364452788, -14.169875613868442 ], [ -169.630747532972237, -14.169875613868442 ], [ -169.630747532972237, -14.169965445348964 ], [ -169.630657701491714, -14.169965445348964 ], [ -169.630657701491714, -14.170055276829544 ], [ -169.630567870011163, -14.170055276829544 ], [ -169.630567870011163, -14.170234939790589 ], [ -169.630388206150769, -14.170234939790589 ], [ -169.630388206150769, -14.170324771271112 ], [ -169.630298374670218, -14.170324771271112 ], [ -169.630298374670218, -14.170414602751691 ], [ -169.630208543189696, -14.170414602751691 ], [ -169.630208543189696, -14.170504434232214 ], [ -169.630118711709144, -14.170504434232214 ], [ -169.630118711709144, -14.170594265712737 ], [ -169.630028880228622, -14.170594265712737 ], [ -169.630028880228622, -14.170684098092579 ], [ -169.629939048748071, -14.170684098092579 ], [ -169.629939048748071, -14.170773929573159 ], [ -169.629759385786997, -14.170773929573159 ], [ -169.629759385786997, -14.170863761053681 ], [ -169.629669554306446, -14.170863761053681 ], [ -169.629669554306446, -14.170953592534204 ], [ -169.629579722825923, -14.170953592534204 ], [ -169.629579722825923, -14.171043424014783 ], [ -169.629489891345372, -14.171043424014783 ], [ -169.62941935931596, -14.171182930447856 ], [ -169.629220396903776, -14.171223086975829 ], [ -169.629149864874336, -14.171362593408901 ], [ -169.628950902462151, -14.171402749936931 ], [ -169.628659915122967, -14.171740544290628 ], [ -169.628225583044184, -14.17211472071773 ], [ -169.627723965488599, -14.172696950803584 ], [ -169.627115234180678, -14.173078200398606 ], [ -169.626902761253405, -14.173261289776633 ], [ -169.626573700216056, -14.173786626951255 ], [ -169.625865400467831, -14.174396830449325 ], [ -169.625525636598809, -14.175005846842339 ], [ -169.625362817040354, -14.175546623577759 ], [ -169.625226228007989, -14.175852749204978 ], [ -169.625177978480906, -14.175894325762499 ], [ -169.625177978480906, -14.176073988723545 ], [ -169.625088147000355, -14.176073988723545 ], [ -169.625088147000355, -14.176343483165169 ], [ -169.624908484039281, -14.176343483165169 ], [ -169.624908484039281, -14.176702809986637 ], [ -169.62481865255873, -14.176702809986637 ], [ -169.624735487752531, -14.17751797707291 ], [ -169.624638989597656, -14.177601124792034 ], [ -169.62456328196987, -14.177840293194947 ], [ -169.623561010931894, -14.178768934938375 ], [ -169.623255373636567, -14.179123693203849 ], [ -169.622800776234811, -14.179446010225149 ], [ -169.622594269409973, -14.179538177245036 ], [ -169.622441450312664, -14.179715504666774 ], [ -169.622269331764215, -14.179863772295221 ], [ -169.621860879475975, -14.180572248310568 ], [ -169.621610158382083, -14.180788269063328 ], [ -169.621405054499633, -14.181284217292728 ], [ -169.621405054499633, -14.181553711734352 ], [ -169.621405054499633, -14.181733374695455 ], [ -169.62131522301911, -14.181733374695455 ], [ -169.62131522301911, -14.1819130376565 ], [ -169.621225391538559, -14.1819130376565 ], [ -169.621225391538559, -14.182002869137079 ], [ -169.621225391538559, -14.182092700617602 ], [ -169.621135560058036, -14.182092700617602 ], [ -169.621135560058036, -14.182182532098125 ], [ -169.621045728577485, -14.182182532098125 ], [ -169.621045728577485, -14.182272363578647 ], [ -169.620955897096934, -14.182272363578647 ], [ -169.620955897096934, -14.182362195059227 ], [ -169.620866065616411, -14.182362195059227 ], [ -169.620805709415919, -14.182481502719156 ], [ -169.620686402655338, -14.182541858020272 ], [ -169.620686402655338, -14.182631690400171 ], [ -169.620596571174787, -14.182631690400171 ], [ -169.620380238357285, -14.182774661921087 ], [ -169.620237244353319, -14.182811353361217 ], [ -169.620237244353319, -14.182901184841739 ], [ -169.620147412872768, -14.182901184841739 ], [ -169.620098374640264, -14.182956029996717 ], [ -169.619296557989742, -14.183577448940071 ], [ -169.619069435106326, -14.183709668166614 ], [ -169.618223053451118, -14.184748296096927 ], [ -169.617774948255231, -14.185178839331911 ], [ -169.617299210490131, -14.186102402603751 ], [ -169.61681943566839, -14.187393435158867 ], [ -169.616513710239502, -14.187711661164201 ], [ -169.616062535657477, -14.188145192846321 ], [ -169.615886732586603, -14.188686939950287 ], [ -169.615747423105063, -14.188831863000019 ], [ -169.615335110926594, -14.189228017958612 ], [ -169.614718922440289, -14.189869416240526 ], [ -169.614398195420364, -14.190177537463342 ], [ -169.614398195420364, -14.190267368943864 ], [ -169.61421853245929, -14.190267368943864 ], [ -169.613727793103152, -14.190495286827968 ], [ -169.613230386173342, -14.190716527245911 ], [ -169.613190470663653, -14.19076640994183 ], [ -169.613000807241434, -14.190846306611718 ], [ -169.612601565809598, -14.191165684648581 ], [ -169.612424797766181, -14.191120319247261 ], [ -169.612192849120675, -14.190784437751574 ], [ -169.61215240750758, -14.190626695765332 ], [ -169.612062576027029, -14.190626695765332 ], [ -169.612062576027029, -14.190536863385489 ], [ -169.612002922197064, -14.190506685734931 ], [ -169.611882913065955, -14.190267368943864 ], [ -169.611793081585432, -14.190267368943864 ], [ -169.611793081585432, -14.190177537463342 ], [ -169.611727023683159, -14.189974067649075 ], [ -169.611387963084013, -14.189414869200789 ], [ -169.611255847279494, -14.18914267679304 ], [ -169.611072675163797, -14.188786947259757 ], [ -169.610884502817527, -14.188399192868417 ], [ -169.610223749326536, -14.1861773377139 ], [ -169.610040489976598, -14.185641945219572 ], [ -169.609794944481081, -14.184885230468979 ], [ -169.608945492540414, -14.18336571615481 ], [ -169.608603098154418, -14.183036798109697 ], [ -169.608605028099532, -14.182945233635564 ], [ -169.608467561328865, -14.182813151106018 ], [ -169.608329480321231, -14.182669472717919 ], [ -169.608126042882532, -14.181835148273422 ], [ -169.60775206700427, -14.181475827747192 ], [ -169.607216938011248, -14.181124961747514 ], [ -169.606557149492829, -14.180292730924748 ], [ -169.606448983533738, -14.179590160757243 ], [ -169.606898140936437, -14.17791643429598 ], [ -169.606986217839648, -14.177555309729712 ], [ -169.607268257823819, -14.176731222268074 ], [ -169.607493011892956, -14.176515273461064 ], [ -169.60860318538866, -14.174411207011531 ], [ -169.609190336564751, -14.173340312305527 ], [ -169.609496499963484, -14.172709210361745 ], [ -169.609593087151211, -14.172616374246218 ], [ -169.609698182824843, -14.172507010390177 ], [ -169.609950658496075, -14.171356934874609 ], [ -169.610202169194736, -14.170622094334135 ], [ -169.610399815898745, -14.169903814809174 ], [ -169.610206555188341, -14.169149637046075 ] ] ] ] } }
]
}
