{
"type": "FeatureCollection",
"crs": { "type": "name", "properties": { "name": "urn:ogc:def:crs:OGC:1.3:CRS84" } },
"features": [
{ "type": "Feature", "properties": { "shapeName": "Northern Mariana Islands", "shapeISO": "MNP", "shapeID": "30081990B47496530181215", "shapeGroup": "MNP", "shapeType": "ADM0" }, "geometry": { "type": "MultiPolygon", "coordinates": [ [ [ [ 145.130727320909727, 14.135497658789347 ], [ 145.130727320909727, 14.135677321831338 ], [ 145.130457826346628, 14.135677321831338 ], [ 145.130457826346628, 14.135497658789347 ], [ 145.130727320909727, 14.135497658789347 ] ] ], [ [ [ 145.132882027316441, 14.136556688204621 ], [ 145.132610142217459, 14.136704769852543 ], [ 145.132039505902753, 14.13628157917168 ], [ 145.131606489899241, 14.136160868065474 ], [ 145.131387262388785, 14.13619315126823 ], [ 145.131227184197314, 14.135986117684752 ], [ 145.130974576907761, 14.135882249988583 ], [ 145.130867858113447, 14.135640125967143 ], [ 145.131176478514703, 14.135587490310229 ], [ 145.131263546663604, 14.135461164733954 ], [ 145.131670924715991, 14.135552399872665 ], [ 145.131895130682437, 14.135497658789347 ], [ 145.132209233964545, 14.135445724941405 ], [ 145.132345626110464, 14.135466077395506 ], [ 145.132602224937273, 14.136092792615841 ], [ 145.132882027316441, 14.136556688204621 ] ] ], [ [ [ 145.240021533949175, 14.199836678457928 ], [ 145.23994275591599, 14.199758075877128 ], [ 145.240052281945282, 14.199727196292031 ], [ 145.240021533949175, 14.199836678457928 ] ] ], [ [ [ 145.240272956936451, 14.199841591119309 ], [ 145.240115181555097, 14.199763690347083 ], [ 145.240321776508154, 14.199727196292031 ], [ 145.240272956936451, 14.199841591119309 ] ] ], [ [ [ 145.247567381711633, 14.200555330625775 ], [ 145.247488603678448, 14.200476728044976 ], [ 145.24759812970774, 14.200445848459651 ], [ 145.247567381711633, 14.200555330625775 ] ] ], [ [ [ 145.249843917732278, 14.200176353896666 ], [ 145.24977535978951, 14.200259167330273 ], [ 145.24872519070982, 14.20037496577504 ], [ 145.248855771001445, 14.200266185417888 ], [ 145.248855771001445, 14.200176353896666 ], [ 145.248676107959682, 14.200176353896666 ], [ 145.248676107959682, 14.200266185417888 ], [ 145.248226950354706, 14.200266185417888 ], [ 145.248226950354706, 14.200356016938599 ], [ 145.248137118833824, 14.200481640706528 ], [ 145.248047287312602, 14.200356016938599 ], [ 145.24777779274973, 14.200356016938599 ], [ 145.247687961228849, 14.200356016938599 ], [ 145.247238803623873, 14.200356016938599 ], [ 145.247312186502313, 14.200503396777776 ], [ 145.246850352476713, 14.200565857757454 ], [ 145.246759468242317, 14.200386194715122 ], [ 145.246699814498015, 14.200356016938599 ], [ 145.245172678641325, 14.200356016938599 ], [ 145.245172678641325, 14.200176353896666 ], [ 145.244903184078453, 14.200176353896666 ], [ 145.244184531910491, 14.200176353896666 ], [ 145.243645542784634, 14.200176353896666 ], [ 145.243286216700653, 14.200176353896666 ], [ 145.243016722137668, 14.200176353896666 ], [ 145.242786309549956, 14.200233200405989 ], [ 145.242747227574682, 14.200176353896666 ], [ 145.242657396053801, 14.200176353896666 ], [ 145.242567564532692, 14.200176353896666 ], [ 145.242527254392257, 14.200317417456972 ], [ 145.241801759588952, 14.200226884127289 ], [ 145.241446644357552, 14.200125823666156 ], [ 145.241216582674269, 14.200153896016445 ], [ 145.240824227715734, 14.20000370894229 ], [ 145.240770934113016, 14.199817027812912 ], [ 145.240471261773564, 14.199667542547502 ], [ 145.240321776508154, 14.199637364770808 ], [ 145.239962450424287, 14.199637364770808 ], [ 145.239962450424287, 14.199547533249699 ], [ 145.239782787382296, 14.199547533249699 ], [ 145.239782787382296, 14.199457701728818 ], [ 145.239423461298429, 14.199457701728818 ], [ 145.239373567081998, 14.199497704827991 ], [ 145.23929369247287, 14.199597361671636 ], [ 145.238952613416814, 14.199677367870095 ], [ 145.238330087116992, 14.199438051083803 ], [ 145.237820902931844, 14.199138378744237 ], [ 145.237716662399748, 14.199008544123842 ], [ 145.237567177134338, 14.19897836634749 ], [ 145.237447167836763, 14.198918712602961 ], [ 145.237395014673552, 14.199003631462631 ], [ 145.236994084489197, 14.198878709503845 ], [ 145.236908178711019, 14.198739049561027 ], [ 145.236818347190138, 14.198739049561027 ], [ 145.236818347190138, 14.198649218039918 ], [ 145.236408315423205, 14.198340422186504 ], [ 145.236311663198308, 14.198215500227718 ], [ 145.23595915781857, 14.19807092762386 ], [ 145.235740368938082, 14.197930565872298 ], [ 145.235560705896091, 14.197930565872298 ], [ 145.235560705896091, 14.197840734351416 ], [ 145.235381042854101, 14.197840734351416 ], [ 145.235381042854101, 14.197661071309085 ], [ 145.235048846064956, 14.197246302333667 ], [ 145.234482727644377, 14.196942419141465 ], [ 145.234392896123495, 14.196942419141465 ], [ 145.234392896123495, 14.196852587620413 ], [ 145.234351313954448, 14.196804162816136 ], [ 145.233556296221195, 14.19668345170976 ], [ 145.232880607908101, 14.196204116328261 ], [ 145.231925862888033, 14.195995679127236 ], [ 145.231470038099815, 14.195912865693799 ], [ 145.231027547678082, 14.195726184564251 ], [ 145.230046090062046, 14.195371069332964 ], [ 145.22940391311738, 14.195014550484018 ], [ 145.22914108573741, 14.19482786935464 ], [ 145.228643788438148, 14.194678384089229 ], [ 145.228138266817268, 14.194315548961413 ], [ 145.227925026612752, 14.194067810469846 ], [ 145.227835195091643, 14.194067810469846 ], [ 145.227835195091643, 14.193977978948965 ], [ 145.227745363570648, 14.193977978948965 ], [ 145.227745363570648, 14.193888147427856 ], [ 145.227745363570648, 14.193798315906974 ], [ 145.227655532049766, 14.193798315906974 ], [ 145.227655532049766, 14.193708484386093 ], [ 145.227565700528658, 14.193708484386093 ], [ 145.227475869007776, 14.193708484386093 ], [ 145.227475869007776, 14.193618652865212 ], [ 145.227296205965786, 14.193618652865212 ], [ 145.227296205965786, 14.193528821343989 ], [ 145.227009473225166, 14.193492327288538 ], [ 145.226936879881919, 14.193349158301999 ], [ 145.226847048361037, 14.193349158301999 ], [ 145.226757216839815, 14.193349158301999 ], [ 145.226757216839815, 14.193259326781117 ], [ 145.226517900053523, 14.193229149004424 ], [ 145.226397890755834, 14.193169495260236 ], [ 145.226218227713957, 14.193169495260236 ], [ 145.226218227713957, 14.192989832218075 ], [ 145.226128396193076, 14.192989832218075 ], [ 145.226128396193076, 14.192900000697023 ], [ 145.225916449948159, 14.192535761951888 ], [ 145.225547013431765, 14.192403120096742 ], [ 145.22527247461835, 14.192318903045816 ], [ 145.224584263405518, 14.191838164046771 ], [ 145.223856531586762, 14.191612883435539 ], [ 145.22325975289607, 14.191244433837767 ], [ 145.222482368107762, 14.190821944965649 ], [ 145.222133415634744, 14.190696321198061 ], [ 145.221411276354274, 14.190473847821806 ], [ 145.220470764893093, 14.190047148097165 ], [ 145.220109684287081, 14.189935560504864 ], [ 145.2200198527662, 14.189935560504864 ], [ 145.2200198527662, 14.189845728983983 ], [ 145.219930021245318, 14.189845728983983 ], [ 145.219840189724209, 14.189845728983983 ], [ 145.219840189724209, 14.18975589746276 ], [ 145.219595236536179, 14.189687822013298 ], [ 145.219222926990369, 14.189205679396764 ], [ 145.218935974934652, 14.188983907829254 ], [ 145.218531842747893, 14.18881828096255 ], [ 145.218248706777217, 14.188647741434636 ], [ 145.218133390825642, 14.188498256169225 ], [ 145.218043559304533, 14.188498256169225 ], [ 145.218043559304533, 14.188408424648003 ], [ 145.217863896262543, 14.188318593127121 ], [ 145.217774064741548, 14.188318593127121 ], [ 145.217774064741548, 14.188228761606013 ], [ 145.217414738657794, 14.187779604001037 ], [ 145.217324907136685, 14.187779604001037 ], [ 145.217324907136685, 14.187689772480155 ], [ 145.217283324967752, 14.187641347675935 ], [ 145.216785918010828, 14.187330446396231 ], [ 145.216696086489947, 14.187330446396231 ], [ 145.216696086489947, 14.187240614875179 ], [ 145.216108277792273, 14.187063759068565 ], [ 145.215252729053532, 14.186529682603918 ], [ 145.21494103823909, 14.186390724469845 ], [ 145.214678210859461, 14.186204043340069 ], [ 145.213863059987489, 14.185761903822765 ], [ 145.213061243481661, 14.185126065088355 ], [ 145.212704022824028, 14.184902188094611 ], [ 145.212307698259565, 14.184442503358468 ], [ 145.212114678919875, 14.184276174683021 ], [ 145.212024847398766, 14.184276174683021 ], [ 145.212024847398766, 14.184186343161798 ], [ 145.211983265229946, 14.184137918357521 ], [ 145.211617271962837, 14.184055104924255 ], [ 145.211464496968915, 14.183877547308555 ], [ 145.211257945878742, 14.183785610361213 ], [ 145.210995118499113, 14.183598929231835 ], [ 145.210718956752885, 14.183426284277346 ], [ 145.210308946917735, 14.183104855866134 ], [ 145.209430501668521, 14.182713246579453 ], [ 145.208922326333322, 14.182348306025403 ], [ 145.207881258835869, 14.18145630709455 ], [ 145.207386088894168, 14.181235939144528 ], [ 145.206363750917944, 14.180379030651352 ], [ 145.205857527488547, 14.179791616721218 ], [ 145.20537731484626, 14.179425272549736 ], [ 145.205287483325037, 14.179425272549736 ], [ 145.205287483325037, 14.179335441028798 ], [ 145.20502362516379, 14.178741009011105 ], [ 145.204879907889222, 14.178216056060307 ], [ 145.204750226789542, 14.177644783731637 ], [ 145.204588043171952, 14.177456698984372 ], [ 145.203692557128761, 14.176800507796258 ], [ 145.202723951385451, 14.176509257161797 ], [ 145.202043701315802, 14.176222919188547 ], [ 145.201757231753277, 14.17624537706871 ], [ 145.201549452497943, 14.176066415835521 ], [ 145.201255372697233, 14.175725336779351 ], [ 145.200754325107027, 14.175514092343178 ], [ 145.199939174235055, 14.175431278909912 ], [ 145.199308708723947, 14.175165293390762 ], [ 145.198235862448655, 14.17502493163903 ], [ 145.197619235729007, 14.1746698164078 ], [ 145.197107266240209, 14.174075384390051 ], [ 145.196409580608929, 14.173819224193494 ], [ 145.196124668185007, 14.173796064504586 ], [ 145.195779246687039, 14.173824136854705 ], [ 145.194772063393771, 14.173708338409938 ], [ 145.194205879178526, 14.173392524468738 ], [ 145.193789048639246, 14.173316729122917 ], [ 145.193699217118365, 14.173316729122917 ], [ 145.19241718797025, 14.173487268651343 ], [ 145.191593790845218, 14.17343814203798 ], [ 145.190727407933991, 14.173127240758333 ], [ 145.190243225685776, 14.172730017001697 ], [ 145.189836461716027, 14.172508245434358 ], [ 145.189746630195145, 14.172508245434358 ], [ 145.189746630195145, 14.172418413913135 ], [ 145.188247369304918, 14.171694849084076 ], [ 145.187231391470618, 14.171529222217373 ], [ 145.186099593259769, 14.171202179336092 ], [ 145.18588567317795, 14.170979004151093 ], [ 145.18490614553582, 14.1703979065 ], [ 145.183951597899295, 14.170128411936787 ], [ 145.183683901721224, 14.170037176798417 ], [ 145.183217659459388, 14.169885586106773 ], [ 145.181320780045098, 14.169036397510013 ], [ 145.179870952809438, 14.169065873477621 ], [ 145.179081461820033, 14.168863752555524 ], [ 145.178606534674941, 14.168618821299049 ], [ 145.177437452873619, 14.168091061113273 ], [ 145.176721059652778, 14.167926837864059 ], [ 145.176631228131896, 14.167926837864059 ], [ 145.176631228131896, 14.167837006343177 ], [ 145.176271902047802, 14.167747174822296 ], [ 145.175997363234274, 14.167662255962455 ], [ 145.175870182328481, 14.16751978878483 ], [ 145.175634330723028, 14.167309246157402 ], [ 145.174787159826337, 14.16707624564998 ], [ 145.174073551908918, 14.166801136616641 ], [ 145.173629175376163, 14.166716919565886 ], [ 145.172706340723039, 14.167501541756963 ], [ 145.171553225070966, 14.167609620305711 ], [ 145.170910521769542, 14.167782265259859 ], [ 145.169474774571995, 14.167894554661132 ], [ 145.168638152738367, 14.167844726239366 ], [ 145.167785345440166, 14.167974560859761 ], [ 145.167151480542884, 14.168058777910687 ], [ 145.16657527362122, 14.168213175837309 ], [ 145.165714176207075, 14.168328272473332 ], [ 145.164731073726898, 14.168513549985619 ], [ 145.164414141278257, 14.168555658510797 ], [ 145.164372559109097, 14.168604083315245 ], [ 145.164257857240273, 14.168686896748511 ], [ 145.164095542033692, 14.168498812001474 ], [ 145.163515826068306, 14.168555658510797 ], [ 145.162527679337472, 14.168555658510797 ], [ 145.162437847816364, 14.168555658510797 ], [ 145.1623838304738, 14.168618119490304 ], [ 145.161629364127521, 14.168555658510797 ], [ 145.161539532606639, 14.168555658510797 ], [ 145.161359869564649, 14.168555658510797 ], [ 145.161359869564649, 14.168465826989916 ], [ 145.161000543480782, 14.168465826989916 ], [ 145.161000543480782, 14.168375995468864 ], [ 145.160820880438678, 14.168375995468864 ], [ 145.1606861112258, 14.168442667301008 ], [ 145.160371722833816, 14.168286163948153 ], [ 145.160281891312934, 14.168286163948153 ], [ 145.159771435099287, 14.168222299350987 ], [ 145.159253807277423, 14.167787177921241 ], [ 145.159064187323793, 14.167707171722782 ], [ 145.158786161398098, 14.167215203783712 ], [ 145.158374572493244, 14.166886055476311 ], [ 145.158305597851268, 14.166489533528249 ], [ 145.158261581283227, 14.165635432270449 ], [ 145.158057661976045, 14.165039596635211 ], [ 145.158439445940303, 14.164298486586858 ], [ 145.15790225519936, 14.163659138808612 ], [ 145.157668004594825, 14.16354544578985 ], [ 145.156512542270093, 14.162342545579293 ], [ 145.15573528907089, 14.161833032421043 ], [ 145.155057890099101, 14.160978931163072 ], [ 145.154823507905462, 14.160865238144368 ], [ 145.154219162839013, 14.160155709490368 ], [ 145.153408880765255, 14.159258797897905 ], [ 145.153095369634229, 14.158764022723858 ], [ 145.153005538113348, 14.158764022723858 ], [ 145.153005538113348, 14.158674191202749 ], [ 145.152849473390802, 14.158493124543327 ], [ 145.152518153862729, 14.158307847031267 ], [ 145.152238636593438, 14.158183626881339 ], [ 145.152113912018194, 14.158038352468395 ], [ 145.151583081419062, 14.15758147496723 ], [ 145.151084183118428, 14.15700248274203 ], [ 145.150890659353536, 14.156835452257667 ], [ 145.150898335386842, 14.15674000626683 ], [ 145.150801332257629, 14.156656491024478 ], [ 145.150635025513566, 14.156463493616172 ], [ 145.150442006173762, 14.156297164940725 ], [ 145.149865667663107, 14.155586232669123 ], [ 145.14954369096381, 14.155309018209891 ], [ 145.149460526626171, 14.155212168601224 ], [ 145.149242066718671, 14.15502408385413 ], [ 145.148745164186835, 14.154381928840905 ], [ 145.148314538719433, 14.154010672008155 ], [ 145.147870293776009, 14.153240085992138 ], [ 145.147484233164619, 14.152966380576856 ], [ 145.147181051781331, 14.152776892212103 ], [ 145.146895832315863, 14.152445638478696 ], [ 145.146628662494322, 14.152326330989638 ], [ 145.146187137059655, 14.151814010596638 ], [ 145.145766885202875, 14.151687685020306 ], [ 145.145591104040591, 14.151536094328662 ], [ 145.145454580305909, 14.150787264384292 ], [ 145.145148613618858, 14.150361266468053 ], [ 145.144665308631716, 14.149744376570141 ], [ 145.144512643295343, 14.149072043780336 ], [ 145.144333462746886, 14.148751317178267 ], [ 145.144291880578066, 14.148433397810834 ], [ 145.144196215271677, 14.148344969907441 ], [ 145.143799517871571, 14.147039605618033 ], [ 145.143486094466653, 14.146217787562819 ], [ 145.142921116485127, 14.145523698701595 ], [ 145.142724960937471, 14.144700477028721 ], [ 145.142519616081131, 14.144114466716076 ], [ 145.141240438031105, 14.143063157196991 ], [ 145.140835077679071, 14.142548029569014 ], [ 145.139890026392209, 14.141515668886541 ], [ 145.139179883655629, 14.140612441015378 ], [ 145.138618787553924, 14.140093102534706 ], [ 145.138137916965775, 14.139573764053864 ], [ 145.137457666895784, 14.138608777012109 ], [ 145.1367124337213, 14.137918197194608 ], [ 145.136120436102715, 14.13763887730903 ], [ 145.134996028815408, 14.136619149184128 ], [ 145.13470668622324, 14.136431766245835 ], [ 145.134374050803785, 14.136073141970826 ], [ 145.134094292287614, 14.135813472730206 ], [ 145.13379431290673, 14.135303257763439 ], [ 145.133465471640761, 14.134825325999543 ], [ 145.133310942124922, 14.134498283118603 ], [ 145.132889856870293, 14.134364939454485 ], [ 145.132793445892275, 14.134060354453709 ], [ 145.132703614371394, 14.133880691411946 ], [ 145.132567156430923, 14.13383717926871 ], [ 145.132339989708726, 14.133717169971135 ], [ 145.131510693003861, 14.133081331236724 ], [ 145.130594284287099, 14.132307236177212 ], [ 145.129953774138016, 14.131837024309391 ], [ 145.129185337411514, 14.131474189181745 ], [ 145.12849971411822, 14.131257330275616 ], [ 145.127673926457192, 14.130752027970004 ], [ 145.127383772398957, 14.130438319455379 ], [ 145.12582966076809, 14.129704929303557 ], [ 145.125833345264141, 14.129612290547527 ], [ 145.125721428698739, 14.129508422851586 ], [ 145.125174193319936, 14.128762400142193 ], [ 145.124852721046068, 14.128464131420117 ], [ 145.124205850755061, 14.128084452882263 ], [ 145.123958748277914, 14.127560903548954 ], [ 145.123511454852519, 14.127010685482844 ], [ 145.123407762608394, 14.126468187313037 ], [ 145.122935467246066, 14.125887791470745 ], [ 145.122964899350791, 14.12514457599633 ], [ 145.122850329071184, 14.124707349140181 ], [ 145.122684526752096, 14.123838509898064 ], [ 145.122186483780979, 14.123377421544205 ], [ 145.122013663374446, 14.123190740414827 ], [ 145.12178397452692, 14.123032131635739 ], [ 145.12174416881146, 14.122292425205046 ], [ 145.121796848331314, 14.121889586978284 ], [ 145.122283157937318, 14.121304278474213 ], [ 145.122283157937318, 14.120944952390118 ], [ 145.122232452254593, 14.120725988057757 ], [ 145.122141940856409, 14.12019331521077 ], [ 145.121962957691608, 14.119737841326923 ], [ 145.121923831853337, 14.11950764805448 ], [ 145.121835996101026, 14.11942904547368 ], [ 145.12170177517612, 14.11879531216573 ], [ 145.122219578450199, 14.118635299768812 ], [ 145.122343601216812, 14.117708210399769 ], [ 145.122811576068784, 14.117579077588516 ], [ 145.123598742316858, 14.118128593845881 ], [ 145.124603622800009, 14.119253593284384 ], [ 145.124935709931492, 14.119549756580227 ], [ 145.124978103566946, 14.119597479575532 ], [ 145.12529584748188, 14.119638886292364 ], [ 145.125918000945717, 14.119825567421742 ], [ 145.127036420927084, 14.119918907986573 ], [ 145.127223891591484, 14.120136468701446 ], [ 145.127453448849678, 14.120266303321444 ], [ 145.12771298650091, 14.120635454728131 ], [ 145.128042112876869, 14.121046714660054 ], [ 145.128810856644577, 14.121514119292897 ], [ 145.129090483571531, 14.121862918245256 ], [ 145.129389783075112, 14.122102936840349 ], [ 145.129469679616022, 14.122202593684165 ], [ 145.129962700268266, 14.122492440701137 ], [ 145.13078524206378, 14.123493219989371 ], [ 145.131262779060194, 14.124100986373435 ], [ 145.131982659393543, 14.125324940846838 ], [ 145.132074793724428, 14.125616191481299 ], [ 145.132164625245537, 14.125616191481299 ], [ 145.132164625245537, 14.12579585452329 ], [ 145.132254456766418, 14.12579585452329 ], [ 145.132254456766418, 14.125885686044512 ], [ 145.1323442882873, 14.126065349086275 ], [ 145.132434119808522, 14.126065349086275 ], [ 145.132434119808522, 14.126155180607157 ], [ 145.132434119808522, 14.126245012128265 ], [ 145.132523951329404, 14.126245012128265 ], [ 145.132523951329404, 14.126334843649147 ], [ 145.132711400062249, 14.12646397646057 ], [ 145.132793445892275, 14.126784001254123 ], [ 145.132883277413157, 14.126784001254123 ], [ 145.132883277413157, 14.126873832775175 ], [ 145.13297310893438, 14.126873832775175 ], [ 145.13297310893438, 14.126963664296056 ], [ 145.13297310893438, 14.127053495816938 ], [ 145.133062940455147, 14.127053495816938 ], [ 145.133062940455147, 14.127322990380151 ], [ 145.133152771976143, 14.127322990380151 ], [ 145.133152771976143, 14.127412821901032 ], [ 145.133152771976143, 14.127502653421914 ], [ 145.133200209862139, 14.127544761947661 ], [ 145.133650639495158, 14.128253588792688 ], [ 145.134457851155616, 14.129161729325062 ], [ 145.134722301468173, 14.129526669879112 ], [ 145.134895406984583, 14.129681067805734 ], [ 145.135171459073149, 14.130155490525851 ], [ 145.135356166365455, 14.130419370619109 ], [ 145.135710448199006, 14.131053805735803 ], [ 145.136190902088288, 14.13183070803052 ], [ 145.13642403418487, 14.132585854253762 ], [ 145.136613807659273, 14.132934653206291 ], [ 145.136878257971944, 14.133569088323384 ], [ 145.137285021941352, 14.134060354453709 ], [ 145.137344675685995, 14.13418036375117 ], [ 145.137374853462347, 14.134329849016581 ], [ 145.137494160951405, 14.134390204569854 ], [ 145.137584694280918, 14.134569165803214 ], [ 145.137763655514277, 14.134659699132669 ], [ 145.137824011067323, 14.134779006621557 ], [ 145.138304223709838, 14.135145350793096 ], [ 145.138535974120487, 14.135414845355911 ], [ 145.138704013454799, 14.13555941796011 ], [ 145.139040070192209, 14.135988223110985 ], [ 145.139365994565424, 14.136508965209146 ], [ 145.139572392134824, 14.136624061845509 ], [ 145.139848553880938, 14.136706875278776 ], [ 145.140777946059984, 14.13755676568428 ], [ 145.14134665240033, 14.137912582724482 ], [ 145.142221478948386, 14.138636849362626 ], [ 145.143152187018813, 14.139184260193417 ], [ 145.14389215662743, 14.139124606449059 ], [ 145.143870312829904, 14.139396206438505 ], [ 145.144289292658186, 14.139511303074528 ], [ 145.145141946435956, 14.139132326345248 ], [ 145.145570883175765, 14.139034774928007 ], [ 145.146153362513246, 14.138709837473471 ], [ 145.146663599411681, 14.138570177530653 ], [ 145.147851630049104, 14.138713346517193 ], [ 145.148472379895452, 14.138600355307005 ], [ 145.148942109269456, 14.138471924304497 ], [ 145.150130929441843, 14.138372267460795 ], [ 145.150130929441843, 14.138282435939914 ], [ 145.150310592483834, 14.138282435939914 ], [ 145.150400424004943, 14.138282435939914 ], [ 145.150442817640169, 14.138234712944211 ], [ 145.151036394328457, 14.138142775997096 ], [ 145.152275744731355, 14.137689407539483 ], [ 145.152873312957013, 14.137342012204613 ], [ 145.153651355691068, 14.136663363135938 ], [ 145.154305573042279, 14.136258419482715 ], [ 145.154669943376689, 14.136174202431789 ], [ 145.155293719773113, 14.135719430356858 ], [ 145.155953617389173, 14.135299748719717 ], [ 145.156505502250866, 14.134682157012833 ], [ 145.156820855629803, 14.134461789062982 ], [ 145.157105439081079, 14.13433125263407 ], [ 145.157676777204529, 14.133880691411946 ], [ 145.157724215090298, 14.133838582886199 ], [ 145.157917344087537, 14.133622425788815 ], [ 145.158636193639154, 14.133119930718408 ], [ 145.159121713710419, 14.132856050625492 ], [ 145.160041521813355, 14.133185900741637 ], [ 145.160503947990037, 14.132934653206291 ], [ 145.160970014799886, 14.132721303343885 ], [ 145.161303395891309, 14.132423034621979 ], [ 145.161505341361249, 14.132105817063461 ], [ 145.162502194906892, 14.131648237753552 ], [ 145.162664948744123, 14.131502963340608 ], [ 145.162945365205928, 14.131188553017239 ], [ 145.163869954380971, 14.130903618661648 ], [ 145.16464630838766, 14.130340066229394 ], [ 145.164815860997237, 14.130149876055896 ], [ 145.16495817465443, 14.130022848670706 ], [ 145.165509664748811, 14.129405958772736 ], [ 145.166388965327656, 14.128913990833837 ], [ 145.166567005436718, 14.128526592399623 ], [ 145.167051538589476, 14.127984094229703 ], [ 145.16746532064667, 14.127614241014442 ], [ 145.168048677244883, 14.126541175423881 ], [ 145.168319290315821, 14.125786731009384 ], [ 145.168234503045142, 14.125658300006705 ], [ 145.167426019356412, 14.124748755856842 ], [ 145.167510806626751, 14.124400658713 ], [ 145.167605682398175, 14.124136778620141 ], [ 145.167700492374934, 14.123427951774886 ], [ 145.168414166087018, 14.122609642763393 ], [ 145.168653614462528, 14.122087497047744 ], [ 145.168838058576739, 14.121922571989614 ], [ 145.169201858691395, 14.121253046434788 ], [ 145.169085380369097, 14.120046637180337 ], [ 145.169025726624909, 14.120016459403985 ], [ 145.168928043618394, 14.119823461995338 ], [ 145.169022941321373, 14.119629060969771 ], [ 145.169085380369097, 14.119597479575532 ], [ 145.16918238349831, 14.119275349355803 ], [ 145.16963248415891, 14.118640212430023 ], [ 145.169575835033129, 14.117935596437235 ], [ 145.169625685386563, 14.1173151974956 ], [ 145.16933004844725, 14.116613388738017 ], [ 145.169299124998929, 14.116228797538611 ], [ 145.169361213142452, 14.11545610609636 ], [ 145.169193765959221, 14.115080638410973 ], [ 145.168864135158287, 14.114698152638141 ], [ 145.168169826981853, 14.114100211576499 ], [ 145.168047843847148, 14.113299447784357 ], [ 145.16777948972333, 14.112818708785198 ], [ 145.16773790755451, 14.112590620938761 ], [ 145.167690469668742, 14.112548512413582 ], [ 145.167485980141919, 14.112319020949883 ], [ 145.167641299192837, 14.112033384785207 ], [ 145.168654776833364, 14.111243148124061 ], [ 145.169247761370571, 14.111104891799073 ], [ 145.169727491519325, 14.110844520749708 ], [ 145.170395898566539, 14.110659945046734 ], [ 145.171420999914631, 14.110614327477265 ], [ 145.171541009212319, 14.110673981221623 ], [ 145.172409146645691, 14.110704158998146 ], [ 145.173394376483657, 14.110581342465764 ], [ 145.174155882848709, 14.110753987420082 ], [ 145.174614997365552, 14.110833993618371 ], [ 145.174706583408351, 14.110948388445877 ], [ 145.175584546164146, 14.111138578619148 ], [ 145.176042344789494, 14.11147263958793 ], [ 145.176566376616279, 14.111791260764107 ], [ 145.176804421374072, 14.112088125868524 ], [ 145.177287068415694, 14.112226382193683 ], [ 145.177903431957247, 14.112588515512527 ], [ 145.177749143688288, 14.112989950122198 ], [ 145.177709206383497, 14.113219441585898 ], [ 145.177807152568334, 14.113601225550156 ], [ 145.178635111450035, 14.114493224480896 ], [ 145.178930156238266, 14.114603408455878 ], [ 145.179093370637247, 14.114710083387024 ], [ 145.179289482322019, 14.114783071497868 ], [ 145.179326173761183, 14.114836408963299 ], [ 145.179542528242223, 14.114783071497868 ], [ 145.179775331366045, 14.114746577442418 ], [ 145.181048127342592, 14.11477815883643 ], [ 145.181212635701854, 14.115105903526512 ], [ 145.181302467222736, 14.115105903526512 ], [ 145.181302467222736, 14.115195735047394 ], [ 145.181482130264726, 14.115285566568275 ], [ 145.181571961785721, 14.115285566568275 ], [ 145.181571961785721, 14.115375398089327 ], [ 145.181661793306603, 14.115375398089327 ], [ 145.181751624827712, 14.115375398089327 ], [ 145.181751624827712, 14.115465229610265 ], [ 145.182358733266028, 14.115581028055374 ], [ 145.182696566456798, 14.115688404795264 ], [ 145.182935576201999, 14.11581473037154 ], [ 145.18384073404718, 14.115987375326085 ], [ 145.184501486992531, 14.11633687608736 ], [ 145.185510424807944, 14.11621616498104 ], [ 145.186036671718398, 14.115854031662309 ], [ 145.187034073552354, 14.115894034761254 ], [ 145.187364384230364, 14.115778236316487 ], [ 145.188550112057783, 14.115674368619977 ], [ 145.188894941404556, 14.115511548988252 ], [ 145.189159303991119, 14.115371889045434 ], [ 145.189525472710443, 14.115199244091116 ], [ 145.189933333256135, 14.114983086993732 ], [ 145.193386517453746, 14.11514941566935 ], [ 145.195636691782965, 14.11526591592326 ], [ 145.196078041765645, 14.114790089585483 ], [ 145.196171294604142, 14.114703065299352 ], [ 145.196961531265288, 14.113806153707117 ], [ 145.197112814915613, 14.113758430711755 ], [ 145.197112814915613, 14.113668599190873 ], [ 145.197202646436722, 14.113668599190873 ], [ 145.19760794099443, 14.113408228141509 ], [ 145.198190793167555, 14.113309273106779 ], [ 145.198320561993114, 14.11307978164308 ], [ 145.198607601774938, 14.112909943923569 ], [ 145.199477296346345, 14.113421562508051 ], [ 145.200216980845425, 14.113528939248056 ], [ 145.200532268429924, 14.113714216759774 ], [ 145.201448655215245, 14.113828611587621 ], [ 145.201554496748486, 14.11443707978043 ], [ 145.20178405400668, 14.114926240484351 ], [ 145.202000408487834, 14.11497957795001 ], [ 145.202233211611656, 14.11501607200546 ], [ 145.202592537695523, 14.11501607200546 ], [ 145.202820450089575, 14.114974665288628 ], [ 145.20346927228627, 14.114797107672928 ], [ 145.203580684426356, 14.114926240484351 ], [ 145.204158141444964, 14.115388030646955 ], [ 145.204276089179189, 14.115668052341277 ], [ 145.204528893852512, 14.115774727272424 ], [ 145.20474849419918, 14.116094050257345 ], [ 145.205556977888023, 14.116094050257345 ], [ 145.205736640930013, 14.116094050257345 ], [ 145.205736640930013, 14.116183881778227 ], [ 145.206051753062297, 14.116136158782524 ], [ 145.206407855212206, 14.11623160477393 ], [ 145.207263776786704, 14.116363544820217 ], [ 145.207353608307585, 14.116363544820217 ], [ 145.207503093572996, 14.116393722596911 ], [ 145.207623102870571, 14.116453376341099 ], [ 145.207712934391679, 14.116453376341099 ], [ 145.207802765912561, 14.116453376341099 ], [ 145.209203378809207, 14.116489870396492 ], [ 145.209553164680415, 14.116598650754042 ], [ 145.209644684928662, 14.116578298299885 ], [ 145.209868890895109, 14.116633039383032 ], [ 145.209958722416218, 14.116633039383032 ], [ 145.210048553937099, 14.116633039383032 ], [ 145.210138385458208, 14.116633039383032 ], [ 145.210138385458208, 14.116543207862321 ], [ 145.210407880020966, 14.116543207862321 ], [ 145.210407880020966, 14.116453376341099 ], [ 145.210497711542075, 14.116453376341099 ], [ 145.211228667294677, 14.116233008391418 ], [ 145.212025900111939, 14.115788763447824 ], [ 145.212204510440756, 14.115734724173251 ], [ 145.212247715542617, 14.115688404795264 ], [ 145.212392968023778, 14.115553657513999 ], [ 145.212919741290875, 14.115738233216973 ], [ 145.21346557305219, 14.115910878171519 ], [ 145.215000121763978, 14.116616195972995 ], [ 145.215391818776766, 14.117038684844943 ], [ 145.215904731320961, 14.117514511182947 ], [ 145.216427798160794, 14.118078765423775 ], [ 145.21687574953171, 14.118788995886689 ], [ 145.216965581052818, 14.118788995886689 ], [ 145.216965581052818, 14.118878827407741 ], [ 145.2170554125737, 14.118878827407741 ], [ 145.2170554125737, 14.118968658928623 ], [ 145.217354207652306, 14.119118144194033 ], [ 145.217414738657794, 14.119238153491494 ], [ 145.217504570178676, 14.119238153491494 ], [ 145.217504570178676, 14.119327985012717 ], [ 145.217642651051847, 14.119369391729151 ], [ 145.218060468509407, 14.119602392236743 ], [ 145.218216533231839, 14.119784160705137 ], [ 145.218588053243025, 14.120104185498462 ], [ 145.218978302775213, 14.120780729140904 ], [ 145.218802061050951, 14.121260766331147 ], [ 145.219259618429419, 14.12179484279585 ], [ 145.219770995767021, 14.122681929065493 ], [ 145.219888943501473, 14.122783691335428 ], [ 145.219874512558818, 14.122963354377362 ], [ 145.220124093298182, 14.123178107857257 ], [ 145.220356655175237, 14.123549364690177 ], [ 145.220510592539995, 14.124227311950108 ], [ 145.220607573737652, 14.124400658713 ], [ 145.220599919635902, 14.124496104704008 ], [ 145.220809957838242, 14.124677171363487 ], [ 145.221187662539023, 14.125526359960418 ], [ 145.221187662539023, 14.125616191481299 ], [ 145.221510297183727, 14.125832348578683 ], [ 145.221636820143999, 14.126065349086275 ], [ 145.222115256332813, 14.126304665872567 ], [ 145.222175809269856, 14.126424675170369 ], [ 145.2223138901428, 14.126466081886804 ], [ 145.222500527409352, 14.126682940792932 ], [ 145.223329056510806, 14.127201577464859 ], [ 145.223433450563562, 14.127322990380151 ], [ 145.223719393769215, 14.127396680299739 ], [ 145.223792776647429, 14.127502653421914 ], [ 145.224009131128469, 14.127555990887743 ], [ 145.224780923378148, 14.127592484942966 ], [ 145.224829172730324, 14.127633891659798 ], [ 145.225082657281064, 14.127654244113558 ], [ 145.225541157714929, 14.127910404310114 ], [ 145.22591384009695, 14.128076732985903 ], [ 145.226701576564324, 14.128516065268116 ], [ 145.226757216839815, 14.128580631673628 ], [ 145.226847048361037, 14.128580631673628 ], [ 145.226847048361037, 14.128670463194737 ], [ 145.2270267114028, 14.128670463194737 ], [ 145.2270267114028, 14.12876029471596 ], [ 145.227627591288751, 14.128932237861363 ], [ 145.227835195091643, 14.129299283841647 ], [ 145.22798468035694, 14.12932946161817 ], [ 145.228104689654742, 14.129389115362528 ], [ 145.228241959061393, 14.129431223888275 ], [ 145.229065049144992, 14.129748441446623 ], [ 145.230079908471453, 14.130633422289918 ], [ 145.230662365877379, 14.131303649653489 ], [ 145.230295319897095, 14.131777370565203 ], [ 145.230125898876736, 14.131766843433525 ], [ 145.230025123525479, 14.131773159712566 ], [ 145.229774161100067, 14.132585854253762 ], [ 145.229500389889949, 14.133089752941828 ], [ 145.229409768834216, 14.133479256802275 ], [ 145.229182667906457, 14.133880691411946 ], [ 145.229152490129763, 14.134030176677015 ], [ 145.229092836385348, 14.13415018597459 ], [ 145.229053710547191, 14.135009199894 ], [ 145.228855888203611, 14.135275887221837 ], [ 145.229088033381686, 14.135371333213072 ], [ 145.228877512685926, 14.135906813295037 ], [ 145.228733510301481, 14.135946816394323 ], [ 145.228733510301481, 14.136036647915205 ], [ 145.228934863620339, 14.13609419623333 ], [ 145.229082813679156, 14.136944788447579 ], [ 145.229385512568797, 14.138004519671767 ], [ 145.229296689897978, 14.138718259178574 ], [ 145.229591888206755, 14.139220754248868 ], [ 145.229671762815883, 14.139526041058389 ], [ 145.229480826970985, 14.139679035367692 ], [ 145.229512430296495, 14.139933090137959 ], [ 145.229362330948561, 14.140168897880528 ], [ 145.229232562122661, 14.140506467892862 ], [ 145.229369414830671, 14.141091074587962 ], [ 145.22960182318684, 14.141277053908993 ], [ 145.230013609475463, 14.141955001168924 ], [ 145.23063984220255, 14.142225197540483 ], [ 145.231648056277436, 14.142464514326832 ], [ 145.231697950493981, 14.142504517425948 ], [ 145.232228188941804, 14.14254592414278 ], [ 145.232796346994178, 14.142967009397239 ], [ 145.232994717625843, 14.143722857429225 ], [ 145.233554782946044, 14.144899088907323 ], [ 145.234081512350144, 14.145306137986552 ], [ 145.23412340156051, 14.145648620660609 ], [ 145.234831175692534, 14.146234630973083 ], [ 145.235787806823851, 14.14676870743773 ], [ 145.236596860732334, 14.147241726540528 ], [ 145.237833228448153, 14.148319704792073 ], [ 145.238298045161059, 14.148840446890233 ], [ 145.239084334147719, 14.149542957456731 ], [ 145.239498116205027, 14.149843331605041 ], [ 145.239645517975646, 14.150008256663057 ], [ 145.240583156407411, 14.150842005467268 ], [ 145.240908225451449, 14.150990788923764 ], [ 145.241547924133897, 14.151515741874562 ], [ 145.242478215505344, 14.151943143407891 ], [ 145.243283234013347, 14.152093330482046 ], [ 145.243893544454295, 14.152056836426652 ], [ 145.244537015358901, 14.152171231254101 ], [ 145.245630564992553, 14.152025956841328 ], [ 145.245711667767182, 14.152116490171181 ], [ 145.245861153032592, 14.152146667947875 ], [ 145.245981162330054, 14.152206321692063 ], [ 145.246434267609175, 14.152489150621363 ], [ 145.247819374918777, 14.152614072580377 ], [ 145.249463537385736, 14.152698289631132 ], [ 145.249795668380216, 14.152883567143249 ], [ 145.249981998605449, 14.152966380576856 ], [ 145.250203243816259, 14.153104636902015 ], [ 145.250523005431432, 14.153186748526537 ], [ 145.250652401421235, 14.15337413146483 ], [ 145.250878690882473, 14.153507475128947 ], [ 145.25122551599793, 14.153746090106495 ], [ 145.252486754061465, 14.154264024969677 ], [ 145.254559151460057, 14.154649317977658 ], [ 145.256177610181226, 14.154584751571747 ], [ 145.257909323290846, 14.15472370970582 ], [ 145.259815216561378, 14.154647914359998 ], [ 145.261048119096358, 14.154697040973019 ], [ 145.261611846980941, 14.154631772758876 ], [ 145.261744050205721, 14.154584049763002 ], [ 145.262494283767751, 14.15446754950932 ], [ 145.263635600259931, 14.154050675107271 ], [ 145.263984793980057, 14.153860484934 ], [ 145.264354252427665, 14.153691349023347 ], [ 145.264680242595887, 14.153463261177137 ], [ 145.265162736116622, 14.153242191418371 ], [ 145.265564433904501, 14.153014805380906 ], [ 145.265564433904501, 14.152924973859854 ], [ 145.265654265425269, 14.152924973859854 ], [ 145.26578098576897, 14.152766365080765 ], [ 145.266502708350231, 14.152336156312231 ], [ 145.266911906719088, 14.152116490171181 ], [ 145.267305533705894, 14.151875769767173 ], [ 145.267995938071408, 14.151903140308775 ], [ 145.268540146899795, 14.152093330482046 ], [ 145.270102943414031, 14.152371246750363 ], [ 145.271013364825194, 14.152853389366669 ], [ 145.271556257762199, 14.153226751625652 ], [ 145.272122134936126, 14.154002952111796 ], [ 145.272122134936126, 14.154092783632677 ], [ 145.272211966457007, 14.154092783632677 ], [ 145.272301797977889, 14.154092783632677 ], [ 145.272301797977889, 14.1541826151539 ], [ 145.27262116482575, 14.154312449773954 ], [ 145.272892457773651, 14.154471760362128 ], [ 145.27341973546595, 14.155130758785219 ], [ 145.273519480035475, 14.155210764983735 ], [ 145.273679273117182, 14.155410078670855 ], [ 145.273928722267442, 14.155610094166946 ], [ 145.274128255269829, 14.15585923627583 ], [ 145.27418825991856, 14.156069077094514 ], [ 145.274326340791845, 14.156110483810949 ], [ 145.274729968553402, 14.156426999560779 ], [ 145.275670172973378, 14.156968795921955 ], [ 145.276283553827739, 14.15740391735153 ], [ 145.277101029441155, 14.157627794345103 ], [ 145.277422194673932, 14.157686044471916 ], [ 145.277512026194927, 14.157686044471916 ], [ 145.277512026194927, 14.157775875993025 ], [ 145.277924514292181, 14.157812370048418 ], [ 145.278510612331047, 14.158199768482632 ], [ 145.278590004446642, 14.158314865118882 ], [ 145.27914886353301, 14.1584748775158 ], [ 145.279308656614717, 14.158674191202749 ], [ 145.279536569008542, 14.158715597919581 ], [ 145.279709564867403, 14.158812447528078 ], [ 145.28007555813474, 14.158895260961515 ], [ 145.280538050105861, 14.159022288346591 ], [ 145.280967206161108, 14.159261605132883 ], [ 145.281502773969351, 14.15942302114729 ], [ 145.281596026808188, 14.159531099696096 ], [ 145.281923815360983, 14.159677075917784 ], [ 145.28257676068381, 14.160435029376004 ], [ 145.28263242289097, 14.160740316185695 ], [ 145.282722254411851, 14.160740316185695 ], [ 145.282722254411851, 14.160919979227288 ], [ 145.282812085932846, 14.160919979227288 ], [ 145.282812085932846, 14.16100981074834 ], [ 145.282901917453955, 14.16100981074834 ], [ 145.282901917453955, 14.1611894737905 ], [ 145.282991748974837, 14.1611894737905 ], [ 145.282991748974837, 14.161279305311382 ], [ 145.282991748974837, 14.161369136832263 ], [ 145.283171412016827, 14.161369136832263 ], [ 145.283171412016827, 14.161458968353315 ], [ 145.283477576087421, 14.161713023123809 ], [ 145.283571486871665, 14.162136915613075 ], [ 145.283733122201284, 14.162270961085937 ], [ 145.284090430584911, 14.162774157965316 ], [ 145.284200307518745, 14.163753882991045 ], [ 145.284330449180061, 14.164338489686031 ], [ 145.28424434601834, 14.165183467430495 ], [ 145.283785056049283, 14.165285229700203 ], [ 145.283530738100694, 14.165591218318468 ], [ 145.283494068593086, 14.16582421882606 ], [ 145.283440906579813, 14.166040375923444 ], [ 145.283494068593086, 14.166076869978724 ], [ 145.283595085191223, 14.166347066350454 ], [ 145.284010819153991, 14.1664537412816 ], [ 145.284368346853057, 14.166971676144726 ], [ 145.284549764416852, 14.167678397563918 ], [ 145.284416201437693, 14.168274233199327 ], [ 145.28466187836591, 14.169041310171394 ], [ 145.284698547873518, 14.169453973720749 ], [ 145.284698547873518, 14.169723468283792 ], [ 145.284608716352636, 14.169723468283792 ], [ 145.284560467000347, 14.169764875000453 ], [ 145.284292156739752, 14.170472298228333 ], [ 145.284200044340309, 14.171374824290581 ], [ 145.284240573796183, 14.171879424787278 ], [ 145.284167234780966, 14.172791776172289 ], [ 145.284298560744787, 14.173271813362533 ], [ 145.284175612623017, 14.173720970967508 ], [ 145.284309219465399, 14.174209429862685 ], [ 145.284284173665128, 14.174520331142389 ], [ 145.28440058619276, 14.174729470152101 ], [ 145.284376900147436, 14.175023528021541 ], [ 145.284391374952975, 14.175203191063531 ], [ 145.284376900147436, 14.175382854105635 ], [ 145.284389620430943, 14.175540761075979 ], [ 145.284581126495823, 14.175705686134108 ], [ 145.284559984506814, 14.175969566227195 ], [ 145.284656965704698, 14.176142912990088 ], [ 145.284698547873518, 14.176281169315587 ], [ 145.28478837939474, 14.176281169315587 ], [ 145.28478837939474, 14.176371000836298 ], [ 145.28478837939474, 14.17646083235735 ], [ 145.284878210915622, 14.17646083235735 ], [ 145.284878210915622, 14.17664049539934 ], [ 145.284878210915622, 14.176730326920563 ], [ 145.284993263688648, 14.176775242680719 ], [ 145.284878210915622, 14.176820158441274 ], [ 145.284878210915622, 14.176999821483207 ], [ 145.28496804243639, 14.176999821483207 ], [ 145.285016730419102, 14.176886128464673 ], [ 145.285084805868678, 14.177129656103432 ], [ 145.28496804243639, 14.177179484525368 ], [ 145.285372196555045, 14.178527659148699 ], [ 145.285417200041366, 14.179065946465983 ], [ 145.285631646480056, 14.179120687548959 ], [ 145.285686694604351, 14.179335441028798 ], [ 145.285776526125233, 14.179335441028798 ], [ 145.285776526125233, 14.179425272549736 ], [ 145.285776526125233, 14.179515104070958 ], [ 145.285866357646341, 14.179515104070958 ], [ 145.285866357646341, 14.17960493559184 ], [ 145.286206252400234, 14.17989758984379 ], [ 145.286720678219694, 14.180719407899176 ], [ 145.286870031896001, 14.18105346886756 ], [ 145.287082416771113, 14.181353141207126 ], [ 145.287170625359295, 14.18164649726782 ], [ 145.28743275093052, 14.181871777879053 ], [ 145.287582850278454, 14.182208646082586 ], [ 145.288070563502174, 14.182970108584755 ], [ 145.288347646372245, 14.183450847583913 ], [ 145.28867293473138, 14.183730869278122 ], [ 145.289052043049765, 14.184414431008008 ], [ 145.289290526437981, 14.184750597402967 ], [ 145.289613051425363, 14.185473460423623 ], [ 145.29007909630343, 14.18622018494159 ], [ 145.2902494603793, 14.18697041850362 ], [ 145.290537903778613, 14.187755742503384 ], [ 145.290481846804141, 14.1884533404085 ], [ 145.290496497062009, 14.188635810685469 ], [ 145.290399515864351, 14.188809157448702 ], [ 145.290292358439501, 14.189049176043738 ], [ 145.290316877883129, 14.189355164662004 ], [ 145.290178270653428, 14.189396571379007 ], [ 145.289968429834857, 14.189815551207062 ], [ 145.289908776090556, 14.189845728983983 ], [ 145.289908776090556, 14.189935560504864 ], [ 145.289818944569447, 14.189935560504864 ], [ 145.289782275062066, 14.190168561012285 ], [ 145.289622832884902, 14.190413492268704 ], [ 145.289475058278299, 14.190807908790589 ], [ 145.288968001450826, 14.191575687571401 ], [ 145.288592533765495, 14.191834655003049 ], [ 145.288291808712756, 14.19191185396636 ], [ 145.288291808712756, 14.192001685487242 ], [ 145.288201977191875, 14.192001685487242 ], [ 145.288022314149885, 14.192001685487242 ], [ 145.288022314149885, 14.19209151700835 ], [ 145.287932482628889, 14.19209151700835 ], [ 145.287842651108008, 14.19209151700835 ], [ 145.287842651108008, 14.192181348529232 ], [ 145.287752819586899, 14.192181348529232 ], [ 145.287450296149359, 14.1922325805686 ], [ 145.286866084221629, 14.192462072032299 ], [ 145.286585009814303, 14.192540674613099 ], [ 145.286452806589409, 14.192768060650565 ], [ 145.285559711082328, 14.19325511592865 ], [ 145.284064375934918, 14.193603213072322 ], [ 145.283743956373996, 14.193961837347445 ], [ 145.283103775197787, 14.193923939674733 ], [ 145.282991748974837, 14.193798315906974 ], [ 145.282494342017799, 14.193839722623636 ], [ 145.282003602244004, 14.193888147427856 ], [ 145.281854950376669, 14.19414851847722 ], [ 145.281283765773878, 14.194396256968446 ], [ 145.280313734481638, 14.194681191324378 ], [ 145.279271329161361, 14.19457451639289 ], [ 145.278094176559307, 14.194760495713922 ], [ 145.277740771986828, 14.195015252292762 ], [ 145.277601857715808, 14.19505595720085 ], [ 145.277601857715808, 14.195145788721732 ], [ 145.277512026194927, 14.195145788721732 ], [ 145.277512026194927, 14.195235620242613 ], [ 145.277422194673932, 14.195235620242613 ], [ 145.276836579128712, 14.195548626948494 ], [ 145.276570505883456, 14.195731097225803 ], [ 145.276387421523737, 14.195818121511707 ], [ 145.276032657196765, 14.196061649150465 ], [ 145.275629161024199, 14.196189378344457 ], [ 145.275310057354659, 14.196176745786715 ], [ 145.274377572830872, 14.196339565418612 ], [ 145.273110281666959, 14.196403430015437 ], [ 145.273020450145737, 14.196403430015437 ], [ 145.273020450145737, 14.196493261536659 ], [ 145.272930618624855, 14.196493261536659 ], [ 145.272709373413932, 14.196631517861647 ], [ 145.272139416976643, 14.196885572631913 ], [ 145.271175570374112, 14.196983825858069 ], [ 145.270733079952379, 14.197080675466623 ], [ 145.268570456265479, 14.19716348890023 ], [ 145.26718140128196, 14.197300341607729 ], [ 145.266283086072121, 14.19721191370428 ], [ 145.266283086072121, 14.197301745225218 ], [ 145.266103423030245, 14.197301745225218 ], [ 145.266103423030245, 14.19739157674644 ], [ 145.266013591509136, 14.19739157674644 ], [ 145.265833928467146, 14.197481408267322 ], [ 145.265833928467146, 14.197571239788203 ], [ 145.265654265425269, 14.197571239788203 ], [ 145.265654265425269, 14.197661071309085 ], [ 145.265474602383279, 14.197661071309085 ], [ 145.265384770862397, 14.197661071309085 ], [ 145.265384770862397, 14.197750902830194 ], [ 145.265294939341288, 14.197750902830194 ], [ 145.265115276299525, 14.197750902830194 ], [ 145.265115276299525, 14.197840734351416 ], [ 145.265025444778303, 14.197840734351416 ], [ 145.264935613257421, 14.197840734351416 ], [ 145.264935613257421, 14.197930565872298 ], [ 145.264845781736312, 14.197930565872298 ], [ 145.264772398858099, 14.198036538994472 ], [ 145.264486455652445, 14.198110228914061 ], [ 145.264396624131564, 14.198110228914061 ], [ 145.264396624131564, 14.19820006043517 ], [ 145.264306792610455, 14.19820006043517 ], [ 145.264157307345045, 14.198230238211863 ], [ 145.263857635005706, 14.198379723477274 ], [ 145.263641302456108, 14.198522892463814 ], [ 145.263408477400731, 14.198649218039918 ], [ 145.263316672042492, 14.198768525528806 ], [ 145.262959319795755, 14.198828881082079 ], [ 145.262959319795755, 14.198918712602961 ], [ 145.262689825232883, 14.198918712602961 ], [ 145.262689825232883, 14.199008544123842 ], [ 145.262330499149016, 14.199008544123842 ], [ 145.262330499149016, 14.199098375644894 ], [ 145.26188134154404, 14.199098375644894 ], [ 145.26188134154404, 14.199188207165832 ], [ 145.261611846980941, 14.199188207165832 ], [ 145.261611846980941, 14.199098375644894 ], [ 145.260827575694293, 14.198981173582638 ], [ 145.259455890477511, 14.198918712602961 ], [ 145.259455890477511, 14.199008544123842 ], [ 145.259096564393644, 14.199008544123842 ], [ 145.259006732872535, 14.199008544123842 ], [ 145.258916901351654, 14.199008544123842 ], [ 145.258916901351654, 14.199098375644894 ], [ 145.258377912225569, 14.199098375644894 ], [ 145.257739134666963, 14.199178381843183 ], [ 145.256610889363174, 14.199360150311747 ], [ 145.255860568074922, 14.199266809746803 ], [ 145.255233808991306, 14.199367870207936 ], [ 145.25473043665977, 14.199511741003391 ], [ 145.253984282361216, 14.19983387122295 ], [ 145.253706673134616, 14.199727196292031 ], [ 145.252452979515283, 14.199779831948547 ], [ 145.251947194715967, 14.19995668775573 ], [ 145.251703316172893, 14.199946862432967 ], [ 145.251371053588969, 14.199996690854675 ], [ 145.2511505540499, 14.200142667076364 ], [ 145.251011727505102, 14.200111085682352 ], [ 145.250640207493916, 14.200194600924533 ], [ 145.250382906858363, 14.200086522375784 ], [ 145.249933749253387, 14.200086522375784 ], [ 145.249933749253387, 14.200176353896666 ], [ 145.249843917732278, 14.200176353896666 ] ], [ [ 145.225278637376505, 14.187418172490936 ], [ 145.225719175892891, 14.187739600902091 ], [ 145.226228974160676, 14.18804909856425 ], [ 145.226357953451384, 14.188268764705356 ], [ 145.226397890755834, 14.188408424648003 ], [ 145.227108208944856, 14.188880040133313 ], [ 145.227565700528658, 14.18876775073187 ], [ 145.227482009834489, 14.188475096479976 ], [ 145.226874813669838, 14.188031553345127 ], [ 145.226145129945508, 14.187823116144273 ], [ 145.225654697213031, 14.187210437098827 ], [ 145.225190143678446, 14.187032177674155 ], [ 145.225278637376505, 14.187418172490936 ] ], [ [ 145.221367325581127, 14.186971120312364 ], [ 145.221316619898289, 14.186931819021936 ], [ 145.221209594062657, 14.186793562696607 ], [ 145.220421265444088, 14.186910062950517 ], [ 145.220379178850294, 14.187060951833416 ], [ 145.220539432493524, 14.187276407121885 ], [ 145.221052915257587, 14.187187979218493 ], [ 145.22129714470509, 14.187230087743842 ], [ 145.221367325581127, 14.186971120312364 ] ], [ [ 145.217324907136685, 14.185533815976555 ], [ 145.217570386681359, 14.185840506403736 ], [ 145.218003622000083, 14.186022976680647 ], [ 145.218302263557916, 14.186198428870114 ], [ 145.218402885388628, 14.186072805102413 ], [ 145.218106327325359, 14.185688915712092 ], [ 145.21770405931818, 14.18544608988185 ], [ 145.217324907136685, 14.185533815976555 ] ], [ [ 145.221726651664881, 14.183647354035941 ], [ 145.221816483185762, 14.183827017078045 ], [ 145.221906314706871, 14.183827017078045 ], [ 145.221906314706871, 14.183916848598926 ], [ 145.222226514952695, 14.184045981410407 ], [ 145.222664092712876, 14.18432670491336 ], [ 145.222804629916595, 14.184366006203732 ], [ 145.22292463921417, 14.184306352459373 ], [ 145.223074124479581, 14.184276174683021 ], [ 145.22311428109947, 14.184077562804418 ], [ 145.223313441265873, 14.183976502343455 ], [ 145.223343619042453, 14.183916848598926 ], [ 145.223465953081586, 14.183389088413151 ], [ 145.223214661683528, 14.183237497721507 ], [ 145.222894461437704, 14.183108364910026 ], [ 145.222804629916595, 14.183108364910026 ], [ 145.222804629916595, 14.183018533388974 ], [ 145.222714798395714, 14.183018533388974 ], [ 145.222714798395714, 14.182928701868093 ], [ 145.222426245338738, 14.182807288952972 ], [ 145.221956494032952, 14.1829125602668 ], [ 145.221906314706871, 14.183108364910026 ], [ 145.221906314706871, 14.183198196430965 ], [ 145.221816483185762, 14.183198196430965 ], [ 145.221816483185762, 14.183288027952187 ], [ 145.221816483185762, 14.183377859473069 ], [ 145.221726651664881, 14.183377859473069 ], [ 145.221726651664881, 14.183647354035941 ] ], [ [ 145.23933362977732, 14.174664201937617 ], [ 145.239513292819311, 14.174664201937617 ], [ 145.239603124340306, 14.174664201937617 ], [ 145.239723133637995, 14.174604548193315 ], [ 145.240142113466391, 14.174574370416735 ], [ 145.240187029226718, 14.174459273780712 ], [ 145.240231944987272, 14.174574370416735 ], [ 145.240381430252683, 14.174544192640383 ], [ 145.240501439550144, 14.174484538895683 ], [ 145.240501439550144, 14.174394707374972 ], [ 145.240321776508154, 14.174394707374972 ], [ 145.239962450424287, 14.174394707374972 ], [ 145.239513292819311, 14.174394707374972 ], [ 145.238207402173543, 14.174436114091407 ], [ 145.237716662399748, 14.174484538895683 ], [ 145.237716662399748, 14.174574370416735 ], [ 145.23798615696262, 14.174574370416735 ], [ 145.238075988483615, 14.174574370416735 ], [ 145.238345483046714, 14.174574370416735 ], [ 145.238652699830254, 14.174498575070913 ], [ 145.238741500569631, 14.174627707882394 ], [ 145.238884472172572, 14.174664201937617 ], [ 145.238974303693453, 14.174664201937617 ], [ 145.238974303693453, 14.174574370416735 ], [ 145.23933362977732, 14.174574370416735 ], [ 145.23933362977732, 14.174664201937617 ] ] ], [ [ [ 145.574543283914863, 14.865966180701719 ], [ 145.574087459126645, 14.866048994134985 ], [ 145.573313276340855, 14.866349368283295 ], [ 145.573172432095816, 14.865881612746421 ], [ 145.572386581739465, 14.865738443759881 ], [ 145.571579457805001, 14.865166118717752 ], [ 145.571530594370302, 14.865109272208429 ], [ 145.571350931328311, 14.865109272208429 ], [ 145.571350931328311, 14.86501944068732 ], [ 145.571171268286321, 14.86501944068732 ], [ 145.571171268286321, 14.864929609166438 ], [ 145.571081436765326, 14.864929609166438 ], [ 145.570991605244444, 14.864929609166438 ], [ 145.570991605244444, 14.864839777645557 ], [ 145.570811942202454, 14.864839777645557 ], [ 145.570676317659945, 14.864795914598119 ], [ 145.570012538164406, 14.864260083611612 ], [ 145.568851307848718, 14.864497645876042 ], [ 145.568003303554178, 14.864153759585065 ], [ 145.567803463510472, 14.864256925472262 ], [ 145.567603974371195, 14.864353424176443 ], [ 145.567128981431438, 14.864343949758165 ], [ 145.566679692237358, 14.8634923048308 ], [ 145.566560384748641, 14.863431949277526 ], [ 145.566500029195367, 14.863312641789037 ], [ 145.566410197674259, 14.863312641789037 ], [ 145.566410197674259, 14.863222810267814 ], [ 145.566320366153263, 14.863222810267814 ], [ 145.566320366153263, 14.863132978746705 ], [ 145.566120613835778, 14.862883485733448 ], [ 145.565760278901621, 14.862595042333965 ], [ 145.565402137120145, 14.862085529175886 ], [ 145.565112597144548, 14.861915340552173 ], [ 145.564833189532806, 14.861835334353884 ], [ 145.564753271060454, 14.86173567751041 ], [ 145.56456369496982, 14.861655671312121 ], [ 145.564266522824028, 14.861480920931172 ], [ 145.563445757481986, 14.861246516806091 ], [ 145.563303246441137, 14.861296345228027 ], [ 145.563054893867047, 14.861286519905605 ], [ 145.562144911086421, 14.861020183481742 ], [ 145.561782163684825, 14.860933861004582 ], [ 145.560930474894576, 14.860707527680233 ], [ 145.56010856911314, 14.860806482715191 ], [ 145.559313858421206, 14.860362939580341 ], [ 145.559223675995781, 14.860258370075258 ], [ 145.558338388110997, 14.860214507028047 ], [ 145.557601094148026, 14.860016947862732 ], [ 145.556451750718338, 14.85912635254914 ], [ 145.556259235803395, 14.8589108972605 ], [ 145.556079572761291, 14.8589108972605 ], [ 145.556079572761291, 14.858821065739619 ], [ 145.55598974124041, 14.858821065739619 ], [ 145.55598974124041, 14.858731234218737 ], [ 145.555899909719301, 14.858731234218737 ], [ 145.555899909719301, 14.858641402697856 ], [ 145.555540583635434, 14.858461739655695 ], [ 145.555271089072562, 14.858461739655695 ], [ 145.555271089072562, 14.858371908134643 ], [ 145.554781972231467, 14.858232248191996 ], [ 145.554233070056966, 14.858152241993537 ], [ 145.553973488542624, 14.857962753629181 ], [ 145.553694080930882, 14.85779291590967 ], [ 145.553654121694763, 14.857743087488075 ], [ 145.553213122616626, 14.857668344855369 ], [ 145.552722470568938, 14.857372181559526 ], [ 145.552435606239328, 14.8572546285925 ], [ 145.552396480401285, 14.857204098362217 ], [ 145.552099703022577, 14.857148655470155 ], [ 145.551725288050534, 14.856887231707901 ], [ 145.551450705374123, 14.856712481327122 ], [ 145.551186298924449, 14.856527905624148 ], [ 145.550763985504545, 14.856333855502385 ], [ 145.549564243433338, 14.856173492201265 ], [ 145.548684219114307, 14.855913121152298 ], [ 145.547318455408799, 14.855814166117341 ], [ 145.546820960725654, 14.855680822453451 ], [ 145.546737094579271, 14.855587130984247 ], [ 145.546557431537167, 14.855587130984247 ], [ 145.546557431537167, 14.855497299463366 ], [ 145.546068314696413, 14.855357639520548 ], [ 145.545458618337989, 14.855268860712613 ], [ 145.545145085275522, 14.854877251426103 ], [ 145.544621097311733, 14.854558981154298 ], [ 145.5445811380755, 14.854509152732533 ], [ 145.544401475033851, 14.854509152732533 ], [ 145.544401475033851, 14.854419321211651 ], [ 145.544221811991747, 14.854419321211651 ], [ 145.544221811991747, 14.854329489690599 ], [ 145.544078818457365, 14.854292644730776 ], [ 145.543814587460133, 14.854120701585373 ], [ 145.543699271508672, 14.85395367110084 ], [ 145.543270334768522, 14.8538434871258 ], [ 145.542119017501591, 14.85328835639865 ], [ 145.541114378264865, 14.852945171916019 ], [ 145.540951207728767, 14.852839198793845 ], [ 145.540808214194271, 14.852802353833852 ], [ 145.540718382673504, 14.852802353833852 ], [ 145.540718382673504, 14.8527125223128 ], [ 145.540665220659889, 14.852675677353034 ], [ 145.5405387196314, 14.852173533186942 ], [ 145.540408928874399, 14.851944041723243 ], [ 145.540191324296302, 14.851646123905539 ], [ 145.539949858220552, 14.851235214877875 ], [ 145.539909898984433, 14.851095554935398 ], [ 145.539694443696021, 14.850946771478732 ], [ 145.539640404421561, 14.850736228851304 ], [ 145.539452977620272, 14.850606745135451 ], [ 145.539370909858576, 14.850287071246328 ], [ 145.539078781963212, 14.850016523970169 ], [ 145.538875125834466, 14.849435426319133 ], [ 145.538782794119697, 14.848951880084769 ], [ 145.538163754932384, 14.847781964885939 ], [ 145.538070063463351, 14.84709629772982 ], [ 145.537896804426168, 14.846601873459747 ], [ 145.537800568900366, 14.846197982519868 ], [ 145.537620905858375, 14.845512315363408 ], [ 145.537735169096891, 14.844518554162619 ], [ 145.537937026840609, 14.844137121102904 ], [ 145.538066642145509, 14.843862362974448 ], [ 145.538318328311334, 14.843629362466856 ], [ 145.538847053484119, 14.842810351646619 ], [ 145.539015005092324, 14.842654901006711 ], [ 145.539635491760237, 14.841985024547512 ], [ 145.540396471768872, 14.841839750134568 ], [ 145.541101000035496, 14.841355151187486 ], [ 145.541571782122787, 14.841336202350817 ], [ 145.542112350318462, 14.841357958422464 ], [ 145.542512907666833, 14.840925644227866 ], [ 145.543237656798283, 14.840799318651193 ], [ 145.544131980470638, 14.840834759993527 ], [ 145.546538131796297, 14.840739314002462 ], [ 145.54732271012449, 14.840987754303001 ], [ 145.547588783369861, 14.841081094867604 ], [ 145.548089787096728, 14.841200402356321 ], [ 145.548400688376205, 14.841347080386754 ], [ 145.548846424663566, 14.841620083993462 ], [ 145.549119340544053, 14.841706406470621 ], [ 145.550239734362663, 14.842299434870881 ], [ 145.55073288660401, 14.842428567682362 ], [ 145.551724454652458, 14.842514890159521 ], [ 145.552349853981809, 14.842698062245177 ], [ 145.552794976186306, 14.842804035367749 ], [ 145.553554508714342, 14.843070371791043 ], [ 145.554208726065553, 14.843044404867157 ], [ 145.554419400281972, 14.84314371080626 ], [ 145.554505810485239, 14.843237051371091 ], [ 145.554645689743438, 14.843366535086886 ], [ 145.554775305048224, 14.843506545934076 ], [ 145.554868557886948, 14.843592868411235 ], [ 145.555003305168384, 14.843738493728381 ], [ 145.555878065921775, 14.844201336604044 ], [ 145.556798224929139, 14.844237830659665 ], [ 145.557711760616712, 14.844201336604044 ], [ 145.558755657280585, 14.844567329871211 ], [ 145.559325262813331, 14.844686637360269 ], [ 145.559626207181395, 14.844581015142069 ], [ 145.560032159684624, 14.844537853903603 ], [ 145.560032159684624, 14.844448022382551 ], [ 145.560211822726615, 14.844448022382551 ], [ 145.560301654247496, 14.844448022382551 ], [ 145.560301654247496, 14.844358190861442 ], [ 145.5604813172896, 14.844358190861442 ], [ 145.560729406685255, 14.844269061149134 ], [ 145.562055430469854, 14.844348365538849 ], [ 145.562627009839957, 14.844143086477231 ], [ 145.563852543383064, 14.844580313333324 ], [ 145.5642966128745, 14.844764889036696 ], [ 145.564801871317059, 14.84492104148535 ], [ 145.565725407778928, 14.845568109159615 ], [ 145.566452569378157, 14.846202193372505 ], [ 145.566755970076656, 14.84634150241061 ], [ 145.56699664661744, 14.846556606794877 ], [ 145.567081390024896, 14.846651350977311 ], [ 145.56722372561353, 14.846778729266759 ], [ 145.567553926633991, 14.847148231577592 ], [ 145.568032209302373, 14.847452465673996 ], [ 145.568698357402695, 14.847998823791897 ], [ 145.569332266162974, 14.848353237214553 ], [ 145.56959667261242, 14.848537812917925 ], [ 145.569781423767949, 14.848622731777596 ], [ 145.570045830217396, 14.84880730748074 ], [ 145.57065144731223, 14.849159966381421 ], [ 145.571418612010348, 14.849754398399341 ], [ 145.571757717229502, 14.849970204592353 ], [ 145.572022123678948, 14.850154780295497 ], [ 145.573104839139887, 14.850745703269524 ], [ 145.57425005944333, 14.851769291342521 ], [ 145.574624737593695, 14.852358108890314 ], [ 145.575032576208173, 14.852942013776499 ], [ 145.575215090348138, 14.853919984280367 ], [ 145.575504323282416, 14.853937178594947 ], [ 145.575662844335625, 14.853880332085623 ], [ 145.575831278437477, 14.853576448893591 ], [ 145.576409130223283, 14.853676105737236 ], [ 145.576561159545236, 14.853880332085623 ], [ 145.576800476331641, 14.854000341383198 ], [ 145.576830654108221, 14.854059995127557 ], [ 145.577100148671207, 14.854419321211651 ], [ 145.577159802415622, 14.854449498988004 ], [ 145.577369643234078, 14.854868478816627 ], [ 145.577369643234078, 14.85504814185839 ], [ 145.5774978987846, 14.85514709689312 ], [ 145.577680983144546, 14.855594499976235 ], [ 145.577728969318173, 14.855766794026238 ], [ 145.577788623062474, 14.855886803323813 ], [ 145.577818800839054, 14.856036288589223 ], [ 145.577920212204617, 14.856294203307641 ], [ 145.577998463881045, 14.856754940757241 ], [ 145.57808829540204, 14.856754940757241 ], [ 145.57808829540204, 14.857743087488075 ], [ 145.578203348175293, 14.857788003248231 ], [ 145.57808829540204, 14.857832919008786 ], [ 145.57808829540204, 14.858102413571828 ], [ 145.578037940623631, 14.858909844547384 ], [ 145.578048774796457, 14.859091613015948 ], [ 145.578510389506619, 14.859940801612538 ], [ 145.578806947569888, 14.86034820159631 ], [ 145.578891427799135, 14.86073560003058 ], [ 145.578724528903876, 14.861656022216494 ], [ 145.578462184017781, 14.862126234083973 ], [ 145.578514074002669, 14.862772249045349 ], [ 145.578318532537537, 14.863304921892507 ], [ 145.578204269299249, 14.86393128620881 ], [ 145.577895254130567, 14.864197622632105 ], [ 145.577207569274151, 14.86499593009404 ], [ 145.576830654108221, 14.865109272208429 ], [ 145.576772447844405, 14.865176996753462 ], [ 145.575753070623932, 14.865617732653334 ], [ 145.575372997318482, 14.865587203972609 ], [ 145.574543283914863, 14.865966180701719 ] ] ], [ [ [ 145.654967584857104, 15.089102766160465 ], [ 145.65485020734252, 15.089464548575165 ], [ 145.654739497010951, 15.08967930205506 ], [ 145.654399295215626, 15.090181095316609 ], [ 145.654301656072334, 15.090382514430132 ], [ 145.65395013761065, 15.090720084442808 ], [ 145.65355396656696, 15.09113239708762 ], [ 145.652907337522834, 15.091753848742542 ], [ 145.652480199167712, 15.092292486964084 ], [ 145.65197744091904, 15.093059563936492 ], [ 145.651709174521329, 15.093317127750311 ], [ 145.651331338231557, 15.093953668293636 ], [ 145.650895865897269, 15.094493008324037 ], [ 145.650717957377196, 15.094764608313085 ], [ 145.650405126123474, 15.095176920958295 ], [ 145.649890349399698, 15.095585022750811 ], [ 145.649508126805131, 15.095770300262757 ], [ 145.649248282112694, 15.09657106405524 ], [ 145.648416024652079, 15.097728346696726 ], [ 145.647482268100134, 15.098625258289019 ], [ 145.647089518374059, 15.099120735271981 ], [ 145.646543686612631, 15.099645337318236 ], [ 145.645923814027697, 15.100372762095901 ], [ 145.645466673347869, 15.100812094377943 ], [ 145.644688718340262, 15.100960877834609 ], [ 145.644325970938553, 15.100774196705004 ], [ 145.644204294845167, 15.1006475202243 ], [ 145.644024631803063, 15.1006475202243 ], [ 145.644024631803063, 15.100557688703248 ], [ 145.643785227290664, 15.100481893357426 ], [ 145.642544166228731, 15.099433040169117 ], [ 145.642360994143019, 15.099346717691958 ], [ 145.641289244443897, 15.098365238144368 ], [ 145.641196693414031, 15.098265230396521 ], [ 145.641039575978652, 15.098119605079376 ], [ 145.640286710633632, 15.097231115191846 ], [ 145.639254174498888, 15.096336659930159 ], [ 145.637909245740957, 15.094736886867167 ], [ 145.637527549502806, 15.094145963893141 ], [ 145.637327007650356, 15.093960335476709 ], [ 145.63702461580192, 15.093633643500084 ], [ 145.636604934164893, 15.093244841448211 ], [ 145.636259381077934, 15.0928718300936 ], [ 145.636072699948159, 15.092699185139281 ], [ 145.636076384444095, 15.092605844574678 ], [ 145.635379049717244, 15.091959829612961 ], [ 145.634635044708034, 15.091054496315564 ], [ 145.634412659058057, 15.090676221395199 ], [ 145.634353005313528, 15.090646043618847 ], [ 145.634232996016067, 15.090406726832214 ], [ 145.634020435688512, 15.090260048801952 ], [ 145.633734448619975, 15.08984598163488 ], [ 145.633694006890209, 15.089688074664366 ], [ 145.633604175369101, 15.089688074664366 ], [ 145.633604175369101, 15.089598243143655 ], [ 145.63338380741925, 15.089394016794927 ], [ 145.633134226679772, 15.088605885560014 ], [ 145.632930088057492, 15.088219890743289 ], [ 145.632834817518642, 15.087325435481944 ], [ 145.632125288864472, 15.087156299571177 ], [ 145.631608143536141, 15.086598361608822 ], [ 145.631401548583312, 15.086500810191581 ], [ 145.630601574325624, 15.08588742933722 ], [ 145.629931083783617, 15.085493012815334 ], [ 145.629425255121646, 15.085333000418586 ], [ 145.628808803853985, 15.085116843321202 ], [ 145.627389746546214, 15.084248004079427 ], [ 145.626643987014972, 15.08344302943425 ], [ 145.626197110288558, 15.083028962267406 ], [ 145.625745671805021, 15.082454882703416 ], [ 145.624933679072569, 15.081470245016476 ], [ 145.624577862032538, 15.081017578367778 ], [ 145.623765869299746, 15.080122772201719 ], [ 145.623471548252041, 15.079721337592446 ], [ 145.623239337279301, 15.079229369653149 ], [ 145.623043795814169, 15.079048302993726 ], [ 145.622811233937, 15.078797055458438 ], [ 145.621789575838079, 15.078236310260934 ], [ 145.62069273647603, 15.077223951128246 ], [ 145.620002946193154, 15.076898662768997 ], [ 145.61926095888407, 15.076797251403434 ], [ 145.618809344948659, 15.076558285521514 ], [ 145.618048496529127, 15.076034736188205 ], [ 145.617287121753179, 15.074978864912282 ], [ 145.617043681840414, 15.07475358430105 ], [ 145.616749887149126, 15.074352851500691 ], [ 145.616527501499149, 15.073419445852778 ], [ 145.616313362101891, 15.072214089311444 ], [ 145.616192650995572, 15.071869852115924 ], [ 145.615421099992545, 15.071155059896 ], [ 145.614406986337826, 15.070500272325205 ], [ 145.614008709867903, 15.070070063556841 ], [ 145.61352507590766, 15.069881978809576 ], [ 145.613146888713345, 15.069591780888459 ], [ 145.612809932783875, 15.069069986077011 ], [ 145.612152337977705, 15.068312032618792 ], [ 145.611909424421469, 15.06779725589513 ], [ 145.611219020056069, 15.067157557212283 ], [ 145.610614148632976, 15.066504524163349 ], [ 145.610147884439584, 15.066072560873124 ], [ 145.609672672184615, 15.065559889575525 ], [ 145.60939282594245, 15.065300571239845 ], [ 145.609306503465291, 15.065117399153792 ], [ 145.609017007352691, 15.064696664803535 ], [ 145.607822528847123, 15.063367439016645 ], [ 145.607732697326242, 15.063367439016645 ], [ 145.607732697326242, 15.063277607495763 ], [ 145.60764286580536, 15.063277607495763 ], [ 145.60764286580536, 15.063187775974541 ], [ 145.607553034284251, 15.063187775974541 ], [ 145.607553034284251, 15.063097944453659 ], [ 145.607499872270978, 15.063061099493837 ], [ 145.607283539721266, 15.062738618369906 ], [ 145.607193708200384, 15.062738618369906 ], [ 145.607193708200384, 15.062648786848683 ], [ 145.607047907431024, 15.062602467470811 ], [ 145.606591600149272, 15.062110148627141 ], [ 145.605486909301703, 15.060852156429291 ], [ 145.605397077780822, 15.060852156429291 ], [ 145.605397077780822, 15.060762324908069 ], [ 145.60510047585467, 15.060557396751108 ], [ 145.605037751696727, 15.060313167303264 ], [ 145.604918444207897, 15.060252811750161 ], [ 145.604858088654737, 15.060133504261103 ], [ 145.604768257133742, 15.060133504261103 ], [ 145.604768257133742, 15.060043672740221 ], [ 145.604678425612974, 15.060043672740221 ], [ 145.604678425612974, 15.05995384121934 ], [ 145.604252690875228, 15.059414150284567 ], [ 145.603827570220233, 15.058828490876465 ], [ 145.60361948392358, 15.058642511555433 ], [ 145.602924166897083, 15.057845256807013 ], [ 145.602276923770091, 15.056921325577378 ], [ 145.601238685439398, 15.056117052741115 ], [ 145.600773298506851, 15.055864050683965 ], [ 145.600455203687375, 15.055718074462277 ], [ 145.599964814818009, 15.055414893078989 ], [ 145.599737691958808, 15.055282602128329 ], [ 145.599647860437699, 15.055282602128329 ], [ 145.599647860437699, 15.055192770607107 ], [ 145.599528552948982, 15.055132415054175 ], [ 145.599468197395936, 15.055013107565117 ], [ 145.599122995213179, 15.054909239869176 ], [ 145.598190159785077, 15.054327089504454 ], [ 145.597809647849203, 15.053796872988073 ], [ 145.596806543819298, 15.053260340192992 ], [ 145.596641838076721, 15.052906277674651 ], [ 145.597136744839759, 15.05211358468307 ], [ 145.597491903934269, 15.052048667372787 ], [ 145.597611913231731, 15.051989013628258 ], [ 145.597851230018136, 15.051958835851906 ], [ 145.597851230018136, 15.051869004330854 ], [ 145.597941061539245, 15.051869004330854 ], [ 145.598120724581236, 15.051869004330854 ], [ 145.598120724581236, 15.051779172809745 ], [ 145.598210556102117, 15.051779172809745 ], [ 145.598360041367528, 15.051748995033222 ], [ 145.598480050665103, 15.051689341288863 ], [ 145.598516720172711, 15.051636354727634 ], [ 145.598623044199485, 15.051562664808046 ], [ 145.598876046256464, 15.051187197122829 ], [ 145.598929208270079, 15.051150352163006 ], [ 145.598929208270079, 15.050970689121243 ], [ 145.59901903979096, 15.050970689121243 ], [ 145.599090931325463, 15.050498020922589 ], [ 145.599159971761992, 15.049339685568214 ], [ 145.599033777774821, 15.048930881966783 ], [ 145.598473865975393, 15.04820836985084 ], [ 145.598073264763798, 15.047245137330776 ], [ 145.597988521356456, 15.046431740980722 ], [ 145.597841974915127, 15.04560711569053 ], [ 145.597713938680045, 15.044280697138447 ], [ 145.597629195272589, 15.042928311662479 ], [ 145.597439399866516, 15.042219835721482 ], [ 145.597071608214605, 15.040639011495102 ], [ 145.596609598736677, 15.039845265789836 ], [ 145.595235588778223, 15.038307602802149 ], [ 145.594629357600752, 15.038090042087106 ], [ 145.594165900642452, 15.037982314442729 ], [ 145.593362022573501, 15.037673167684886 ], [ 145.593020373297691, 15.03713593308089 ], [ 145.592376726940984, 15.036738007515339 ], [ 145.592012181154359, 15.036716251444091 ], [ 145.59169777083082, 15.036735200280361 ], [ 145.591381693711696, 15.036716251444091 ], [ 145.59115623764842, 15.036819768235659 ], [ 145.590620538250846, 15.037151021969294 ], [ 145.589988427875483, 15.037268925840465 ], [ 145.589496898566836, 15.037495960973729 ], [ 145.589457772728565, 15.037546491204409 ], [ 145.589305655680278, 15.037664044171038 ], [ 145.58918827816558, 15.037815985767054 ], [ 145.589057434695292, 15.037894588348024 ], [ 145.588884087932229, 15.037669658641164 ], [ 145.588676133224908, 15.036445704167761 ], [ 145.588740392588988, 15.036010933642387 ], [ 145.588484144666381, 15.035424572425427 ], [ 145.588340668638466, 15.034744519739263 ], [ 145.588188551590292, 15.034222724927815 ], [ 145.588110299913865, 15.03223520252601 ], [ 145.588008888548302, 15.031797273861343 ], [ 145.587969762710145, 15.031477249067791 ], [ 145.587969762710145, 15.031297586026028 ], [ 145.587879931189036, 15.031297586026028 ], [ 145.587879931189036, 15.031207754504806 ], [ 145.587879931189036, 15.031117922983924 ], [ 145.587790099668155, 15.031117922983924 ], [ 145.587790099668155, 15.030938259941934 ], [ 145.587739393985316, 15.030898958651562 ], [ 145.587407570032155, 15.03046910078757 ], [ 145.587301816225022, 15.030049770054745 ], [ 145.587430773584288, 15.0299501132111 ], [ 145.587390024813317, 15.029631492035264 ], [ 145.587291859313268, 15.029370419177155 ], [ 145.5872011505312, 15.028761249175602 ], [ 145.586932533229515, 15.028292440925441 ], [ 145.586430959282893, 15.027125332961418 ], [ 145.58618115922809, 15.026917597569309 ], [ 145.585952720477508, 15.026307725759011 ], [ 145.585813806206488, 15.025997526287938 ], [ 145.585723974685607, 15.025997526287938 ], [ 145.585723974685607, 15.025907694766829 ], [ 145.585723974685607, 15.025817863245948 ], [ 145.585634143164498, 15.025817863245948 ], [ 145.585634143164498, 15.025728031724896 ], [ 145.585611290516908, 15.025571177467668 ], [ 145.585477332770211, 15.025435728377317 ], [ 145.585454480122621, 15.02527887412009 ], [ 145.585326224572214, 15.02517991908536 ], [ 145.585137262564217, 15.024718128922643 ], [ 145.58509515403864, 15.02447039043119 ], [ 145.585005322517645, 15.02447039043119 ], [ 145.585005322517645, 15.024290727389257 ], [ 145.584915490996877, 15.024290727389257 ], [ 145.584915490996877, 15.024111064347323 ], [ 145.584825659475655, 15.024111064347323 ], [ 145.584825659475655, 15.024021232826215 ], [ 145.584825659475655, 15.023931401305333 ], [ 145.584766005731467, 15.023901223528981 ], [ 145.584556121049786, 15.023483296413474 ], [ 145.584734424337285, 15.023124672138351 ], [ 145.584915490996877, 15.023033086095381 ], [ 145.585040851585973, 15.022921147598879 ], [ 145.585060940861695, 15.022583928490576 ], [ 145.585047562632326, 15.022359349688088 ], [ 145.58506752031883, 15.022024586910788 ], [ 145.584300399483709, 15.021166274800009 ], [ 145.583666359134099, 15.020875024165548 ], [ 145.583432876132974, 15.020666586964694 ], [ 145.583261196165836, 15.019746515683494 ], [ 145.582989025956977, 15.018988211320561 ], [ 145.582939197535211, 15.018721173088295 ], [ 145.582939197535211, 15.018631341567414 ], [ 145.582939197535211, 15.018541510046532 ], [ 145.582849366013988, 15.018541510046532 ], [ 145.582849366013988, 15.018182183962438 ], [ 145.582800283264191, 15.01814147905435 ], [ 145.582639481332421, 15.017770573126029 ], [ 145.582529428946714, 15.016789093578438 ], [ 145.582645578296024, 15.016480297724968 ], [ 145.582949768529602, 15.016227646572361 ], [ 145.583200621297351, 15.015820948397163 ], [ 145.583339272390049, 15.01534828019885 ], [ 145.583517970444973, 15.014872804765616 ], [ 145.58410064716611, 15.013889219791793 ], [ 145.584556164912783, 15.013510944871427 ], [ 145.584645996433665, 15.013510944871427 ], [ 145.585469963778223, 15.013208465296714 ], [ 145.586221381642645, 15.013110212070899 ], [ 145.58671212141644, 15.01297195574557 ], [ 145.58671212141644, 15.012882124224689 ], [ 145.586801952937321, 15.012882124224689 ], [ 145.587036751829828, 15.012577890127943 ], [ 145.587442353428742, 15.012264883422063 ], [ 145.587520605105169, 15.0121634720565 ], [ 145.587520605105169, 15.012073640535618 ], [ 145.587610436626164, 15.012073640535618 ], [ 145.587815935002936, 15.011753615742293 ], [ 145.587868219755478, 15.011399904128325 ], [ 145.587797644112356, 15.01092267417323 ], [ 145.587979149402258, 15.010687568239234 ], [ 145.588329088794012, 15.010546504679098 ], [ 145.588557001188065, 15.010145771878172 ], [ 145.588723329863683, 15.009772760523617 ], [ 145.588868077919869, 15.009648189469317 ], [ 145.58892123993337, 15.00943168146739 ], [ 145.588957909440978, 15.009199031864341 ], [ 145.588842856667611, 15.009154116103616 ], [ 145.588957909440978, 15.00910920034346 ], [ 145.588729997046926, 15.008618636021481 ], [ 145.588523577546084, 15.008074734234413 ], [ 145.588100079824017, 15.007809450524064 ], [ 145.587562187273988, 15.007181331685842 ], [ 145.58747902293635, 15.006904819035412 ], [ 145.587340942063179, 15.006593917755708 ], [ 145.587103292072698, 15.006388989598463 ], [ 145.587330107890693, 15.005850351376978 ], [ 145.587256330244827, 15.004932034617411 ], [ 145.587303263705508, 15.004348129731227 ], [ 145.587289183667394, 15.004173028446075 ], [ 145.587113029669126, 15.003857565409589 ], [ 145.586939288138524, 15.00328032770625 ], [ 145.586820375417233, 15.002243054362452 ], [ 145.586891784458203, 15.00138368953867 ], [ 145.586891784458203, 15.001293858017789 ], [ 145.586801952937321, 15.001293858017789 ], [ 145.586801952937321, 15.001204026496907 ], [ 145.586749931363101, 15.00089768697427 ], [ 145.586481752691611, 15.000535904559399 ], [ 145.586352795332346, 15.000305711286956 ], [ 145.586262963811464, 15.000305711286956 ], [ 145.586262963811464, 15.000215879766074 ], [ 145.586173132290583, 15.000215879766074 ], [ 145.586173132290583, 14.99985655368198 ], [ 145.58608330076936, 14.99985655368198 ], [ 145.58608330076936, 14.999587059118937 ], [ 145.58597702060581, 14.999513720103948 ], [ 145.585903637727597, 14.99922773303507 ], [ 145.585813806206488, 14.99922773303507 ], [ 145.585813806206488, 14.99904806999308 ], [ 145.585813806206488, 14.998958238472198 ], [ 145.585723974685607, 14.998958238472198 ], [ 145.585723974685607, 14.998868406951317 ], [ 145.585723974685607, 14.998778575430435 ], [ 145.585634143164498, 14.998778575430435 ], [ 145.585634143164498, 14.998598912388275 ], [ 145.585580191616259, 14.998563120141796 ], [ 145.585418600149978, 14.998095715508953 ], [ 145.585310697053387, 14.997934299494716 ], [ 145.585149105586993, 14.997466894862157 ], [ 145.584972162053873, 14.997201962056351 ], [ 145.585059405654988, 14.9968556194342 ], [ 145.585274817080631, 14.99671245044766 ], [ 145.585184985559749, 14.996353124363793 ], [ 145.585049097838919, 14.996244344006243 ], [ 145.584965363281526, 14.995783957461185 ], [ 145.585234857844512, 14.995414806054669 ], [ 145.585334734003254, 14.995065656197767 ], [ 145.585823675392135, 14.994454380769753 ], [ 145.586442626853454, 14.99437683090207 ], [ 145.586442626853454, 14.994286999381018 ], [ 145.586801952937321, 14.994286999381018 ], [ 145.586801952937321, 14.994197167860136 ], [ 145.586891784458203, 14.994197167860136 ], [ 145.587108117007801, 14.99414418129885 ], [ 145.587753430160546, 14.994070491379262 ], [ 145.587879931189036, 14.994017504818203 ], [ 145.588063717357727, 14.993692567363269 ], [ 145.588508751836002, 14.99374801025516 ], [ 145.588508751836002, 14.993658178734449 ], [ 145.588598583357225, 14.993658178734449 ], [ 145.588598583357225, 14.993478515692345 ], [ 145.588688414878106, 14.993478515692345 ], [ 145.588766666554534, 14.993377104326783 ], [ 145.58922740400385, 14.993298852650355 ], [ 145.589270960009912, 14.993142349297329 ], [ 145.589536024404993, 14.992799164814926 ], [ 145.589766393129707, 14.992759863524498 ], [ 145.589856224650703, 14.992759863524498 ], [ 145.589909386664203, 14.992633187043623 ], [ 145.589988252423268, 14.992036298695268 ], [ 145.590358544269179, 14.99182470335478 ], [ 145.590489914095997, 14.991634513181452 ], [ 145.590414162613229, 14.991296592264632 ], [ 145.590538207310942, 14.991106051186932 ], [ 145.590629661764751, 14.990861821739429 ], [ 145.591306775626776, 14.990688124071823 ], [ 145.591599693056992, 14.99046108893873 ], [ 145.591957001440733, 14.990256862590343 ], [ 145.59214982339688, 14.99030037473301 ], [ 145.592772854121449, 14.990009124098776 ], [ 145.593135733112376, 14.990090533914554 ], [ 145.593179990927183, 14.990154749415865 ], [ 145.593735165517387, 14.990470212452578 ], [ 145.594257969178898, 14.990514075499789 ], [ 145.594378680285104, 14.990273355096008 ], [ 145.594737304560454, 14.990095095671563 ], [ 145.594886789825864, 14.990064917894813 ], [ 145.594931705586191, 14.98994982125862 ], [ 145.594976621346746, 14.990064917894813 ], [ 145.595285241748115, 14.99001438766436 ], [ 145.595605441993598, 14.989975086373931 ], [ 145.595605441993598, 14.98988525485322 ], [ 145.595695273514707, 14.98988525485322 ], [ 145.59605459959846, 14.98988525485322 ], [ 145.596084777375154, 14.989825601108521 ], [ 145.596937255700595, 14.989765245555418 ], [ 145.597132577850516, 14.990154749415865 ], [ 145.597442294827601, 14.990348097728713 ], [ 145.598044753783029, 14.990576536479296 ], [ 145.598548169977789, 14.991161143174622 ], [ 145.599249934872319, 14.991658725583648 ], [ 145.60013956519856, 14.991985417560272 ], [ 145.600860585971077, 14.992043316782713 ], [ 145.602234595929644, 14.991932781903529 ], [ 145.602570718461266, 14.992082618073312 ], [ 145.602941975294129, 14.992346147261628 ], [ 145.603385957059459, 14.992381588604133 ], [ 145.60403912169761, 14.992202978275145 ], [ 145.605110783670625, 14.992397379301053 ], [ 145.605902467812484, 14.991742240825658 ], [ 145.607034178297113, 14.991612757110204 ], [ 145.607864111016056, 14.991094471342649 ], [ 145.608382747687983, 14.990863225356918 ], [ 145.608492931663022, 14.990735145258554 ], [ 145.608589430367147, 14.990652331825117 ], [ 145.608672594705013, 14.990555482216791 ], [ 145.608825501288038, 14.990423893074535 ], [ 145.609202197138757, 14.989748753049582 ], [ 145.609301415351752, 14.988669020276177 ], [ 145.609481078393742, 14.988514271444842 ], [ 145.60936466586611, 14.987222241521977 ], [ 145.609103856186493, 14.986919411043061 ], [ 145.608639960597657, 14.986586402787566 ], [ 145.608541181014971, 14.986471657055574 ], [ 145.608297477923998, 14.986253745436329 ], [ 145.60832914704406, 14.985721423493715 ], [ 145.609259833182932, 14.985663173367016 ], [ 145.609421863279863, 14.985612994040537 ], [ 145.610066737802299, 14.985237526355149 ], [ 145.6104772081992, 14.984573615270449 ], [ 145.610440538691591, 14.983958479894397 ], [ 145.610829340743294, 14.983819170855952 ], [ 145.611617647430421, 14.983575643217023 ], [ 145.611912407108548, 14.983195262870424 ], [ 145.612394374273094, 14.982531000881181 ], [ 145.613233649821154, 14.981568821074461 ], [ 145.613284618682087, 14.980713316198944 ], [ 145.61317004840248, 14.980585236100637 ], [ 145.612980296859632, 14.980415749285612 ], [ 145.6128107223185, 14.97986658393279 ], [ 145.612701766508849, 14.97956305164513 ], [ 145.61273519015117, 14.979002657352055 ], [ 145.612536139641975, 14.978524023779244 ], [ 145.612403936417195, 14.977488504957478 ], [ 145.612306385000011, 14.976496498278323 ], [ 145.612511751787679, 14.975937156698706 ], [ 145.612542017290366, 14.975560636300202 ], [ 145.612583599459185, 14.975512211495754 ], [ 145.612617812636131, 14.975277105561929 ], [ 145.612818880845225, 14.974669339177865 ], [ 145.612853094022171, 14.97443423324404 ], [ 145.612799932008784, 14.974397388284274 ], [ 145.612621584858402, 14.974139122661484 ], [ 145.612583599459185, 14.97380541259713 ], [ 145.612656061213443, 14.972370564592097 ], [ 145.612844935495332, 14.971970533600086 ], [ 145.613635347608692, 14.971117485055231 ], [ 145.613974233512636, 14.970884133643438 ], [ 145.614157405598462, 14.970797811166278 ], [ 145.614488659332096, 14.970622358976584 ], [ 145.614786226245201, 14.970528316603065 ], [ 145.615382149606717, 14.970283385346818 ], [ 145.616446354861637, 14.970032488715901 ], [ 145.616446354861637, 14.969942657194792 ], [ 145.616715849424509, 14.969942657194792 ], [ 145.61675822112818, 14.96989528510386 ], [ 145.617276419169571, 14.969565785891916 ], [ 145.617654957268428, 14.969023638626709 ], [ 145.617671011143671, 14.968753793159351 ], [ 145.617486084535926, 14.968238314627115 ], [ 145.617746367859013, 14.967829160121084 ], [ 145.618220966031345, 14.967250869705026 ], [ 145.618394575972843, 14.966688369985491 ], [ 145.619025502046043, 14.966445895059849 ], [ 145.620531145009409, 14.965763035138536 ], [ 145.621614211374663, 14.965318790194942 ], [ 145.622418221032831, 14.964954200545264 ], [ 145.622591041439364, 14.96496437677223 ], [ 145.623405929133014, 14.964605752497107 ], [ 145.623652000828884, 14.964591014513303 ], [ 145.623865262964955, 14.965733559170758 ], [ 145.624670500788397, 14.965546176232408 ], [ 145.625196330999984, 14.965211764359651 ], [ 145.625921036268551, 14.96459522536577 ], [ 145.626195618944962, 14.964420474984991 ], [ 145.626687148253609, 14.964013776810305 ], [ 145.626727326804939, 14.96381481402716 ], [ 145.626866811295599, 14.963744282247092 ], [ 145.626866811295599, 14.96365445072604 ], [ 145.626956642816481, 14.96365445072604 ], [ 145.627171133118054, 14.963329864175876 ], [ 145.627226137379466, 14.963115461600353 ], [ 145.627226137379466, 14.963025630079471 ], [ 145.627315968900348, 14.963025630079471 ], [ 145.627397992798933, 14.962705956190177 ], [ 145.62758546346322, 14.962576472474495 ], [ 145.627675294984442, 14.962396809432335 ], [ 145.627675294984442, 14.962306977911283 ], [ 145.627765126505324, 14.962306977911283 ], [ 145.627995495229925, 14.961728687495054 ], [ 145.628034621068196, 14.961678157264714 ], [ 145.628064798844889, 14.961528671999304 ], [ 145.628124452589418, 14.961408662701501 ], [ 145.628167613827941, 14.961361992419143 ], [ 145.628293851678109, 14.961245141261031 ], [ 145.628440617434649, 14.960826512337007 ], [ 145.628560363553788, 14.960448237416642 ], [ 145.629640973588494, 14.958447380648522 ], [ 145.629741419966876, 14.958354390988291 ], [ 145.62980177552015, 14.958235083499233 ], [ 145.629921083008981, 14.95817472794613 ], [ 145.63004758403747, 14.957672583780266 ], [ 145.630190577571852, 14.957366244257287 ], [ 145.630507531951935, 14.956605132659718 ], [ 145.630549903655719, 14.956467929047676 ], [ 145.630549903655719, 14.956198434484463 ], [ 145.630639735176828, 14.956198434484463 ], [ 145.630564203009271, 14.955865777133567 ], [ 145.630473845131633, 14.955139755973562 ], [ 145.630715793700915, 14.954741479503809 ], [ 145.630999061260695, 14.954581467107062 ], [ 145.630999061260695, 14.954491635585839 ], [ 145.631088892781577, 14.954491635585839 ], [ 145.631088892781577, 14.954401804064901 ], [ 145.631178724302686, 14.954401804064901 ], [ 145.631268555823567, 14.954401804064901 ], [ 145.631268555823567, 14.954311972543849 ], [ 145.631268555823567, 14.954222141022967 ], [ 145.631358387344562, 14.954222141022967 ], [ 145.63172192428101, 14.953628410813963 ], [ 145.632030369230051, 14.952271814485357 ], [ 145.631944046752892, 14.951660188153028 ], [ 145.631760874667179, 14.951034876550182 ], [ 145.631533225451449, 14.950078662117733 ], [ 145.631322068741383, 14.949883208378708 ], [ 145.631221885541322, 14.949597572214202 ], [ 145.630806677935084, 14.948231150563004 ], [ 145.630593064894356, 14.947711110273588 ], [ 145.630498934794787, 14.947413543360597 ], [ 145.630306463743068, 14.947049655519663 ], [ 145.62961755072115, 14.945550942917464 ], [ 145.629071543507848, 14.944068722821271 ], [ 145.629022767799029, 14.94371185306801 ], [ 145.628932936278147, 14.94371185306801 ], [ 145.628932936278147, 14.943622021547128 ], [ 145.628932936278147, 14.943532190026019 ], [ 145.628827050881682, 14.943437445843756 ], [ 145.628710901532372, 14.942301919273916 ], [ 145.62880318938403, 14.940753027345579 ], [ 145.629112599320251, 14.940657581354571 ], [ 145.629112599320251, 14.94056774983369 ], [ 145.629202430841019, 14.94056774983369 ], [ 145.629239100348627, 14.940514763272404 ], [ 145.629561756924886, 14.940298255270648 ], [ 145.629561756924886, 14.940208423749596 ], [ 145.629741419966876, 14.940208423749596 ], [ 145.629789406140617, 14.94003612969982 ], [ 145.629960208847024, 14.939618904393228 ], [ 145.630010914529862, 14.939579603103027 ], [ 145.630010914529862, 14.939130445498051 ], [ 145.630100746050971, 14.939130445498051 ], [ 145.63004758403747, 14.938913937496125 ], [ 145.630010914529862, 14.938681287893075 ], [ 145.629960208847024, 14.938641986602477 ], [ 145.629650974363472, 14.93824160470632 ], [ 145.629889062984262, 14.937635943748489 ], [ 145.630280409092734, 14.937333815078318 ], [ 145.630250231316154, 14.936914835249922 ], [ 145.629861429264452, 14.936135827528801 ], [ 145.629831251487872, 14.935896510742509 ], [ 145.629741419966876, 14.935896510742509 ], [ 145.629741419966876, 14.935537184658585 ], [ 145.629791862471393, 14.934728700969742 ], [ 145.629741419966876, 14.933920217281184 ], [ 145.629741419966876, 14.933740554238852 ], [ 145.629831251487872, 14.933740554238852 ], [ 145.629872044121839, 14.933511764583898 ], [ 145.630329447979648, 14.932442208037287 ], [ 145.63046761657904, 14.931971645265264 ], [ 145.630680527810796, 14.931715134164392 ], [ 145.63072956669771, 14.931674429256304 ], [ 145.63072956669771, 14.931584597735593 ], [ 145.630819398218591, 14.931584597735593 ], [ 145.630819398218591, 14.931494766214371 ], [ 145.630909229739814, 14.931494766214371 ], [ 145.630939407516394, 14.931255449428079 ], [ 145.630999061260695, 14.931135440130618 ], [ 145.630999061260695, 14.931045608609736 ], [ 145.631088892781577, 14.931045608609736 ], [ 145.631088892781577, 14.930865945567405 ], [ 145.631178724302686, 14.930506619483538 ], [ 145.631088892781577, 14.930506619483538 ], [ 145.631088892781577, 14.930326956441547 ], [ 145.631088892781577, 14.930147293399784 ], [ 145.630999061260695, 14.930147293399784 ], [ 145.630999061260695, 14.930057461878732 ], [ 145.630945899247195, 14.929840953877147 ], [ 145.630909229739814, 14.929518472752875 ], [ 145.630782728711324, 14.929217396795821 ], [ 145.630945899247195, 14.928567170981978 ], [ 145.631052223274196, 14.928313818020285 ], [ 145.631138808929563, 14.927870625789808 ], [ 145.631383827912146, 14.927441118830188 ], [ 145.631627881907434, 14.927272684728166 ], [ 145.631717713428543, 14.927093021686176 ], [ 145.631717713428543, 14.927003190165294 ], [ 145.631807544949424, 14.927003190165294 ], [ 145.631864742363177, 14.926360333343325 ], [ 145.632133535117418, 14.925950126124349 ], [ 145.632481632261261, 14.925615714251592 ], [ 145.632583657709461, 14.924884429525832 ], [ 145.633180809236023, 14.924262977871081 ], [ 145.633915076648805, 14.923670300375193 ], [ 145.634462838384138, 14.923299043542272 ], [ 145.635087272726423, 14.923096571715575 ], [ 145.635748815206625, 14.922828129866048 ], [ 145.635939794914748, 14.922824269917953 ], [ 145.636075068552714, 14.922827077152931 ], [ 145.638030834108122, 14.922684259070763 ], [ 145.63910460150737, 14.922834095240546 ], [ 145.640391543316809, 14.923197281272394 ], [ 145.641274243281714, 14.923625384614638 ], [ 145.641959471807468, 14.92411805436268 ], [ 145.642453457446891, 14.924441939104099 ], [ 145.642721197488072, 14.924623707572323 ], [ 145.643169916462398, 14.924841268287366 ], [ 145.644591254648731, 14.926320681148525 ], [ 145.644833115491906, 14.926464201039437 ], [ 145.645305081881475, 14.926525960210199 ], [ 145.645372104617763, 14.927182853207285 ], [ 145.645425266631264, 14.92721969816705 ], [ 145.645670724244269, 14.92757516430305 ], [ 145.645731430701744, 14.927811673854364 ], [ 145.645821262222739, 14.927811673854364 ], [ 145.645821262222739, 14.927901505375075 ], [ 145.645881617775899, 14.928020812863963 ], [ 145.64600092526473, 14.928081168417009 ], [ 145.646090756785838, 14.928081168417009 ], [ 145.646090756785838, 14.928170999938118 ], [ 145.646268665305911, 14.928227495543069 ], [ 145.647026706490237, 14.929429343040511 ], [ 145.647330501956162, 14.93038871561231 ], [ 145.648099333450091, 14.932061476786146 ], [ 145.648473046613617, 14.932705737226001 ], [ 145.648898781351363, 14.933462287066732 ], [ 145.649777270463574, 14.934276034321044 ], [ 145.649906841905477, 14.934416045168177 ], [ 145.650084399521234, 14.934580619321991 ], [ 145.650382405064875, 14.935211896299506 ], [ 145.651414151664881, 14.936167759827413 ], [ 145.651793303846148, 14.936841496234706 ], [ 145.652156138973965, 14.93728714479596 ], [ 145.652368260670869, 14.93761559129473 ], [ 145.652468794775473, 14.938142298767218 ], [ 145.652468794775473, 14.938321961808981 ], [ 145.652540028364456, 14.938358104960059 ], [ 145.652441424233871, 14.938559874977955 ], [ 145.652272551501596, 14.938645144742054 ], [ 145.652356066743778, 14.938816035174682 ], [ 145.652289131733482, 14.938950782455947 ], [ 145.652138155124476, 14.939625220672156 ], [ 145.651750142607625, 14.939849097665672 ], [ 145.651606447264385, 14.939982090425246 ], [ 145.651622501139741, 14.940388086791756 ], [ 145.651608289512524, 14.940747412875623 ], [ 145.651617939382959, 14.940991642323354 ], [ 145.651866291957163, 14.941460801477888 ], [ 145.652195352538229, 14.942242967338132 ], [ 145.652964622662694, 14.94330585670167 ], [ 145.653306491253829, 14.943835371409307 ], [ 145.653716172116106, 14.944215049947161 ], [ 145.654213666799251, 14.945397246799587 ], [ 145.654671421561488, 14.945821139289251 ], [ 145.654714582800011, 14.94586780957161 ], [ 145.654804414321006, 14.94586780957161 ], [ 145.654804414321006, 14.945957641092491 ], [ 145.654953899586303, 14.945987818869412 ], [ 145.655193918181453, 14.946107126357902 ], [ 145.655882392572948, 14.946137304134652 ], [ 145.656351727179526, 14.946179061755629 ], [ 145.656701929749602, 14.946420834872583 ], [ 145.656817377290167, 14.946729279821625 ], [ 145.656870539303782, 14.946766124781391 ], [ 145.656960370824549, 14.946766124781391 ], [ 145.656960370824549, 14.946855956302272 ], [ 145.657297765384783, 14.947033864822401 ], [ 145.657489973258407, 14.947345818815506 ], [ 145.657935621819661, 14.947497760411522 ], [ 145.658038349076378, 14.947664439991172 ], [ 145.658157656565095, 14.947724795544616 ], [ 145.658218012118368, 14.947844103033106 ], [ 145.658494173864483, 14.947927267370972 ], [ 145.658757001244226, 14.94838309215919 ], [ 145.659178612855499, 14.948500645125989 ], [ 145.659909809854753, 14.948788035812356 ], [ 145.660373968621798, 14.948832249763996 ], [ 145.660415638516952, 14.948778210489934 ], [ 145.66131140967002, 14.948422393449562 ], [ 145.661721441436612, 14.94838309215919 ], [ 145.66213138547721, 14.948287997072327 ], [ 145.662619756646563, 14.948652586722005 ], [ 145.662709588167445, 14.948652586722005 ], [ 145.662709588167445, 14.948742418243057 ], [ 145.663440872893034, 14.948689431681828 ], [ 145.664057060982145, 14.948203429117029 ], [ 145.664057060982145, 14.948113597596148 ], [ 145.664146892503254, 14.948113597596148 ], [ 145.664197598185865, 14.948074296305776 ], [ 145.664675968580354, 14.948003764525538 ], [ 145.66517872682914, 14.948201323690796 ], [ 145.665263996593126, 14.948703116952856 ], [ 145.665437869712832, 14.949145607374248 ], [ 145.665883869178401, 14.949671613038163 ], [ 145.665784563239185, 14.950343244019223 ], [ 145.665205746466313, 14.950504660033801 ], [ 145.665090123473533, 14.95048746571905 ], [ 145.664915987175618, 14.950513081738904 ], [ 145.664596050108003, 14.95071871170461 ], [ 145.664517798431575, 14.95117944915404 ], [ 145.66441638706624, 14.951257700830467 ], [ 145.664489287450806, 14.951863712693012 ], [ 145.66441638706624, 14.952605173645225 ], [ 145.664376120788688, 14.952804487332344 ], [ 145.664057060982145, 14.952964499729092 ], [ 145.664020391474537, 14.95310731781143 ], [ 145.663697734898278, 14.953323825813186 ], [ 145.663697734898278, 14.953593320376058 ], [ 145.663607903377169, 14.953593320376058 ], [ 145.663607903377169, 14.953772983417991 ], [ 145.663518071856288, 14.953772983417991 ], [ 145.663518071856288, 14.953952646459925 ], [ 145.663458418111986, 14.954072655757557 ], [ 145.663428240335406, 14.954311972543849 ], [ 145.663428240335406, 14.954401804064901 ], [ 145.663338408814298, 14.954401804064901 ], [ 145.66326638569069, 14.954682527568025 ], [ 145.663015752238039, 14.955067469671462 ], [ 145.66297908273043, 14.9552102877538 ], [ 145.662935921491794, 14.955346789557268 ], [ 145.662795998370711, 14.955611020554329 ], [ 145.662623177964178, 14.955977364725868 ], [ 145.662436672286731, 14.956329672722347 ], [ 145.662139807182371, 14.956958844273458 ], [ 145.661858206418287, 14.957219917131567 ], [ 145.661520987310382, 14.958134724847184 ], [ 145.661589238212059, 14.959856261729499 ], [ 145.661779252933002, 14.960215587813593 ], [ 145.661987514681982, 14.960873182619366 ], [ 145.662146737543708, 14.961327252885553 ], [ 145.662102874496441, 14.962432601679211 ], [ 145.662170599041588, 14.962756135516258 ], [ 145.662170599041588, 14.963115461600353 ], [ 145.662080767520706, 14.963115461600353 ], [ 145.662080767520706, 14.963205293121234 ], [ 145.661990935999597, 14.963205293121234 ], [ 145.661990935999597, 14.963295124642116 ], [ 145.661901104478716, 14.963295124642116 ], [ 145.661951810161554, 14.96360392049553 ], [ 145.662030061837982, 14.964243970082748 ], [ 145.662131473203317, 14.964502235705311 ], [ 145.662170599041588, 14.964732428977925 ], [ 145.662130420490257, 14.964931391760729 ], [ 145.661990935999597, 14.965001923540967 ], [ 145.661934089490273, 14.965160532320056 ], [ 145.661949967913415, 14.965427921456694 ], [ 145.662794243848793, 14.966456773095388 ], [ 145.663294984397567, 14.967547734809273 ], [ 145.663338408814298, 14.968056195254178 ], [ 145.663428240335406, 14.968056195254178 ], [ 145.663428240335406, 14.968235858296339 ], [ 145.663518071856288, 14.968235858296339 ], [ 145.663518071856288, 14.96832568981722 ], [ 145.663624395883062, 14.968399028832437 ], [ 145.663697734898278, 14.968685015901315 ], [ 145.663832219001392, 14.968753091350607 ], [ 145.663922576879031, 14.969066098056658 ], [ 145.664176368471203, 14.969194529059223 ], [ 145.664236724024136, 14.969313836548054 ], [ 145.66428988603775, 14.969350681507706 ], [ 145.664577890806413, 14.969778433945578 ], [ 145.664685881629111, 14.969852825673911 ], [ 145.664775713149993, 14.969852825673911 ], [ 145.664775713149993, 14.969942657194792 ], [ 145.665247679539675, 14.970004416365555 ], [ 145.665314702276191, 14.970661309362811 ], [ 145.665404533796959, 14.970661309362811 ], [ 145.665404533796959, 14.970751140883692 ], [ 145.665457695810233, 14.970967648885448 ], [ 145.665494365317841, 14.971200298488668 ], [ 145.665584196838836, 14.971200298488668 ], [ 145.665584196838836, 14.971379961530658 ], [ 145.665674028359945, 14.971379961530658 ], [ 145.665674028359945, 14.97146979305154 ], [ 145.665674028359945, 14.971559624572762 ], [ 145.66574105109612, 14.971582433357128 ], [ 145.665786668665419, 14.97202948553587 ], [ 145.665607005623428, 14.972211254004094 ], [ 145.665584196838836, 14.972637602824307 ], [ 145.665547527331228, 14.973049915469517 ], [ 145.665494365317841, 14.973266423471273 ], [ 145.665163813393292, 14.974058765558652 ], [ 145.665045207712978, 14.974164738680997 ], [ 145.664984852159932, 14.974284046169885 ], [ 145.664865544671216, 14.974344401723158 ], [ 145.664842735886509, 14.974501255980556 ], [ 145.664485427502541, 14.974860231159937 ], [ 145.664326555545358, 14.974883390849016 ], [ 145.664326555545358, 14.975063053890779 ], [ 145.664236724024136, 14.975063053890779 ], [ 145.664236724024136, 14.975422379974873 ], [ 145.664146892503254, 14.975422379974873 ], [ 145.664104520799356, 14.975559583587085 ], [ 145.66400933798684, 14.975734684871838 ], [ 145.664017408787345, 14.975870133962189 ], [ 145.664199177255568, 14.976376488981089 ], [ 145.664185842889424, 14.976600365974491 ], [ 145.663903540316483, 14.976729849690287 ], [ 145.663673522496083, 14.976987413504673 ], [ 145.664173122605575, 14.977304981967222 ], [ 145.664352171564929, 14.977695187636414 ], [ 145.664900898287215, 14.978364011382666 ], [ 145.665445063252605, 14.978758778808697 ], [ 145.66596598080298, 14.978998095595216 ], [ 145.666381627039868, 14.979463043897113 ], [ 145.666524883752345, 14.980230822678266 ], [ 145.666709634907875, 14.98067506762186 ], [ 145.666794378315331, 14.980949474845886 ], [ 145.667589527637915, 14.981918672740107 ], [ 145.668082899194474, 14.982801548157511 ], [ 145.66823168265114, 14.983913915038272 ], [ 145.668326602285561, 14.984268328460928 ], [ 145.66841134569313, 14.984632567206063 ], [ 145.668551707444635, 14.985023825588542 ], [ 145.669037622283327, 14.985917929945856 ], [ 145.66908762615742, 14.986291994013584 ], [ 145.66908762615742, 14.986651320097678 ], [ 145.669144735845066, 14.987562969673775 ], [ 145.669499412445703, 14.988215651818393 ], [ 145.669702849259579, 14.989090105530465 ], [ 145.669655477168249, 14.989884553044476 ], [ 145.66994356966336, 14.990915861013661 ], [ 145.670031734388658, 14.992790743109765 ], [ 145.670392727268336, 14.993610806643119 ], [ 145.670477470675678, 14.99442420299323 ], [ 145.67058449651131, 14.995127766272674 ], [ 145.670946980734584, 14.995794835496895 ], [ 145.671120678402076, 14.996356984311888 ], [ 145.671063919618746, 14.996622618926608 ], [ 145.671063919618746, 14.99671245044766 ], [ 145.670974088097864, 14.99671245044766 ], [ 145.671063744166531, 14.997204067482585 ], [ 145.671381663534021, 14.997652172374274 ], [ 145.67160343510136, 14.998006585796816 ], [ 145.671789765326366, 14.99943020486171 ], [ 145.672116720481426, 15.000206756252055 ], [ 145.672300769828212, 15.000365014127112 ], [ 145.672266030294622, 15.000796977417338 ], [ 145.672415691012247, 15.000925759324218 ], [ 145.672874235309223, 15.002134274005073 ], [ 145.672991963728236, 15.002779587157875 ], [ 145.673260230125948, 15.003675095132508 ], [ 145.673627451558332, 15.004479367968713 ], [ 145.673669033727379, 15.004797287336032 ], [ 145.673794394316701, 15.004887118857255 ], [ 145.673669033727379, 15.004976950378136 ], [ 145.67360630956955, 15.005614543634351 ], [ 145.673669033727379, 15.005785434066865 ], [ 145.67375886524826, 15.005785434066865 ], [ 145.67375886524826, 15.005965097108799 ], [ 145.673812027261761, 15.006001942068622 ], [ 145.673933440176825, 15.006326528619127 ], [ 145.673822993023691, 15.006819198366941 ], [ 145.67375886524826, 15.006863412318751 ], [ 145.67375886524826, 15.007043075360514 ], [ 145.673669033727379, 15.007043075360514 ], [ 145.673669033727379, 15.007132906881623 ], [ 145.673669033727379, 15.007222738402504 ], [ 145.67357920220627, 15.007222738402504 ], [ 145.67357920220627, 15.007312569923727 ], [ 145.673540076368113, 15.007363100154066 ], [ 145.67343866500255, 15.007441702735036 ], [ 145.673308654930338, 15.007610136837059 ], [ 145.672989507397801, 15.007801028818903 ], [ 145.672680886996545, 15.008031222091347 ], [ 145.672680886996545, 15.008121053612456 ], [ 145.672591055475436, 15.008121053612456 ], [ 145.672591055475436, 15.008210885133508 ], [ 145.672591055475436, 15.008300716654389 ], [ 145.672501223954441, 15.008300716654389 ], [ 145.672365423960059, 15.008476519748058 ], [ 145.671821697624978, 15.008699344028685 ], [ 145.671563782906446, 15.008890236010927 ], [ 145.671372540020002, 15.008968838591898 ], [ 145.671228318320345, 15.009321146588036 ], [ 145.671103045457016, 15.009417996196703 ], [ 145.670925751019695, 15.009851012200045 ], [ 145.670845130738599, 15.010398072126804 ], [ 145.671024793780589, 15.010855300532512 ], [ 145.671063919618746, 15.011354988367827 ], [ 145.671063919618746, 15.011534651409931 ], [ 145.670974088097864, 15.011534651409931 ], [ 145.670908381252957, 15.012025917540086 ], [ 145.67018832546762, 15.01305687460507 ], [ 145.669927164883575, 15.013902554158108 ], [ 145.669668986986949, 15.014272056468997 ], [ 145.669494412058384, 15.014546463693421 ], [ 145.669357120720065, 15.014588923123142 ], [ 145.669357120720065, 15.014858417686185 ], [ 145.66926728919907, 15.014858417686185 ], [ 145.669244480414477, 15.015015271943412 ], [ 145.668977003551731, 15.015284415601911 ], [ 145.668728300073212, 15.01530757529116 ], [ 145.668728300073212, 15.015397406812042 ], [ 145.668728300073212, 15.015487238332923 ], [ 145.668638468552444, 15.015487238332923 ], [ 145.668638468552444, 15.015666901374914 ], [ 145.668638468552444, 15.015756732896136 ], [ 145.668548637031222, 15.015756732896136 ], [ 145.668548637031222, 15.015846564416847 ], [ 145.668548637031222, 15.015936395937899 ], [ 145.66845880551034, 15.015936395937899 ], [ 145.66845880551034, 15.016026227458781 ], [ 145.66841862695901, 15.016225190241585 ], [ 145.66827914246835, 15.016295722021823 ], [ 145.668195978130598, 15.016392220725947 ], [ 145.66797192568481, 15.016585218134594 ], [ 145.667561543013676, 15.016708736475778 ], [ 145.667129667449331, 15.016949807783931 ], [ 145.666717091626083, 15.017428792261057 ], [ 145.666023265942954, 15.018026382418327 ], [ 145.665505945162295, 15.018426764314484 ], [ 145.664435335902567, 15.018669941049097 ], [ 145.663060755724473, 15.018456591186691 ], [ 145.66297908273043, 15.018361847004371 ], [ 145.662660637006638, 15.018428518836345 ], [ 145.660327473791654, 15.018110599469082 ], [ 145.659443457935367, 15.018145689907044 ], [ 145.658803671526584, 15.018408517286787 ], [ 145.658667169723344, 15.018451678525309 ], [ 145.658667169723344, 15.018541510046532 ], [ 145.65848750668124, 15.018541510046532 ], [ 145.658342056816423, 15.018575898675351 ], [ 145.658093967420427, 15.018686784459135 ], [ 145.657623404648461, 15.018755561717512 ], [ 145.657277588383067, 15.018910310548506 ], [ 145.657105820689594, 15.019225773585333 ], [ 145.656724650808201, 15.019433508977443 ], [ 145.656493931179057, 15.019361573579715 ], [ 145.656387168521633, 15.019674931190139 ], [ 145.656331550177924, 15.019709319819128 ], [ 145.656331550177924, 15.01979915134001 ], [ 145.656241718656702, 15.01979915134001 ], [ 145.656241718656702, 15.019888982861119 ], [ 145.65615188713582, 15.019888982861119 ], [ 145.655921518410992, 15.020197778714703 ], [ 145.655843266734564, 15.020388670696548 ], [ 145.655792561051726, 15.020427971987147 ], [ 145.655762383275146, 15.020577457252557 ], [ 145.655702729530844, 15.020697466549962 ], [ 145.655490783285927, 15.021383835514825 ], [ 145.655175846605971, 15.021963529548771 ], [ 145.654936617545786, 15.022177230315549 ], [ 145.65467221109634, 15.022631300581736 ], [ 145.653908204537515, 15.023491367214206 ], [ 145.653773895886388, 15.024068604917375 ], [ 145.653665641885596, 15.024472846761796 ], [ 145.653684239817835, 15.024784800754617 ], [ 145.653673010877583, 15.024972885501654 ], [ 145.653229818647105, 15.025950154196778 ], [ 145.653145075239649, 15.026494055983846 ], [ 145.652780661042129, 15.026758637885848 ], [ 145.652277025532499, 15.027452375842699 ], [ 145.652156928508816, 15.027841528798774 ], [ 145.651972177353286, 15.028106110700264 ], [ 145.65170777090384, 15.028560180966622 ], [ 145.651227119630903, 15.029315327189863 ], [ 145.651078950257215, 15.029638159218507 ], [ 145.65097157351704, 15.029734307018089 ], [ 145.650655759576011, 15.030422430504984 ], [ 145.650539961131017, 15.031165295075027 ], [ 145.650397581679272, 15.031562167927461 ], [ 145.650312838271816, 15.031836575151715 ], [ 145.650223006750934, 15.032195901235809 ], [ 145.650223006750934, 15.032375564277572 ], [ 145.650133175230053, 15.032375564277572 ], [ 145.650133175230053, 15.032465395798624 ], [ 145.65004334370883, 15.032465395798624 ], [ 145.65004334370883, 15.032645058840785 ], [ 145.649863680667067, 15.032645058840785 ], [ 145.649790341651851, 15.032751382867332 ], [ 145.649482423059339, 15.032964030920994 ], [ 145.649324691541324, 15.033004384924538 ], [ 145.649244246712215, 15.033134921353451 ], [ 145.648899132255565, 15.033252474320477 ], [ 145.648661657717184, 15.03368864846334 ], [ 145.648606039373135, 15.033723037092329 ], [ 145.648606039373135, 15.033812868613381 ], [ 145.648516207852254, 15.033812868613381 ], [ 145.648516207852254, 15.033902700134263 ], [ 145.648571124387445, 15.033942001424862 ], [ 145.648374354757152, 15.034927691824919 ], [ 145.648156881768386, 15.0345315207814 ], [ 145.648081437326937, 15.034583454629171 ], [ 145.648156881768386, 15.034890846865153 ], [ 145.648246713289268, 15.034890846865153 ], [ 145.648246713289268, 15.035160341428139 ], [ 145.648246713289268, 15.03542983599101 ], [ 145.648156881768386, 15.03542983599101 ], [ 145.648156881768386, 15.035519667512233 ], [ 145.648126703991807, 15.035758984298354 ], [ 145.647948444567191, 15.036117608573704 ], [ 145.647887387205515, 15.036148488158801 ], [ 145.647887387205515, 15.036238319679853 ], [ 145.647977218726396, 15.036238319679853 ], [ 145.647977218726396, 15.036328151200962 ], [ 145.647977218726396, 15.037226466410743 ], [ 145.647977218726396, 15.037495960973729 ], [ 145.647887387205515, 15.037495960973729 ], [ 145.647847471832279, 15.038084778521522 ], [ 145.647797555684292, 15.038484107704392 ], [ 145.647797555684292, 15.038573939225444 ], [ 145.647707724163411, 15.038573939225444 ], [ 145.647707724163411, 15.039112928351358 ], [ 145.647797555684292, 15.039112928351358 ], [ 145.647797555684292, 15.039472254435225 ], [ 145.647707724163411, 15.039472254435225 ], [ 145.647707724163411, 15.039741748998438 ], [ 145.647707724163411, 15.039921412040201 ], [ 145.647797555684292, 15.039921412040201 ], [ 145.647797555684292, 15.040011243561082 ], [ 145.64776334250746, 15.04069550709994 ], [ 145.647609470937255, 15.041163262636815 ], [ 145.647438229600539, 15.041268884854958 ], [ 145.647438229600539, 15.041358716375839 ], [ 145.647258566558435, 15.041358716375839 ], [ 145.647140311783005, 15.041840157183628 ], [ 145.647274094077261, 15.042436694627611 ], [ 145.647203562297022, 15.042751104951321 ], [ 145.647265935550422, 15.04302902121907 ], [ 145.647168735037553, 15.043424841358444 ], [ 145.647115573024053, 15.0436413493602 ], [ 145.647078903516444, 15.043963830484472 ], [ 145.647129609199283, 15.044187005669471 ], [ 145.647117766176393, 15.044282451660308 ], [ 145.647468231924904, 15.044562824259231 ], [ 145.647597891092914, 15.045016543621045 ], [ 145.647959498055116, 15.045631678997097 ], [ 145.647887650383609, 15.04620961850901 ], [ 145.647942830097236, 15.046653512548232 ], [ 145.648571036661451, 15.046918445354208 ], [ 145.649158889222122, 15.047263735262902 ], [ 145.649324691541324, 15.04755709132354 ], [ 145.649414523062092, 15.04755709132354 ], [ 145.649414523062092, 15.047646922844649 ], [ 145.649504354582973, 15.047646922844649 ], [ 145.649504354582973, 15.047736754365872 ], [ 145.649732266977139, 15.047778161082306 ], [ 145.650265817085028, 15.048219598790922 ], [ 145.65071374652473, 15.048863157421863 ], [ 145.651546003985231, 15.049864989423213 ], [ 145.652517044127535, 15.05047310671182 ], [ 145.652847596052425, 15.051000866897596 ], [ 145.653415359337259, 15.051461253442483 ], [ 145.653512033493826, 15.051573542844096 ], [ 145.654168049229952, 15.051866197095876 ], [ 145.655182513789214, 15.052670469932082 ], [ 145.655671499041205, 15.053237882312828 ], [ 145.655989067503924, 15.053949516392834 ], [ 145.656667365668227, 15.054875202144387 ], [ 145.657310222490196, 15.055429280158762 ], [ 145.65772060516133, 15.055959847579516 ], [ 145.658176429949549, 15.056491818617758 ], [ 145.658439257329178, 15.056947994310178 ], [ 145.658632254737768, 15.057113972081254 ], [ 145.658881396846482, 15.057672260947982 ], [ 145.658978246455035, 15.058852352373947 ], [ 145.658784547238156, 15.05901938285831 ], [ 145.65883534064676, 15.059650659836052 ], [ 145.658757001244226, 15.059864009698288 ], [ 145.658710418687974, 15.060131749739242 ], [ 145.658318984853281, 15.060797766250346 ], [ 145.658128180597259, 15.060852156429291 ], [ 145.658128180597259, 15.060941987950173 ], [ 145.658128180597259, 15.061031819471054 ], [ 145.658038349076378, 15.061031819471054 ], [ 145.658038349076378, 15.061121650991936 ], [ 145.657948517555383, 15.061121650991936 ], [ 145.65789860140751, 15.06116165409145 ], [ 145.656889224961787, 15.061287628763239 ], [ 145.656690876261678, 15.061211482513045 ], [ 145.656459718001997, 15.061173233935733 ], [ 145.656023543859192, 15.060997781746266 ], [ 145.655542103051403, 15.060903739372691 ], [ 145.65539489866444, 15.061251134707788 ], [ 145.656004244118321, 15.061493258729229 ], [ 145.656062055614711, 15.061570808596912 ], [ 145.656399450175059, 15.061633620480791 ], [ 145.656371202372497, 15.06210839410528 ], [ 145.656163993336804, 15.062685982712821 ], [ 145.655939677712581, 15.063098646262404 ], [ 145.655840020868936, 15.064582620880401 ], [ 145.65568492113357, 15.064868257044907 ], [ 145.655612898009963, 15.065253900957259 ], [ 145.655612898009963, 15.065343732478141 ], [ 145.655523066488854, 15.065343732478141 ], [ 145.655479905250218, 15.065480234281608 ], [ 145.65544639388213, 15.066324159312614 ], [ 145.655296733164505, 15.067183524136396 ], [ 145.655154265986766, 15.068374142693699 ], [ 145.655235675802487, 15.070426231501244 ], [ 145.655390073729336, 15.070866616496744 ], [ 145.655566227727377, 15.071498946187546 ], [ 145.655659568292322, 15.071764931706468 ], [ 145.655786683403448, 15.072166717220512 ], [ 145.655931694637957, 15.074283021529197 ], [ 145.656398397461771, 15.076064212155984 ], [ 145.656786936335379, 15.078503348493541 ], [ 145.657007041106908, 15.079131116427163 ], [ 145.657205038902703, 15.081456559745789 ], [ 145.657133015778982, 15.083273542619281 ], [ 145.656889751318317, 15.084436088826294 ], [ 145.656687454944063, 15.085013326529634 ], [ 145.65653726786968, 15.085487749249751 ], [ 145.656378220460169, 15.08632114714942 ], [ 145.656044422669652, 15.087195600861548 ], [ 145.655925553811471, 15.08730578483636 ], [ 145.655882392572948, 15.087442286639828 ], [ 145.655882392572948, 15.087532118160709 ], [ 145.655792561051726, 15.087532118160709 ], [ 145.654967584857104, 15.089102766160465 ] ], [ [ 145.633275027061813, 15.077860491671345 ], [ 145.633155017764352, 15.077920145415703 ], [ 145.633155017764352, 15.078009976936585 ], [ 145.634053332973963, 15.078009976936585 ], [ 145.634053332973963, 15.077920145415703 ], [ 145.634143164495185, 15.077920145415703 ], [ 145.63408245803771, 15.077800136118071 ], [ 145.633275027061813, 15.077860491671345 ] ], [ [ 145.638043466665863, 15.074544094386908 ], [ 145.638005919897296, 15.07459637913945 ], [ 145.638245236683588, 15.074626556915973 ], [ 145.638485255278852, 15.074745864404861 ], [ 145.638814403586139, 15.074776042181213 ], [ 145.638741678653787, 15.0745005822439 ], [ 145.638499379179962, 15.074452508343995 ], [ 145.638043466665863, 15.074544094386908 ] ], [ [ 145.630580081432299, 14.999736544384348 ], [ 145.630639735176828, 14.99985655368198 ], [ 145.63072956669771, 14.99985655368198 ], [ 145.63072956669771, 14.999946385203032 ], [ 145.630819398218591, 15.000126048245022 ], [ 145.630909229739814, 15.000126048245022 ], [ 145.630909229739814, 15.000395542807837 ], [ 145.631178724302686, 15.000395542807837 ], [ 145.631138107120705, 15.000063236361314 ], [ 145.630608416960854, 14.999376867396109 ], [ 145.630549903655719, 14.999587059118937 ], [ 145.630580081432299, 14.999736544384348 ] ], [ [ 145.620878978974929, 14.999581093744609 ], [ 145.620246298379925, 14.999373007448014 ], [ 145.619761348528414, 14.999448451889464 ], [ 145.62000540252393, 14.999531616227443 ], [ 145.620039615700762, 14.999587059118937 ], [ 145.620129447221984, 14.999587059118937 ], [ 145.620398941784856, 14.999587059118937 ], [ 145.620615274334227, 14.999640045680223 ], [ 145.620937930910713, 14.999676890640046 ], [ 145.620878978974929, 14.999581093744609 ] ], [ [ 145.616895512466613, 14.998868406951317 ], [ 145.616791995674703, 14.998748397653515 ], [ 145.616128610946589, 14.998647337192551 ], [ 145.615684366002824, 14.998550136679853 ], [ 145.615561461744278, 14.998559962002446 ], [ 145.614357157916061, 14.998341699478658 ], [ 145.614290398357866, 14.998419249346341 ], [ 145.614380229878861, 14.998419249346341 ], [ 145.614380229878861, 14.998509080867223 ], [ 145.614559892920852, 14.998509080867223 ], [ 145.614919219004946, 14.998509080867223 ], [ 145.614919219004946, 14.998598912388275 ], [ 145.615537424794297, 14.998662075176355 ], [ 145.615637871172567, 14.998778575430435 ], [ 145.615907365735779, 14.998778575430435 ], [ 145.615997197256661, 14.998778575430435 ], [ 145.616176860298651, 14.998778575430435 ], [ 145.616266691819533, 14.998778575430435 ], [ 145.616266691819533, 14.998868406951317 ], [ 145.616446354861637, 14.998868406951317 ], [ 145.616895512466613, 14.998868406951317 ] ], [ [ 145.625878664564766, 14.998598912388275 ], [ 145.626297644392935, 14.998629090165025 ], [ 145.626417653690623, 14.998688743909213 ], [ 145.626507485211505, 14.998688743909213 ], [ 145.626588105492601, 14.998483815752252 ], [ 145.626097453444913, 14.998379948055742 ], [ 145.625539252304293, 14.998160632819065 ], [ 145.625339675438681, 14.998419249346341 ], [ 145.62542950695979, 14.998419249346341 ], [ 145.625519338480672, 14.998419249346341 ], [ 145.625609170001667, 14.998419249346341 ], [ 145.625609170001667, 14.998509080867223 ], [ 145.625788833043657, 14.998509080867223 ], [ 145.625878664564766, 14.998509080867223 ], [ 145.625878664564766, 14.998598912388275 ] ], [ [ 145.625101323639569, 14.998055010601036 ], [ 145.624838057629177, 14.998163440054213 ], [ 145.624499347177675, 14.998002024039749 ], [ 145.623453213498237, 14.997970091741365 ], [ 145.623492514788495, 14.998026938250916 ], [ 145.624208535173693, 14.998202741344585 ], [ 145.624441360229071, 14.998239586304408 ], [ 145.624621023270834, 14.998239586304408 ], [ 145.624621023270834, 14.99832941782546 ], [ 145.624754805565431, 14.998265553228464 ], [ 145.624976840311092, 14.998357139271207 ], [ 145.625101323639569, 14.998055010601036 ] ], [ [ 145.627136305858357, 14.997970091741365 ], [ 145.627136305858357, 14.997880260220654 ], [ 145.627226137379466, 14.997880260220654 ], [ 145.627226137379466, 14.997610765657441 ], [ 145.627315968900348, 14.997610765657441 ], [ 145.627315968900348, 14.99752093413656 ], [ 145.627315968900348, 14.997161608052465 ], [ 145.627405800421457, 14.997161608052465 ], [ 145.627405800421457, 14.996892113489821 ], [ 145.627405800421457, 14.996802281968598 ], [ 145.627405800421457, 14.99671245044766 ], [ 145.627405800421457, 14.996622618926608 ], [ 145.627351059338253, 14.996587528488703 ], [ 145.627257718773535, 14.996322244778298 ], [ 145.627101215420453, 14.996767191530807 ], [ 145.627046474337362, 14.996802281968598 ], [ 145.626996382737502, 14.997494967212674 ], [ 145.626819351478161, 14.99765322508739 ], [ 145.62677697977449, 14.997790428699432 ], [ 145.626816105612875, 14.997840958929885 ], [ 145.627136305858357, 14.997970091741365 ] ], [ [ 145.625878664564766, 14.996353124363793 ], [ 145.625788833043657, 14.996353124363793 ], [ 145.625788833043657, 14.99599379828004 ], [ 145.625519338480672, 14.996173461321632 ], [ 145.625519338480672, 14.996263292842684 ], [ 145.62542950695979, 14.996263292842684 ], [ 145.625376344946289, 14.99647980084444 ], [ 145.625339675438681, 14.996981945010702 ], [ 145.625339675438681, 14.997071776531584 ], [ 145.6252498439178, 14.997071776531584 ], [ 145.6252498439178, 14.997251439573574 ], [ 145.625321077506783, 14.997287582724596 ], [ 145.6252498439178, 14.997433208041912 ], [ 145.625384678925343, 14.997699544465206 ], [ 145.625609170001667, 14.997251439573574 ], [ 145.625735671030384, 14.996749295407653 ], [ 145.625788833043657, 14.99671245044766 ], [ 145.625788833043657, 14.996532787405727 ], [ 145.625788833043657, 14.996442955884845 ], [ 145.625878664564766, 14.996442955884845 ], [ 145.625878664564766, 14.996353124363793 ] ], [ [ 145.613481914669137, 14.996083629800751 ], [ 145.613398048522754, 14.995989938331775 ], [ 145.612598776073582, 14.995775535756252 ], [ 145.612403936417195, 14.99599379828004 ], [ 145.612673430980408, 14.99599379828004 ], [ 145.612673430980408, 14.996083629800751 ], [ 145.613481914669137, 14.996083629800751 ] ], [ [ 145.613977742556358, 14.996206797237733 ], [ 145.61518590633284, 14.996486117123311 ], [ 145.615364604387764, 14.996375231339755 ], [ 145.614606563203438, 14.996216622560496 ], [ 145.61415389655474, 14.996130300083166 ], [ 145.614110735316103, 14.996083629800751 ], [ 145.613977742556358, 14.996206797237733 ] ], [ [ 145.622195572204419, 14.997700597178323 ], [ 145.622156446366148, 14.99765006694804 ], [ 145.621514379079031, 14.99757146436724 ], [ 145.621530783858589, 14.997460578583286 ], [ 145.620982846671041, 14.997379519671711 ], [ 145.620672296295993, 14.997425488145552 ], [ 145.6200903213836, 14.997290740863946 ], [ 145.61977012113789, 14.997251439573574 ], [ 145.61977012113789, 14.997341271094456 ], [ 145.620029702652232, 14.997440927938101 ], [ 145.620668436347842, 14.99752093413656 ], [ 145.620848099389605, 14.99752093413656 ], [ 145.620848099389605, 14.997610765657441 ], [ 145.621297256994467, 14.997610765657441 ], [ 145.621387088515689, 14.997610765657441 ], [ 145.621387088515689, 14.997700597178323 ], [ 145.622015909162428, 14.997700597178323 ], [ 145.622195572204419, 14.997700597178323 ] ] ], [ [ [ 145.789884791776217, 15.150865445879674 ], [ 145.78977960818861, 15.150657359583022 ], [ 145.790270347962405, 15.150234519806702 ], [ 145.790397901704409, 15.150056611286402 ], [ 145.791346133061893, 15.149866421113302 ], [ 145.791662736537774, 15.149928882092809 ], [ 145.791969076060354, 15.149868526539535 ], [ 145.791871787821378, 15.150360845382806 ], [ 145.791797483819323, 15.150414182848465 ], [ 145.791760814311715, 15.150557000930633 ], [ 145.791438157735229, 15.150773508932559 ], [ 145.791258494693238, 15.150773508932559 ], [ 145.791078831651362, 15.150773508932559 ], [ 145.790989000130253, 15.150773508932559 ], [ 145.789884791776217, 15.150865445879674 ] ] ], [ [ [ 145.724281726808954, 15.219906233320387 ], [ 145.724440160136055, 15.220155726333815 ], [ 145.723941174109314, 15.220340652941331 ], [ 145.724065306533248, 15.219712534103337 ], [ 145.724244180040387, 15.219584454004973 ], [ 145.724281726808954, 15.219906233320387 ] ] ], [ [ [ 145.726316972206178, 15.220655765073445 ], [ 145.726400136544044, 15.220931926819731 ], [ 145.726351887191981, 15.221238266342368 ], [ 145.725987648446676, 15.22116457642278 ], [ 145.725678238510568, 15.220924908732115 ], [ 145.725108632977594, 15.220711909774082 ], [ 145.725042224324056, 15.220415395574037 ], [ 145.725482784771543, 15.220513999704451 ], [ 145.725771315897077, 15.220392937693873 ], [ 145.725861147418186, 15.220392937693873 ], [ 145.726316972206178, 15.220655765073445 ] ] ], [ [ [ 145.739296749727146, 15.228797799375684 ], [ 145.739104892758064, 15.228876401956484 ], [ 145.738937423643165, 15.228560588015625 ], [ 145.739425707086411, 15.228477774582188 ], [ 145.739296749727146, 15.228797799375684 ] ] ], [ [ [ 145.71285206938137, 15.241968995235368 ], [ 145.712566082312605, 15.242042334250584 ], [ 145.712506428568304, 15.242162343548216 ], [ 145.712476250791724, 15.242311828813456 ], [ 145.71237247082172, 15.242674663941216 ], [ 145.712046129749297, 15.2428908210386 ], [ 145.711268525645892, 15.24278870786452 ], [ 145.711667767102881, 15.241952502729703 ], [ 145.711746018779309, 15.241491765280102 ], [ 145.711847430144985, 15.241413513603675 ], [ 145.711847430144985, 15.240964355998699 ], [ 145.711847430144985, 15.240874524477817 ], [ 145.711776196556002, 15.240838381326739 ], [ 145.71187480068636, 15.240636611308958 ], [ 145.711937261665867, 15.240605029914946 ], [ 145.712261848216258, 15.240199735357237 ], [ 145.71310507143869, 15.24015587230997 ], [ 145.713194902959572, 15.24015587230997 ], [ 145.713194902959572, 15.240335535351903 ], [ 145.713351757216969, 15.240358344136496 ], [ 145.713484048167629, 15.24048607333043 ], [ 145.713284734480794, 15.240515198394064 ], [ 145.713321403988061, 15.240568184954952 ], [ 145.713674852423765, 15.240812414402683 ], [ 145.713770561593037, 15.24123630689229 ], [ 145.713644060564548, 15.241323682082793 ], [ 145.713644060564548, 15.241503345124897 ], [ 145.713554229043439, 15.241503345124897 ], [ 145.713554229043439, 15.241593176645608 ], [ 145.713374566001562, 15.241593176645608 ], [ 145.713374566001562, 15.24168300816666 ], [ 145.713284734480794, 15.24168300816666 ], [ 145.713284734480794, 15.241772839687542 ], [ 145.71310507143869, 15.241772839687542 ], [ 145.71310507143869, 15.241862671208651 ], [ 145.712925408396586, 15.241862671208651 ], [ 145.71285206938137, 15.241968995235368 ] ] ], [ [ [ 145.814265277113464, 15.287057751585451 ], [ 145.813894634363351, 15.287354616690038 ], [ 145.813676459565841, 15.288175732936338 ], [ 145.8134867957491, 15.288435402176731 ], [ 145.813232477800511, 15.288854031100641 ], [ 145.812509527053976, 15.289433023325614 ], [ 145.812318985976162, 15.289513380428446 ], [ 145.81181929814079, 15.289878320982325 ], [ 145.811233463280246, 15.289962538033251 ], [ 145.81053235633135, 15.289693043470606 ], [ 145.810200663967294, 15.289598299288173 ], [ 145.809811072380739, 15.289369158728846 ], [ 145.809763788015744, 15.289203882766287 ], [ 145.809584124973753, 15.289203882766287 ], [ 145.809584124973753, 15.289114051245406 ], [ 145.809494293452644, 15.289114051245406 ], [ 145.809494293452644, 15.289024219724524 ], [ 145.809404461931649, 15.289024219724524 ], [ 145.809404461931649, 15.288934388203302 ], [ 145.809247607674365, 15.288911579418709 ], [ 145.808709057179158, 15.288374695719085 ], [ 145.808663000979209, 15.288148713299108 ], [ 145.808349292464641, 15.287833601166994 ], [ 145.808326483680048, 15.287676746909597 ], [ 145.808181735623862, 15.287552175855126 ], [ 145.807609235129576, 15.286754921106535 ], [ 145.807114284503314, 15.286328221381723 ], [ 145.806681268499801, 15.28572536765887 ], [ 145.806619684781253, 15.28552079040594 ], [ 145.806529853260372, 15.28552079040594 ], [ 145.806529853260372, 15.285430958885058 ], [ 145.806529853260372, 15.285341127364006 ], [ 145.806440021739263, 15.285341127364006 ], [ 145.806440021739263, 15.285251295843295 ], [ 145.806350190218382, 15.285251295843295 ], [ 145.806350190218382, 15.285161464322073 ], [ 145.806260358697273, 15.285161464322073 ], [ 145.806260358697273, 15.284981801280082 ], [ 145.805380115062917, 15.284227005961213 ], [ 145.805092548924563, 15.283813991507486 ], [ 145.805002717403795, 15.283813991507486 ], [ 145.805002717403795, 15.283724159986434 ], [ 145.804912885882572, 15.283724159986434 ], [ 145.804823054361691, 15.283724159986434 ], [ 145.804823054361691, 15.283634328465325 ], [ 145.804733222840582, 15.283454665423392 ], [ 145.804643391319587, 15.283454665423392 ], [ 145.804643391319587, 15.283364833902681 ], [ 145.804553559798819, 15.283364833902681 ], [ 145.804553559798819, 15.283275002381458 ], [ 145.804463728277597, 15.283275002381458 ], [ 145.804463728277597, 15.283185170860577 ], [ 145.804373896756715, 15.283185170860577 ], [ 145.804373896756715, 15.283095339339468 ], [ 145.804129491856997, 15.283032527455589 ], [ 145.803924739151739, 15.282736013255601 ], [ 145.803805431663022, 15.282675657702669 ], [ 145.803745076109749, 15.282556350213611 ], [ 145.803565413067986, 15.282556350213611 ], [ 145.803565413067986, 15.282466518692729 ], [ 145.80342241953349, 15.282429673732736 ], [ 145.803107658305748, 15.282224745575832 ], [ 145.803026423941901, 15.282107192608635 ], [ 145.80274043687325, 15.282033853593418 ], [ 145.802667097858034, 15.281927529566872 ], [ 145.802371899549257, 15.281880859284286 ], [ 145.802217940253058, 15.281658035003829 ], [ 145.802128108732177, 15.281658035003829 ], [ 145.802128108732177, 15.281568203482777 ], [ 145.802038277211068, 15.281568203482777 ], [ 145.802038277211068, 15.281478371962066 ], [ 145.801748781098695, 15.281228878948468 ], [ 145.801457705916391, 15.280890958031591 ], [ 145.801271375691385, 15.280808144598325 ], [ 145.800916874542622, 15.280349863479671 ], [ 145.800469559185558, 15.279543485216834 ], [ 145.799893286469455, 15.278730790675468 ], [ 145.799612826144653, 15.278244437206524 ], [ 145.799522994623771, 15.278244437206524 ], [ 145.799522994623771, 15.278064774164591 ], [ 145.799403687134827, 15.278004418611488 ], [ 145.799343331581781, 15.27788511112243 ], [ 145.799164370348421, 15.277794577792804 ], [ 145.799073837018796, 15.277615616559615 ], [ 145.798874874235935, 15.277575613460442 ], [ 145.798804342455696, 15.277435953517625 ], [ 145.79862467941382, 15.277435953517625 ], [ 145.79862467941382, 15.277346121996572 ], [ 145.798534847892938, 15.277346121996572 ], [ 145.79814727400651, 15.277297697192296 ], [ 145.797644077127302, 15.277001884801052 ], [ 145.797277206599006, 15.276896964391767 ], [ 145.797187375078011, 15.276896964391767 ], [ 145.797187375078011, 15.276807132870886 ], [ 145.79688480777736, 15.276755900831461 ], [ 145.796558554431385, 15.276627469828782 ], [ 145.796468722910163, 15.276627469828782 ], [ 145.796468722910163, 15.276537638307673 ], [ 145.796146066334018, 15.276500793348248 ], [ 145.795881835336559, 15.276328850202333 ], [ 145.795839902263424, 15.276268143745028 ], [ 145.795435397240681, 15.276199366486821 ], [ 145.795211081616458, 15.275908817660934 ], [ 145.795031418574467, 15.275908817660934 ], [ 145.795031418574467, 15.275818986140052 ], [ 145.794941587053472, 15.275818986140052 ], [ 145.794941587053472, 15.275729154619 ], [ 145.794851755532591, 15.275729154619 ], [ 145.794851755532591, 15.275639323097892 ], [ 145.794761924011482, 15.275639323097892 ], [ 145.794761924011482, 15.27554949157701 ], [ 145.79444663642721, 15.275325965487639 ], [ 145.794188107626155, 15.275056821829367 ], [ 145.794089064865148, 15.273437398120791 ], [ 145.793987127143055, 15.272939815711595 ], [ 145.793491123803506, 15.27228608085386 ], [ 145.791931353839686, 15.271463210085358 ], [ 145.791453509801727, 15.271173363068385 ], [ 145.78938870071056, 15.269477091301439 ], [ 145.788316073750821, 15.26828015646521 ], [ 145.787888935395586, 15.267869949246062 ], [ 145.78784489689599, 15.267823980772619 ], [ 145.787755065374881, 15.267823980772619 ], [ 145.787755065374881, 15.267734149251567 ], [ 145.787665233854, 15.267734149251567 ], [ 145.787665233854, 15.267644317730458 ], [ 145.787466271071253, 15.267604314631512 ], [ 145.787395739291014, 15.267464654688524 ], [ 145.787305907770133, 15.267464654688524 ], [ 145.787305907770133, 15.267374823167813 ], [ 145.786850082981914, 15.267111995787843 ], [ 145.786766918644275, 15.267015497083719 ], [ 145.786677087123167, 15.267015497083719 ], [ 145.786677087123167, 15.266925665562837 ], [ 145.786331534036094, 15.266732317249819 ], [ 145.785868603434324, 15.26557819274791 ], [ 145.785740347883916, 15.265251851675885 ], [ 145.785688940392333, 15.264949372101 ], [ 145.785599108871452, 15.264949372101 ], [ 145.785599108871452, 15.264679877538128 ], [ 145.785509277350343, 15.264500214496366 ], [ 145.785509277350343, 15.264320551454205 ], [ 145.785419445829348, 15.264320551454205 ], [ 145.785419445829348, 15.264230719933153 ], [ 145.78538277632174, 15.264087901850985 ], [ 145.785204341445251, 15.26381384553116 ], [ 145.785149951266476, 15.263601899286584 ], [ 145.784887123886733, 15.263146074498366 ], [ 145.784790625182723, 15.263062910160386 ], [ 145.784694126478371, 15.262979745822747 ], [ 145.784297165899716, 15.262519008373317 ], [ 145.78281766531245, 15.261593673526136 ], [ 145.782590367001262, 15.260758872008978 ], [ 145.782503254989024, 15.259151729954169 ], [ 145.782315696598516, 15.258292014225674 ], [ 145.782047430201033, 15.257811275226686 ], [ 145.781874434342285, 15.257355099534266 ], [ 145.781383080485853, 15.256587671657996 ], [ 145.781238946512076, 15.256463802411929 ], [ 145.781107532822261, 15.256235714565719 ], [ 145.780342210372169, 15.255563732680287 ], [ 145.780255887895009, 15.255470392115512 ], [ 145.780069294491341, 15.255297747161364 ], [ 145.779723741404268, 15.254924735806583 ], [ 145.779397312605965, 15.254622256232039 ], [ 145.779267741163949, 15.25448224538485 ], [ 145.778643306821891, 15.253903604064021 ], [ 145.777367243048161, 15.253004236140953 ], [ 145.777018444095575, 15.252778955529891 ], [ 145.776752458576425, 15.252595783444235 ], [ 145.776386202131221, 15.252423138489746 ], [ 145.775739660813088, 15.252081006720402 ], [ 145.774952319113027, 15.251790808799058 ], [ 145.77405830248199, 15.251449729743058 ], [ 145.771718384357655, 15.250892493589106 ], [ 145.771452398838505, 15.250799153024502 ], [ 145.770906479351311, 15.250626508070184 ], [ 145.770374420586791, 15.250439826940408 ], [ 145.769853152131873, 15.250274901882449 ], [ 145.76942364517231, 15.250047515844983 ], [ 145.76924977205249, 15.249498350492331 ], [ 145.769207400348819, 15.249361146879949 ], [ 145.76903256224216, 15.248873740697718 ], [ 145.768980277489618, 15.248150877677404 ], [ 145.768890445968623, 15.248150877677404 ], [ 145.768890445968623, 15.248061046156522 ], [ 145.768800614447855, 15.247881383114361 ], [ 145.768710782926632, 15.247881383114361 ], [ 145.768710782926632, 15.247791551593309 ], [ 145.76830987467406, 15.247563463747099 ], [ 145.767411647190215, 15.247175012599769 ], [ 145.767142064901122, 15.247024474621242 ], [ 145.766653781457876, 15.246877796590979 ], [ 145.765974255128299, 15.246395653974673 ], [ 145.765644054107838, 15.246188971295339 ], [ 145.765476848171261, 15.245994921173747 ], [ 145.764996547802753, 15.245801572861296 ], [ 145.764937859045403, 15.245725426611102 ], [ 145.764709946651351, 15.245684019894099 ], [ 145.764447119271608, 15.245587170285603 ], [ 145.764170957525494, 15.245504356852337 ], [ 145.762964899175472, 15.244937295375962 ], [ 145.761441535540712, 15.244782195640425 ], [ 145.761075103643293, 15.244647448359046 ], [ 145.760985272122184, 15.244647448359046 ], [ 145.760985272122184, 15.244557616838108 ], [ 145.760656123815011, 15.244527439061585 ], [ 145.760536114517208, 15.244467785317056 ], [ 145.759511386005101, 15.244175131065106 ], [ 145.759418220892485, 15.244058630811594 ], [ 145.759368304744612, 15.24401862771208 ], [ 145.759231013406179, 15.243976168282359 ], [ 145.758247779336898, 15.243826683016948 ], [ 145.755706003468731, 15.243627720234144 ], [ 145.754834356991751, 15.243072940411196 ], [ 145.754380111273349, 15.242808358509535 ], [ 145.753871914006709, 15.242494299090538 ], [ 145.753605051226486, 15.242195679464089 ], [ 145.753462584048862, 15.240978743078472 ], [ 145.752520405791529, 15.24024394930899 ], [ 145.752361446108011, 15.240066040789088 ], [ 145.752271614586789, 15.240066040789088 ], [ 145.752271614586789, 15.239976209268036 ], [ 145.752181783065907, 15.239976209268036 ], [ 145.752091951545026, 15.239976209268036 ], [ 145.752091951545026, 15.239886377746927 ], [ 145.752002120023917, 15.239886377746927 ], [ 145.752002120023917, 15.239796546225875 ], [ 145.751912288503036, 15.239796546225875 ], [ 145.751912288503036, 15.239706714704994 ], [ 145.751732625460932, 15.239616883184283 ], [ 145.75164279394005, 15.239616883184283 ], [ 145.75164279394005, 15.23952705166306 ], [ 145.751409968884786, 15.239490206703238 ], [ 145.751193636335074, 15.23934738862107 ], [ 145.751103804814193, 15.23934738862107 ], [ 145.751103804814193, 15.239257557100188 ], [ 145.750822730406867, 15.23917930542359 ], [ 145.75024803676024, 15.238953323003614 ], [ 145.750205489604241, 15.238898231016094 ], [ 145.75005600433883, 15.238868053239742 ], [ 145.749935995041369, 15.238808399495213 ], [ 145.749525963274777, 15.23858943516268 ], [ 145.74944771159835, 15.238488374701888 ], [ 145.748739060205139, 15.237953245524125 ], [ 145.748537816543944, 15.237870782994889 ], [ 145.74849869070556, 15.237820252764379 ], [ 145.748408859184678, 15.237820252764379 ], [ 145.748408859184678, 15.237730421243668 ], [ 145.748198316557591, 15.237676381969095 ], [ 145.748049533100925, 15.237460926680455 ], [ 145.747959701579703, 15.237460926680455 ], [ 145.747959701579703, 15.237371095159403 ], [ 145.747780038537712, 15.237371095159403 ], [ 145.747780038537712, 15.237281263638693 ], [ 145.747581075754965, 15.237241260539179 ], [ 145.74751054397484, 15.237101600596588 ], [ 145.74722455690619, 15.237028261581372 ], [ 145.747151217890973, 15.236921937554598 ], [ 145.747006031204137, 15.236809999057755 ], [ 145.747061386369865, 15.236472779949622 ], [ 145.747061386369865, 15.236113453865698 ], [ 145.746971554848869, 15.236113453865698 ], [ 145.746971554848869, 15.236023622344646 ], [ 145.746870757566171, 15.235705352073182 ], [ 145.746565558482757, 15.235261808938333 ], [ 145.745940246879513, 15.234270153163777 ], [ 145.745800323758431, 15.234140669447925 ], [ 145.745584342113261, 15.233907318035961 ], [ 145.745397748709934, 15.233734673081813 ], [ 145.744905429866321, 15.233059182152488 ], [ 145.743870612853243, 15.232477031787766 ], [ 145.74382745161472, 15.232430361505408 ], [ 145.743264688716977, 15.232372813187453 ], [ 145.742659641841783, 15.231981203900602 ], [ 145.742095563052771, 15.231885407004995 ], [ 145.742030821195044, 15.231801540858442 ], [ 145.740971002244692, 15.231931375478837 ], [ 145.740822218788026, 15.231752414245477 ], [ 145.740179625144492, 15.231579769291102 ], [ 145.739197005157507, 15.231491341387709 ], [ 145.739009095862684, 15.231383613743333 ], [ 145.73902979922093, 15.231180791012434 ], [ 145.739700026584501, 15.231032007555768 ], [ 145.73964528550141, 15.230495123856315 ], [ 145.739923903578301, 15.230413363135995 ], [ 145.740005488846577, 15.230327391563037 ], [ 145.739376668199498, 15.230233700093834 ], [ 145.738974093150773, 15.230121059788416 ], [ 145.739116998959275, 15.229871566774989 ], [ 145.740389641415049, 15.229783489775969 ], [ 145.740184274627609, 15.229694360063604 ], [ 145.740214189225867, 15.229401354907282 ], [ 145.740093127215005, 15.228968338903826 ], [ 145.739637390153007, 15.228334956500021 ], [ 145.739686867670343, 15.22784895393545 ], [ 145.739637653331329, 15.227365758605629 ], [ 145.739318944429215, 15.226809224260819 ], [ 145.738549937483072, 15.226219003095537 ], [ 145.737976033371297, 15.225891258406023 ], [ 145.737557141269122, 15.225934068739946 ], [ 145.737314227713, 15.226836945706737 ], [ 145.737213430429961, 15.226382173631805 ], [ 145.736829453313703, 15.226281113170671 ], [ 145.73668996882293, 15.226909933817581 ], [ 145.736591891049102, 15.226991343633358 ], [ 145.736510305780939, 15.227269259901504 ], [ 145.736210457989387, 15.227350669717282 ], [ 145.736101940810158, 15.22722013328854 ], [ 145.736012109289049, 15.22722013328854 ], [ 145.735562951684301, 15.22722013328854 ], [ 145.735562951684301, 15.227130301767431 ], [ 145.735383288642311, 15.227130301767431 ], [ 145.734796839699015, 15.226818347774667 ], [ 145.733993444123712, 15.226184614466717 ], [ 145.7329659083764, 15.22546455868104 ], [ 145.732688343012683, 15.225154008305935 ], [ 145.732598511491915, 15.225154008305935 ], [ 145.732598511491915, 15.225064176785054 ], [ 145.732452710722441, 15.22501785740684 ], [ 145.73226883682787, 15.224819596432837 ], [ 145.732297610986848, 15.224094978890491 ], [ 145.731881613845758, 15.223826537040793 ], [ 145.731729058167161, 15.223344394424259 ], [ 145.73098803584503, 15.222658025459225 ], [ 145.730553616224029, 15.222453097301923 ], [ 145.730219730707631, 15.221994114374354 ], [ 145.730497910153872, 15.221316518018796 ], [ 145.730668888312493, 15.22115826014408 ], [ 145.731485267349854, 15.220277139248708 ], [ 145.731472459340125, 15.21995360541149 ], [ 145.730665379268771, 15.219361629724347 ], [ 145.730309562228513, 15.219088626117639 ], [ 145.730034891825994, 15.218959142401957 ], [ 145.72950107853967, 15.218549636991781 ], [ 145.729226408137151, 15.218420153276099 ], [ 145.728848571847266, 15.218220137780008 ], [ 145.728466261526592, 15.218147149669164 ], [ 145.72837643000571, 15.218147149669164 ], [ 145.728057019294852, 15.218107146570048 ], [ 145.727528030943631, 15.218007489726347 ], [ 145.72697904104291, 15.217927483528058 ], [ 145.726522075815865, 15.217562192069636 ], [ 145.725681484376082, 15.217518329022596 ], [ 145.725501821334092, 15.217518329022596 ], [ 145.725052663729457, 15.217518329022596 ], [ 145.724962832208234, 15.217697992064359 ], [ 145.724962832208234, 15.21778782358524 ], [ 145.724783169166244, 15.21778782358524 ], [ 145.724752991389892, 15.217937308850651 ], [ 145.724693337645249, 15.218057318148283 ], [ 145.724602804315737, 15.218236279381472 ], [ 145.724423843082377, 15.218326812711155 ], [ 145.724334011561268, 15.218326812711155 ], [ 145.724334011561268, 15.218057318148283 ], [ 145.724244180040387, 15.218057318148283 ], [ 145.724244180040387, 15.217967486627401 ], [ 145.724181017252135, 15.217604300595212 ], [ 145.723777126312257, 15.216939336797225 ], [ 145.72167898130499, 15.217019342995684 ], [ 145.721419487516982, 15.217118999839215 ], [ 145.721279739847887, 15.217159002938502 ], [ 145.721049371123286, 15.217288135749982 ], [ 145.720559333158235, 15.217651321782 ], [ 145.720471256159044, 15.217967486627401 ], [ 145.720561087680039, 15.217967486627401 ], [ 145.720561087680039, 15.218236981190216 ], [ 145.720471256159044, 15.218236981190216 ], [ 145.720471256159044, 15.218416644232377 ], [ 145.720561087680039, 15.218416644232377 ], [ 145.720830582243252, 15.218416644232377 ], [ 145.72092041376402, 15.218416644232377 ], [ 145.72092041376402, 15.218506475753259 ], [ 145.721010245285015, 15.218506475753259 ], [ 145.721010245285015, 15.218416644232377 ], [ 145.721369571368996, 15.218416644232377 ], [ 145.721369571368996, 15.218506475753259 ], [ 145.721459402889877, 15.218506475753259 ], [ 145.721459402889877, 15.218686138795022 ], [ 145.721639065931981, 15.218686138795022 ], [ 145.721639065931981, 15.21877597031613 ], [ 145.721975583231142, 15.218798779101007 ], [ 145.722021200800441, 15.219066519141791 ], [ 145.721708018642403, 15.219381631273961 ], [ 145.721369571368996, 15.21940479096321 ], [ 145.72106095096774, 15.21945532119355 ], [ 145.72074075072203, 15.219494622483921 ], [ 145.720291593117395, 15.219494622483921 ], [ 145.720291593117395, 15.21940479096321 ], [ 145.720111930075291, 15.21940479096321 ], [ 145.720111930075291, 15.219494622483921 ], [ 145.719752603991196, 15.219494622483921 ], [ 145.719712688618301, 15.219544450906028 ], [ 145.719381698062762, 15.219639195088121 ], [ 145.718944120302467, 15.219584454004973 ], [ 145.718907450794859, 15.21963744056626 ], [ 145.71856093272072, 15.219711130485848 ], [ 145.718045805092515, 15.219584454004973 ], [ 145.717955973571634, 15.219584454004973 ], [ 145.717955973571634, 15.219494622483921 ], [ 145.717723148516257, 15.219367946003217 ], [ 145.717506815966658, 15.219225127921106 ], [ 145.717393737030534, 15.219356366158593 ], [ 145.717327152924668, 15.219135296399998 ], [ 145.716830535502709, 15.218374184802258 ], [ 145.716745792095026, 15.218189609099284 ], [ 145.716516826988027, 15.217861864409201 ], [ 145.716037228428263, 15.216979339896398 ], [ 145.715857039029515, 15.216135765769764 ], [ 145.715757645364192, 15.21486584282269 ], [ 145.715620354026214, 15.21410473122512 ], [ 145.715620354026214, 15.214014899704011 ], [ 145.715665708417077, 15.211466983009359 ], [ 145.715754224046577, 15.209118029097453 ], [ 145.71584581008949, 15.208850639960815 ], [ 145.715934852075861, 15.207940394002208 ], [ 145.716284966919602, 15.206917507737614 ], [ 145.71636313087015, 15.203087737347062 ], [ 145.716092759046205, 15.202421019027213 ], [ 145.716252420538581, 15.202111170460682 ], [ 145.716384799215348, 15.200945466114263 ], [ 145.716482964715397, 15.200041887338728 ], [ 145.716696577755897, 15.199819764866845 ], [ 145.716919577488738, 15.199605362291493 ], [ 145.717101696861278, 15.198895131828806 ], [ 145.717003531361343, 15.196671450779888 ], [ 145.716692015999115, 15.194122481372119 ], [ 145.716291370924409, 15.19295221526869 ], [ 145.716103373903479, 15.192180927444156 ], [ 145.71567755143974, 15.190936620516595 ], [ 145.715484729483705, 15.189806357512339 ], [ 145.715312610885917, 15.188748731714554 ], [ 145.715132596939611, 15.188046572052599 ], [ 145.714976269038743, 15.187245808260116 ], [ 145.714767831837776, 15.1863906542888 ], [ 145.714439736243435, 15.185257233145194 ], [ 145.714316919710882, 15.184416466253538 ], [ 145.714108482509914, 15.182835291122444 ], [ 145.713959348148819, 15.18252789888669 ], [ 145.713867674379799, 15.182439821887669 ], [ 145.713871358876077, 15.182260158845509 ], [ 145.713723452680142, 15.182118042572142 ], [ 145.713552123617205, 15.181065680339941 ], [ 145.713328772980049, 15.180194384767333 ], [ 145.713158672082386, 15.178976044764227 ], [ 145.712994185654907, 15.178301255643646 ], [ 145.712678108535556, 15.17723871718448 ], [ 145.712252549250138, 15.176060029375776 ], [ 145.712000512180225, 15.175438928625397 ], [ 145.711166500197578, 15.173234898222063 ], [ 145.710947360413002, 15.172379744250577 ], [ 145.710815244914556, 15.171837947889571 ], [ 145.710723658871643, 15.171480727232108 ], [ 145.710635581872452, 15.17111929572178 ], [ 145.710364332787663, 15.170223085938403 ], [ 145.710168440418215, 15.169528295268265 ], [ 145.709737266662614, 15.168334518571555 ], [ 145.709376186057057, 15.167528140308889 ], [ 145.70924407055827, 15.167121091229319 ], [ 145.709060898472558, 15.166585611147184 ], [ 145.708686220321965, 15.165431135740846 ], [ 145.708488661156707, 15.165024086661617 ], [ 145.708389793847914, 15.16492092077408 ], [ 145.708298207805001, 15.164833194679204 ], [ 145.707461476313711, 15.16355695545343 ], [ 145.706233837344598, 15.162136143623513 ], [ 145.706055577919983, 15.161964902286627 ], [ 145.705882055704478, 15.161607330724621 ], [ 145.704590376686042, 15.160471102346037 ], [ 145.7042557893609, 15.160251787109303 ], [ 145.703988049319946, 15.160070018640909 ], [ 145.70347941342277, 15.159736659481268 ], [ 145.702818485025091, 15.159173808857361 ], [ 145.702098253787767, 15.158552357202439 ], [ 145.700965183548306, 15.157615091606658 ], [ 145.700574451522584, 15.156925915406646 ], [ 145.700218371304118, 15.156456756252055 ], [ 145.700176087326554, 15.154381858660201 ], [ 145.700662528521661, 15.15277401479608 ], [ 145.700550239120389, 15.151997463405792 ], [ 145.699855974806951, 15.151542340426488 ], [ 145.699851325323834, 15.151315305293394 ], [ 145.700277323239675, 15.150264697583054 ], [ 145.700572697000553, 15.148367006702358 ], [ 145.700304255150854, 15.147049009855436 ], [ 145.700125293917608, 15.146595290493622 ], [ 145.700031865626897, 15.146505809877056 ], [ 145.700035550122607, 15.146326146835122 ], [ 145.699861326098585, 15.146158765446557 ], [ 145.699494718748838, 15.14533975462632 ], [ 145.699137147186775, 15.144529165511017 ], [ 145.698596403538886, 15.143363461164483 ], [ 145.698418495018814, 15.142912198133615 ], [ 145.698147947742768, 15.142245479813766 ], [ 145.697787919850157, 15.140578684014258 ], [ 145.697699842850966, 15.140127420983049 ], [ 145.697520092083096, 15.139425963129668 ], [ 145.697474386787576, 15.139005579683896 ], [ 145.697346131237168, 15.13867923861136 ], [ 145.697294723745927, 15.138376759036817 ], [ 145.697198225041461, 15.138293594699178 ], [ 145.696755734619728, 15.137298780785045 ], [ 145.696708274802518, 15.137256321355494 ], [ 145.696443868353072, 15.136802251088966 ], [ 145.695933127029662, 15.135999732774565 ], [ 145.695630033372481, 15.135728834594261 ], [ 145.695635647842437, 15.135634792220515 ], [ 145.695467915549443, 15.13548460514653 ], [ 145.694826900975613, 15.134556463064598 ], [ 145.694103160694226, 15.133573228995147 ], [ 145.693753923110989, 15.133024063642154 ], [ 145.693204845484274, 15.1323155877011 ], [ 145.692818587489228, 15.131624656979227 ], [ 145.692530144089801, 15.130384911808903 ], [ 145.692600412691604, 15.129207627617859 ], [ 145.69293140324703, 15.127971391491258 ], [ 145.693369156459767, 15.126751647870265 ], [ 145.693712428668164, 15.125152225711645 ], [ 145.693880599591694, 15.12500203863749 ], [ 145.694013329173004, 15.123365069710189 ], [ 145.693881125948451, 15.122746074385816 ], [ 145.693797961610471, 15.122649575681692 ], [ 145.693114224428541, 15.122255510064576 ], [ 145.692405923939759, 15.121634058409484 ], [ 145.691566034308948, 15.121018572128833 ], [ 145.690864664181845, 15.120705916327324 ], [ 145.690425945982156, 15.120362030036347 ], [ 145.68997678837718, 15.120161663635884 ], [ 145.690059952714932, 15.120002703952252 ], [ 145.690108202066995, 15.11996129723542 ], [ 145.690178733847233, 15.119821637292659 ], [ 145.690377696630094, 15.119781634193487 ], [ 145.690647191193079, 15.119781634193487 ], [ 145.690647191193079, 15.119691802672776 ], [ 145.69082685423507, 15.119691802672776 ], [ 145.69082685423507, 15.119601971151553 ], [ 145.691006517276833, 15.119601971151553 ], [ 145.691096348797828, 15.119601971151553 ], [ 145.691096348797828, 15.119512139630444 ], [ 145.691186180318937, 15.119512139630444 ], [ 145.691276011839818, 15.119512139630444 ], [ 145.691276011839818, 15.119422308109563 ], [ 145.691365843360927, 15.119422308109563 ], [ 145.691495590254817, 15.119372479687854 ], [ 145.692168449401379, 15.119288262636928 ], [ 145.692702087235375, 15.118974554122076 ], [ 145.693431968343475, 15.118883318983706 ], [ 145.693431968343475, 15.118793487462824 ], [ 145.693521799864357, 15.118793487462824 ], [ 145.694270717535005, 15.118715586690769 ], [ 145.694737069454391, 15.118571364990942 ], [ 145.695036303163647, 15.118463988250937 ], [ 145.696446412409955, 15.118200809966936 ], [ 145.69733709544937, 15.117398642556736 ], [ 145.697791341167772, 15.117223892176185 ], [ 145.698324277193251, 15.116894392964639 ], [ 145.698927920450956, 15.116662445169993 ], [ 145.699972124156147, 15.116183109788437 ], [ 145.700638140667252, 15.115636751670763 ], [ 145.701025275923143, 15.11551709327756 ], [ 145.701426973710909, 15.115290058144467 ], [ 145.701426973710909, 15.115200226623358 ], [ 145.70151680523179, 15.115200226623358 ], [ 145.701606636752899, 15.115200226623358 ], [ 145.701606636752899, 15.115110395102477 ], [ 145.701696468273781, 15.115110395102477 ], [ 145.701696468273781, 15.115020563581595 ], [ 145.701786299794776, 15.115020563581595 ], [ 145.701786299794776, 15.114930732060714 ], [ 145.701876131315885, 15.114930732060714 ], [ 145.702055794357648, 15.114840900539491 ], [ 145.702055794357648, 15.114751069018382 ], [ 145.702145625878757, 15.114751069018382 ], [ 145.702361958428469, 15.114608250936215 ], [ 145.702504951962624, 15.114571405976619 ], [ 145.702504951962624, 15.114481574455738 ], [ 145.702594783483732, 15.114481574455738 ], [ 145.702756989032764, 15.114271382732682 ], [ 145.703672761735447, 15.113583259245956 ], [ 145.703733117288493, 15.113463951756898 ], [ 145.703852424777551, 15.113403596203852 ], [ 145.703852424777551, 15.113313764682744 ], [ 145.704032087819314, 15.113313764682744 ], [ 145.704032087819314, 15.113223933161862 ], [ 145.704121919340423, 15.113223933161862 ], [ 145.704121919340423, 15.113134101640981 ], [ 145.704211750861305, 15.113134101640981 ], [ 145.704272106414578, 15.113014794151923 ], [ 145.704391413903409, 15.112954438598877 ], [ 145.704550724491241, 15.112748106824256 ], [ 145.704930403029152, 15.112595112515123 ], [ 145.705119277311042, 15.112321407099444 ], [ 145.705649055197114, 15.111966291867986 ], [ 145.706008556733195, 15.11151748516761 ], [ 145.706457538885843, 15.111157808179144 ], [ 145.706547370407066, 15.110978145137153 ], [ 145.706547370407066, 15.110888313616272 ], [ 145.706637201927947, 15.110888313616272 ], [ 145.706860026208346, 15.11048231725016 ], [ 145.70702916211917, 15.110325813896964 ], [ 145.707584994655122, 15.109116246503163 ], [ 145.707578590650087, 15.108955532297671 ], [ 145.70762534865878, 15.108822188633894 ], [ 145.707510252022416, 15.108777272873169 ], [ 145.70762534865878, 15.108732357112672 ], [ 145.70762534865878, 15.108552694070681 ], [ 145.707705793487548, 15.108225300285369 ], [ 145.707482355124284, 15.107527702380082 ], [ 145.707445685616676, 15.107115389735043 ], [ 145.707322079549272, 15.107036085345328 ], [ 145.707432789880841, 15.106642019728213 ], [ 145.707535517137558, 15.106576400609185 ], [ 145.707606048917796, 15.106436740666368 ], [ 145.707805011700543, 15.106396737567081 ], [ 145.707859050975117, 15.106318485890654 ], [ 145.708254169305519, 15.106217074525091 ], [ 145.709115815007749, 15.106180229565325 ], [ 145.709332147557234, 15.10612724300421 ], [ 145.709439612023402, 15.106002671949739 ], [ 145.710040798950331, 15.105871433712082 ], [ 145.711054737153063, 15.105790023896134 ], [ 145.711536353412953, 15.105899155157999 ], [ 145.711799180792696, 15.105996004766496 ], [ 145.712027093186748, 15.106037411483328 ], [ 145.712116924707857, 15.106037411483328 ], [ 145.712116924707857, 15.10612724300421 ], [ 145.712206756228738, 15.10612724300421 ], [ 145.712449494332873, 15.10607530915604 ], [ 145.713533876589509, 15.10613987556178 ], [ 145.714674578999052, 15.106354278137303 ], [ 145.715471833747642, 15.106478498287402 ], [ 145.715891164480468, 15.106948008346478 ], [ 145.716111883334634, 15.107522087910127 ], [ 145.716428837714943, 15.107923873423942 ], [ 145.716518669235825, 15.107923873423942 ], [ 145.716698332277815, 15.107923873423942 ], [ 145.716698332277815, 15.108013704944824 ], [ 145.71678816379881, 15.108013704944824 ], [ 145.71678816379881, 15.107923873423942 ], [ 145.717057658362023, 15.107923873423942 ], [ 145.717237321403672, 15.107923873423942 ], [ 145.717549187670443, 15.107778248106797 ], [ 145.717776310529644, 15.10783404190289 ], [ 145.717776310529644, 15.107744210381782 ], [ 145.717866142050752, 15.107744210381782 ], [ 145.718045805092515, 15.107744210381782 ], [ 145.718045805092515, 15.1076543788609 ], [ 145.718135636613624, 15.1076543788609 ], [ 145.718285121879035, 15.107624201084548 ], [ 145.71840513117661, 15.107564547339848 ], [ 145.718494962697491, 15.107564547339848 ], [ 145.719350906203658, 15.107522087910127 ], [ 145.720022098554182, 15.107474715819137 ], [ 145.720201761596172, 15.107474715819137 ], [ 145.720650919201148, 15.107474715819137 ], [ 145.721189908327005, 15.107474715819137 ], [ 145.721406240876604, 15.10742172925768 ], [ 145.721639065931981, 15.107384884297915 ], [ 145.722447549620711, 15.107384884297915 ], [ 145.72348561249953, 15.107344881198742 ], [ 145.724104432371519, 15.107155392834215 ], [ 145.725111089308371, 15.107008714803783 ], [ 145.725541736707328, 15.106885898271173 ], [ 145.726310305022935, 15.106756063650948 ], [ 145.726400136544044, 15.106756063650948 ], [ 145.726400136544044, 15.106666232130067 ], [ 145.726489968064925, 15.106666232130067 ], [ 145.726759462627797, 15.106666232130067 ], [ 145.727171073464206, 15.106628685361557 ], [ 145.727596983654166, 15.106453584076405 ], [ 145.729042797421016, 15.106164789772777 ], [ 145.72936457673643, 15.10612724300421 ], [ 145.729394754512896, 15.106067589259681 ], [ 145.729693725043717, 15.106007233706578 ], [ 145.730113406680971, 15.105798094696866 ], [ 145.730352723467263, 15.105767916920286 ], [ 145.730622218030248, 15.105767916920286 ], [ 145.730622218030248, 15.105678085399234 ], [ 145.73071204955113, 15.105678085399234 ], [ 145.730801881072011, 15.105678085399234 ], [ 145.730832760657449, 15.105617028037386 ], [ 145.731191384932686, 15.105438768613112 ], [ 145.731340870198096, 15.105408590836419 ], [ 145.731340870198096, 15.10531875931531 ], [ 145.731610364761082, 15.10531875931531 ], [ 145.73179502819039, 15.10525103477022 ], [ 145.732327437859226, 15.105633169638679 ], [ 145.732785543525665, 15.106427968056892 ], [ 145.733421206807861, 15.106478849191774 ], [ 145.734175738948466, 15.106272517417153 ], [ 145.734844299516226, 15.106218829046952 ], [ 145.736356785115277, 15.106340241962414 ], [ 145.73794015339854, 15.106168649720871 ], [ 145.738796886439673, 15.10612724300421 ], [ 145.738896806461412, 15.106002671949739 ], [ 145.73933587556553, 15.105947579962276 ], [ 145.73933587556553, 15.105857748441167 ], [ 145.739515538607293, 15.105857748441167 ], [ 145.739605370128515, 15.105857748441167 ], [ 145.739691780331782, 15.105764407876393 ], [ 145.740309196586281, 15.105568954137539 ], [ 145.741193475621003, 15.105151728831117 ], [ 145.74263358719179, 15.103968128361203 ], [ 145.743361889229845, 15.102840321687552 ], [ 145.74379990562079, 15.10228343643837 ], [ 145.743917283135602, 15.102174656081047 ], [ 145.743917283135602, 15.102084824559938 ], [ 145.743917283135602, 15.101994993038886 ], [ 145.744007114656483, 15.101994993038886 ], [ 145.744007114656483, 15.101905161518005 ], [ 145.744007114656483, 15.101725498476071 ], [ 145.744096946177592, 15.101725498476071 ], [ 145.744096946177592, 15.101635666954962 ], [ 145.744186777698474, 15.101635666954962 ], [ 145.744186777698474, 15.101545835434081 ], [ 145.744186777698474, 15.101456003913199 ], [ 145.744276609219696, 15.101456003913199 ], [ 145.744349948234571, 15.101349679886312 ], [ 145.744683307394553, 15.101119486613868 ], [ 145.74523940310894, 15.10027801791324 ], [ 145.745587412526675, 15.099532697012648 ], [ 145.745713913555164, 15.099030552846727 ], [ 145.745833396496209, 15.098726669654695 ], [ 145.745751548049839, 15.098172591640321 ], [ 145.745803745076273, 15.098132237636776 ], [ 145.745871118717105, 15.097593248511089 ], [ 145.745983408118036, 15.097503416989866 ], [ 145.745983408118036, 15.097413585468985 ], [ 145.746073239639259, 15.097413585468985 ], [ 145.746073239639259, 15.097233922426994 ], [ 145.746132893383447, 15.097113913129419 ], [ 145.74616307116014, 15.0968745963429 ], [ 145.746073239639259, 15.0968745963429 ], [ 145.746073239639259, 15.096245775696161 ], [ 145.746073239639259, 15.09615594417528 ], [ 145.746073239639259, 15.096066112654228 ], [ 145.746252902681022, 15.096066112654228 ], [ 145.746252902681022, 15.095616955049252 ], [ 145.746367034330206, 15.094744606763527 ], [ 145.746588893623993, 15.093789795948567 ], [ 145.747139550320412, 15.093086934477867 ], [ 145.7475249310545, 15.092754628031003 ], [ 145.747877063598594, 15.09219247921618 ], [ 145.749078647917713, 15.091982287493124 ], [ 145.749708082647203, 15.092521276619209 ], [ 145.75007407591454, 15.092783753094579 ], [ 145.750591133516537, 15.093609431097889 ], [ 145.750845626917339, 15.094454759746554 ], [ 145.75110757703635, 15.094824262057443 ], [ 145.751293556357041, 15.094984274454191 ], [ 145.751414881545998, 15.095413781413981 ], [ 145.751235218504007, 15.095568530244975 ], [ 145.751193636335074, 15.09615594417528 ], [ 145.751283467856069, 15.09615594417528 ], [ 145.751283467856069, 15.096245775696161 ], [ 145.751414881545998, 15.096563695063253 ], [ 145.751527083221163, 15.096660193767605 ], [ 145.751773067190697, 15.097211464546831 ], [ 145.751594544587988, 15.097365160664879 ], [ 145.751454270562476, 15.097679570988078 ], [ 145.751635424948063, 15.098510512557141 ], [ 145.751477693429706, 15.098646312551864 ], [ 145.752000628680321, 15.098973706337176 ], [ 145.752314688099545, 15.09980148976689 ], [ 145.75240443189432, 15.101166156896227 ], [ 145.752589358501837, 15.101497410629861 ], [ 145.752630940670883, 15.101815329997294 ], [ 145.752630940670883, 15.101905161518005 ], [ 145.752541109149774, 15.101905161518005 ], [ 145.752541109149774, 15.102084824559938 ], [ 145.752271614586789, 15.102084824559938 ], [ 145.752038263174995, 15.102397480361503 ], [ 145.752131077383183, 15.102943838479518 ], [ 145.752181783065907, 15.102983139769719 ], [ 145.752271614586789, 15.102983139769719 ], [ 145.752271614586789, 15.103072971290828 ], [ 145.752374605022169, 15.103149468445395 ], [ 145.752512861347327, 15.103335447766199 ], [ 145.752487508506078, 15.103482827605376 ], [ 145.752757704877808, 15.10359020434521 ], [ 145.752579445453193, 15.104189198119798 ], [ 145.752541109149774, 15.104600107147689 ], [ 145.752472068713359, 15.105020490593233 ], [ 145.752592867545786, 15.105541934500309 ], [ 145.752579357727086, 15.105633169638679 ], [ 145.752605938733836, 15.105812832681011 ], [ 145.752579006822884, 15.105994952053379 ], [ 145.752753318573014, 15.106438495188229 ], [ 145.752985792723848, 15.106752203702854 ], [ 145.753400298521569, 15.106921690517879 ], [ 145.753727604580945, 15.107345933911859 ], [ 145.75392832188561, 15.107836147329124 ], [ 145.754822250790539, 15.108321798989493 ], [ 145.754876728695422, 15.108642525591733 ], [ 145.754966560216303, 15.108642525591733 ], [ 145.754966560216303, 15.108732357112672 ], [ 145.755050426363027, 15.108796923518355 ], [ 145.755146223258407, 15.109361177759752 ], [ 145.755205877002709, 15.109481187057213 ], [ 145.755236054779289, 15.109630672322396 ], [ 145.755325886300398, 15.109630672322396 ], [ 145.755325886300398, 15.109720503843505 ], [ 145.755553798694564, 15.110211068165086 ], [ 145.755636963032202, 15.110487580815743 ], [ 145.755839698036993, 15.110969021623305 ], [ 145.756220780192507, 15.111297117217589 ], [ 145.756436937289891, 15.112015067576635 ], [ 145.756535278242154, 15.113130943501631 ], [ 145.756114894796042, 15.114129266459258 ], [ 145.756186479289454, 15.115020563581595 ], [ 145.756099805907866, 15.116099945450628 ], [ 145.756272450862184, 15.116409443112786 ], [ 145.75635561520005, 15.116685955763444 ], [ 145.756452113904174, 15.116948432238871 ], [ 145.75662432022807, 15.117520757280602 ], [ 145.756785911694806, 15.118755238885342 ], [ 145.756928027967888, 15.119406868317014 ], [ 145.756875216859157, 15.120064463123015 ], [ 145.75694285367797, 15.120500286361334 ], [ 145.756903991018021, 15.121031906495375 ], [ 145.756538699559655, 15.12128420674378 ], [ 145.756493696072994, 15.121218938529296 ], [ 145.756434042328806, 15.121249116305876 ], [ 145.756373686775532, 15.121548086836469 ], [ 145.756314033031003, 15.121668096134101 ], [ 145.756259993756657, 15.1218786387617 ], [ 145.756044538468359, 15.122027422218196 ], [ 145.756044538468359, 15.122117253739077 ], [ 145.756044538468359, 15.122207085259959 ], [ 145.755954706947136, 15.122207085259959 ], [ 145.755954706947136, 15.122386748301949 ], [ 145.755954706947136, 15.122476579823172 ], [ 145.755864875426255, 15.122476579823172 ], [ 145.755811713412754, 15.122513424782767 ], [ 145.755738374397765, 15.122619397905169 ], [ 145.755632050370991, 15.122693087824757 ], [ 145.755530639005315, 15.122963986005232 ], [ 145.755023494451734, 15.123314188575478 ], [ 145.75478689717454, 15.123374895032782 ], [ 145.753891652378002, 15.123319101236689 ], [ 145.753662774996769, 15.123332786507376 ], [ 145.75312755809307, 15.123237691420911 ], [ 145.752243717688998, 15.123152772561241 ], [ 145.751756750137019, 15.123530345672862 ], [ 145.751327594081658, 15.123727203029205 ], [ 145.750810185575233, 15.12388686452141 ], [ 145.750232070611105, 15.124201274845007 ], [ 145.749715627091518, 15.124562004546362 ], [ 145.749283049718656, 15.124695348210309 ], [ 145.748815645085756, 15.124949402980633 ], [ 145.74867835374755, 15.124991862410525 ], [ 145.74867835374755, 15.125081693931406 ], [ 145.74849869070556, 15.125081693931406 ], [ 145.748428158925663, 15.125221353874224 ], [ 145.748229196142688, 15.125261356973397 ], [ 145.748229196142688, 15.125441020015501 ], [ 145.748109186845113, 15.125680336801793 ], [ 145.748049533100925, 15.125710514578373 ], [ 145.747989177547652, 15.125829822067033 ], [ 145.747810216314292, 15.125920355396829 ], [ 145.74774986076136, 15.126039662885717 ], [ 145.747690207016831, 15.12606984066224 ], [ 145.747690207016831, 15.1262495037044 ], [ 145.747600375495949, 15.1262495037044 ], [ 145.747570197719256, 15.126398988969811 ], [ 145.747391938294754, 15.12675761324482 ], [ 145.747330880932964, 15.126788492830258 ], [ 145.74712104011428, 15.12720747265854 ], [ 145.747061386369865, 15.127237650435234 ], [ 145.746971554848869, 15.127237650435234 ], [ 145.746934885341261, 15.127290636996349 ], [ 145.74668012876225, 15.127466790994561 ], [ 145.746236410175356, 15.127580484013095 ], [ 145.745983408118036, 15.12768680804021 ], [ 145.74583664236161, 15.12789945609353 ], [ 145.745624082034283, 15.128046134123963 ], [ 145.745624082034283, 15.128135965645015 ], [ 145.745624082034283, 15.128225797165896 ], [ 145.745534250513174, 15.128225797165896 ], [ 145.745534250513174, 15.128315628686778 ], [ 145.745534250513174, 15.12840546020783 ], [ 145.745444418992179, 15.12840546020783 ], [ 145.745444418992179, 15.128585123249991 ], [ 145.745354587471297, 15.128585123249991 ], [ 145.745354587471297, 15.128674954770872 ], [ 145.745174924429307, 15.129034280854967 ], [ 145.745054915131732, 15.129273597641259 ], [ 145.744995261387317, 15.129303775417611 ], [ 145.744827704546424, 15.130303501992955 ], [ 145.744546103782341, 15.130381753669383 ], [ 145.744146862325579, 15.130880739696067 ], [ 145.74396386569174, 15.1310274177265 ], [ 145.743917283135602, 15.131190237358226 ], [ 145.743917283135602, 15.131280068879335 ], [ 145.74382745161472, 15.131280068879335 ], [ 145.74382745161472, 15.131369900400216 ], [ 145.74382745161472, 15.131459731921439 ], [ 145.743737620093498, 15.131459731921439 ], [ 145.743737620093498, 15.13154956344215 ], [ 145.743737620093498, 15.131639394963202 ], [ 145.743647788572616, 15.131639394963202 ], [ 145.743647788572616, 15.131729226484083 ], [ 145.743557957051507, 15.131729226484083 ], [ 145.743428210157617, 15.13195871794801 ], [ 145.743082393892223, 15.132432087955181 ], [ 145.742899134080403, 15.132866858480384 ], [ 145.742457170015086, 15.133618846564275 ], [ 145.742331633973777, 15.134622433087827 ], [ 145.742085737730122, 15.135040711107138 ], [ 145.741990905821808, 15.135372315745485 ], [ 145.741940989673935, 15.135502150365312 ], [ 145.741940989673935, 15.135591981886421 ], [ 145.741851158153054, 15.135591981886421 ], [ 145.741792381669484, 15.136280456277859 ], [ 145.741264709209759, 15.137251408693942 ], [ 145.741155665674114, 15.137488970958543 ], [ 145.741222337506088, 15.137927601432011 ], [ 145.741345943573492, 15.138006905821555 ], [ 145.741204178204498, 15.138511506318366 ], [ 145.741280499906907, 15.138783106307642 ], [ 145.741222337506088, 15.138915748163015 ], [ 145.741222337506088, 15.139095411204778 ], [ 145.741132505985092, 15.139095411204778 ], [ 145.741132505985092, 15.139185242725659 ], [ 145.741132505985092, 15.139275074246768 ], [ 145.741263919674907, 15.139772656655964 ], [ 145.741360418379259, 15.140035133131221 ], [ 145.741443582716897, 15.140670971865745 ], [ 145.741940989673935, 15.141251367708264 ], [ 145.742030821195044, 15.141251367708264 ], [ 145.742030821195044, 15.141341199229487 ], [ 145.742120652715926, 15.141341199229487 ], [ 145.742120652715926, 15.14152086227125 ], [ 145.742239960204756, 15.141581217824353 ], [ 145.742300315757802, 15.14170052531324 ], [ 145.742390147278911, 15.14170052531324 ], [ 145.742390147278911, 15.141790356834463 ], [ 145.742390147278911, 15.141880188355174 ], [ 145.742479978799793, 15.141880188355174 ], [ 145.742479978799793, 15.141970019876055 ], [ 145.742479978799793, 15.142149682918216 ], [ 145.742569810320902, 15.142149682918216 ], [ 145.742569810320902, 15.142419177481031 ], [ 145.742480417430215, 15.142598840523021 ], [ 145.742839304883887, 15.143317492690983 ], [ 145.742929136404769, 15.143317492690983 ], [ 145.742929136404769, 15.143407324211864 ], [ 145.742929136404769, 15.143497155732746 ], [ 145.74301896792565, 15.143497155732746 ], [ 145.74301896792565, 15.143586987253855 ], [ 145.743108799446759, 15.143586987253855 ], [ 145.743108799446759, 15.143676818775077 ], [ 145.743258284712169, 15.143976491114472 ], [ 145.743288462488636, 15.144215807900764 ], [ 145.743378294009744, 15.144215807900764 ], [ 145.743378294009744, 15.144305639421646 ], [ 145.743378294009744, 15.144485302463636 ], [ 145.743468125530626, 15.144485302463636 ], [ 145.743468125530626, 15.144575133984858 ], [ 145.743468125530626, 15.14466496550574 ], [ 145.743557957051507, 15.14466496550574 ], [ 145.743557957051507, 15.144754797026621 ], [ 145.743707793221347, 15.14505341665307 ], [ 145.744006412847739, 15.145204656440342 ], [ 145.744096946177592, 15.145383617673588 ], [ 145.744186777698474, 15.145383617673588 ], [ 145.744186777698474, 15.145473449194469 ], [ 145.744326262189247, 15.145543980974708 ], [ 145.744366440740578, 15.145742943757455 ], [ 145.744456272261459, 15.145742943757455 ], [ 145.744456272261459, 15.145832775278336 ], [ 145.744456272261459, 15.145922606799445 ], [ 145.744546103782341, 15.145922606799445 ], [ 145.744546103782341, 15.146012438320497 ], [ 145.744546103782341, 15.146461595925473 ], [ 145.744939730769374, 15.14657423623089 ], [ 145.745035176760439, 15.147230076515029 ], [ 145.745184837478178, 15.14748483309387 ], [ 145.745371343155398, 15.148346654248598 ], [ 145.745534250513174, 15.148707383949841 ], [ 145.745927438869785, 15.149022145177923 ], [ 145.746202986533376, 15.149475864539738 ], [ 145.746542311067515, 15.149900107933547 ], [ 145.746715306926262, 15.150505417987006 ], [ 145.746612228765116, 15.150773508932559 ], [ 145.746702060285998, 15.150773508932559 ], [ 145.746702060285998, 15.151043003495431 ], [ 145.746762591291258, 15.15109914819601 ], [ 145.746738378889404, 15.151708318197564 ], [ 145.746928393610347, 15.151984479943849 ], [ 145.747194379129496, 15.152437146592547 ], [ 145.747387815168395, 15.152718221000214 ], [ 145.747748544869978, 15.152888409623756 ], [ 145.747913031297458, 15.153065967239286 ], [ 145.748627033982189, 15.153727421993551 ], [ 145.74867835374755, 15.15463626433467 ], [ 145.748904687071899, 15.155487909262035 ], [ 145.748947848310536, 15.155804074107493 ], [ 145.749037679831758, 15.155804074107493 ], [ 145.749037679831758, 15.156073568670308 ], [ 145.749127511352526, 15.156073568670308 ], [ 145.749127511352526, 15.156253231712299 ], [ 145.749217342873408, 15.156253231712299 ], [ 145.749217342873408, 15.156432894754403 ], [ 145.749217342873408, 15.156522726275284 ], [ 145.749307174394403, 15.156522726275284 ], [ 145.749307174394403, 15.156702389317275 ], [ 145.749307174394403, 15.15697188388026 ], [ 145.749217342873408, 15.15697188388026 ], [ 145.749217342873408, 15.157061715401142 ], [ 145.749307174394403, 15.157061715401142 ], [ 145.749307174394403, 15.15715154692225 ], [ 145.749347967028598, 15.158009157224285 ], [ 145.749614040273855, 15.158633416114014 ], [ 145.749805370886293, 15.158899050728792 ], [ 145.749846163520488, 15.159038008862865 ], [ 145.750204436891295, 15.159217671904969 ], [ 145.750295321125463, 15.159397334946732 ], [ 145.750575079641408, 15.15965665328298 ], [ 145.751191443182734, 15.160321617080626 ], [ 145.751506292136582, 15.160432151959981 ], [ 145.751830527782886, 15.160534616038603 ], [ 145.75302044453133, 15.16102342583855 ], [ 145.754648816301369, 15.161411526081338 ], [ 145.754740226891954, 15.161510130211695 ], [ 145.755821714187732, 15.161596452688855 ], [ 145.756574228627983, 15.161793660949797 ], [ 145.757658961789048, 15.161982447505636 ], [ 145.758380158013779, 15.161954024250917 ], [ 145.758758345208093, 15.161969113139264 ], [ 145.75922381986652, 15.161805942602996 ], [ 145.75935970758735, 15.162517927587771 ], [ 145.759647975534449, 15.162829179771961 ], [ 145.760185736495032, 15.163199032987052 ], [ 145.761013081294209, 15.163514846928251 ], [ 145.762738741303451, 15.16339659215231 ], [ 145.763934711152501, 15.163046389582291 ], [ 145.764621694200173, 15.162943925503612 ], [ 145.765707655526512, 15.162795492951318 ], [ 145.767636489170968, 15.161902441307348 ], [ 145.767769306478158, 15.161779624774908 ], [ 145.767902299237903, 15.161553291450559 ], [ 145.767943618228628, 15.16130976381146 ], [ 145.768250045477203, 15.160912890958969 ], [ 145.768351456842879, 15.160834639282371 ], [ 145.768434094823988, 15.160401974183458 ], [ 145.769382764812235, 15.159350664664373 ], [ 145.769959037528338, 15.158897647111303 ], [ 145.770546012828049, 15.157938976348419 ], [ 145.770577681948112, 15.157139967077569 ], [ 145.770327750304432, 15.156073568670308 ], [ 145.770237918783323, 15.156073568670308 ], [ 145.770237918783323, 15.155983737149427 ], [ 145.770155456254429, 15.155605813133434 ], [ 145.770369332473251, 15.155486154740174 ], [ 145.771220889674851, 15.155163322711701 ], [ 145.772042093647087, 15.15452783488189 ], [ 145.772451774509477, 15.153609869026582 ], [ 145.772647666878925, 15.153382482989116 ], [ 145.772974446581657, 15.153150535194584 ], [ 145.77342106013009, 15.152870864404974 ], [ 145.773682834796546, 15.152645583793742 ], [ 145.773942854941197, 15.152230463913384 ], [ 145.774908017435337, 15.151627961094903 ], [ 145.77535831547948, 15.151581992621288 ], [ 145.775448147000361, 15.151581992621288 ], [ 145.775448147000361, 15.151671824142511 ], [ 145.775627810042351, 15.151671824142511 ], [ 145.776436293731194, 15.151671824142511 ], [ 145.776526125252076, 15.151671824142511 ], [ 145.776669031060351, 15.151557429314664 ], [ 145.776626045274043, 15.151211788501826 ], [ 145.77715775313402, 15.150823337354325 ], [ 145.777564188130782, 15.150903343552613 ], [ 145.778150022991213, 15.151156345609763 ], [ 145.779270022042397, 15.151296005552751 ], [ 145.779505127976222, 15.151002649491886 ], [ 145.779989639197424, 15.150823337354325 ], [ 145.780428796027422, 15.15054401746886 ], [ 145.781197364343143, 15.150504014369517 ], [ 145.781550110969988, 15.15054717560821 ], [ 145.782049360175051, 15.150917379728014 ], [ 145.782095679553095, 15.151402329579298 ], [ 145.782125857329788, 15.151551814844709 ], [ 145.782185511073976, 15.151671824142511 ], [ 145.782275342595199, 15.151671824142511 ], [ 145.782275342595199, 15.151761655663222 ], [ 145.782345874375096, 15.15190131560621 ], [ 145.782544837158071, 15.151941318705155 ], [ 145.782842667249497, 15.15205852076781 ], [ 145.783224363487648, 15.151902017414955 ], [ 145.783494121228955, 15.151739548687601 ], [ 145.783892309972771, 15.151671824142511 ], [ 145.783965648987987, 15.151565500115396 ], [ 145.784251636056524, 15.15149216110018 ], [ 145.784341818481948, 15.151391100639216 ], [ 145.784781413942596, 15.151270038628525 ], [ 145.785514716368311, 15.15153321691264 ], [ 145.786237053032096, 15.151339868599791 ], [ 145.786627083249414, 15.151127922355101 ], [ 145.78708887341179, 15.150915976110355 ], [ 145.787765329327954, 15.150548228321327 ], [ 145.78925053211151, 15.150461554939795 ], [ 145.789214827591081, 15.151060899618926 ], [ 145.789055078372371, 15.151354957488195 ], [ 145.788970334964915, 15.15153953319151 ], [ 145.788807866237562, 15.151684807604283 ], [ 145.788743212105715, 15.152031150226264 ], [ 145.789045691680258, 15.152076416890964 ], [ 145.788859361455252, 15.152348367784782 ], [ 145.788653380584719, 15.15248030783107 ], [ 145.788402483954087, 15.153163518656754 ], [ 145.788558811854614, 15.153734440080996 ], [ 145.788322214577192, 15.154068150145406 ], [ 145.788346602431602, 15.154372033337438 ], [ 145.788782425670092, 15.154747501022825 ], [ 145.788874625795643, 15.154954183701932 ], [ 145.789060956020876, 15.15521666017753 ], [ 145.789144120358515, 15.155403341306737 ], [ 145.789350539859356, 15.155694241036826 ], [ 145.789873913740507, 15.155927943353163 ], [ 145.790488785938237, 15.156039881850234 ], [ 145.791097605035588, 15.155991106141414 ], [ 145.791299725957742, 15.156225510266324 ], [ 145.791348326214347, 15.156702389317275 ], [ 145.791348326214347, 15.156792220838497 ], [ 145.791258494693238, 15.156792220838497 ], [ 145.791192436944016, 15.157587019256312 ], [ 145.791486407087291, 15.158001437327925 ], [ 145.7915825548871, 15.158528846609329 ], [ 145.791869068312508, 15.158932737549208 ], [ 145.791712652685533, 15.159358735465275 ], [ 145.79196109298573, 15.159948605725845 ], [ 145.791655104367464, 15.160380218111811 ], [ 145.791673526847376, 15.160610060480053 ], [ 145.791651946228058, 15.160879555043095 ], [ 145.791673526847376, 15.161149049605967 ], [ 145.791659139767717, 15.161328712648071 ], [ 145.791669930077546, 15.161463459929337 ], [ 145.791652648036688, 15.161679266122349 ], [ 145.791791957075134, 15.161929110040319 ], [ 145.791928897509024, 15.162679694506551 ], [ 145.792148651376237, 15.163201489317657 ], [ 145.79247455381801, 15.163660823149769 ], [ 145.792516135986943, 15.163799079474927 ], [ 145.792690710915394, 15.163848907896636 ], [ 145.793414451196782, 15.164427900121837 ], [ 145.793787638003664, 15.164470359551615 ], [ 145.794161526619291, 15.164713887190715 ], [ 145.794455759941002, 15.164824071165356 ], [ 145.79449242944861, 15.164877057726812 ], [ 145.794582260969719, 15.164877057726812 ], [ 145.794761924011482, 15.164877057726812 ], [ 145.794761924011482, 15.164966889247694 ], [ 145.794851755532591, 15.164966889247694 ], [ 145.795073790278366, 15.165104092859906 ], [ 145.795892187015738, 15.165561672169815 ], [ 145.795874203166363, 15.165863449935614 ], [ 145.796558554431385, 15.165955035978357 ], [ 145.796648385952153, 15.165955035978357 ], [ 145.796648385952153, 15.166044867499409 ], [ 145.796788133621021, 15.166084870598752 ], [ 145.79727062714187, 15.166368401336683 ], [ 145.797406953493123, 15.166768081424266 ], [ 145.796917880515139, 15.166853351188308 ], [ 145.796867350284629, 15.166909846793487 ], [ 145.796331431572071, 15.167075473660191 ], [ 145.796067025122625, 15.167170217842283 ], [ 145.79534319711513, 15.167393743931655 ], [ 145.794539889266048, 15.167978701531183 ], [ 145.794355138110518, 15.168063620390853 ], [ 145.793840449112963, 15.168422946474948 ], [ 145.793389975616378, 15.169131422415603 ], [ 145.792378844648852, 15.169500924726492 ], [ 145.792141633288793, 15.169629706633771 ], [ 145.791896877484533, 15.170014648737208 ], [ 145.791617820777219, 15.170177117464561 ], [ 145.791617820777219, 15.170266948985613 ], [ 145.79152798925611, 15.170266948985613 ], [ 145.791471405925222, 15.170358885932956 ], [ 145.791069444959362, 15.170495738640568 ], [ 145.790989000130253, 15.170626275069537 ], [ 145.790989000130253, 15.170716106590419 ], [ 145.790899168609371, 15.170716106590419 ], [ 145.790899168609371, 15.170805938111528 ], [ 145.790796441352427, 15.170934369114207 ], [ 145.790433781676825, 15.171087012518967 ], [ 145.789960938026411, 15.171484587180203 ], [ 145.789235706401428, 15.171575471414542 ], [ 145.788613465211597, 15.17184391326407 ], [ 145.788473717542729, 15.171883916363413 ], [ 145.788473717542729, 15.171973747884294 ], [ 145.788383886021848, 15.171973747884294 ], [ 145.788323530468915, 15.172093055373182 ], [ 145.788204222979857, 15.172153410926228 ], [ 145.788204222979857, 15.17242290548927 ], [ 145.788024559938094, 15.17242290548927 ], [ 145.787934728416872, 15.17242290548927 ], [ 145.787889286299787, 15.172581865172901 ], [ 145.787066415531399, 15.173081903912589 ], [ 145.786906666312916, 15.173281217599708 ], [ 145.786775778979631, 15.173386138009334 ], [ 145.786436278993278, 15.173944777780207 ], [ 145.7863177610393, 15.174039872866842 ], [ 145.786266792178139, 15.174200937976764 ], [ 145.785375231877651, 15.175885629899767 ], [ 145.785329614308466, 15.175836503286405 ], [ 145.785239782787357, 15.175836503286405 ], [ 145.785239782787357, 15.176016166328566 ], [ 145.785149951266476, 15.176016166328566 ], [ 145.785149951266476, 15.176105997849618 ], [ 145.785108369097657, 15.176154422653667 ], [ 145.784993097009078, 15.176253728593167 ], [ 145.784749043013562, 15.177591726989533 ], [ 145.784621138367584, 15.177939824133318 ], [ 145.784375768480686, 15.179285191521842 ], [ 145.7846321041294, 15.179744876257985 ], [ 145.784762289653827, 15.181020413675185 ], [ 145.784742112652225, 15.181271310305931 ], [ 145.784752902961827, 15.181406057587537 ], [ 145.784735884099405, 15.181618354736827 ], [ 145.784431299098515, 15.182304372797319 ], [ 145.784431299098515, 15.1823942043182 ], [ 145.784341467577747, 15.1823942043182 ], [ 145.784204965774165, 15.182437365557064 ], [ 145.783938980255016, 15.182620537642549 ], [ 145.783755808169303, 15.182706860119708 ], [ 145.783298492037716, 15.182986881814088 ], [ 145.782005848031986, 15.182933193444057 ], [ 145.781916016511104, 15.182933193444057 ], [ 145.781879347003496, 15.182986180005344 ], [ 145.781556690427237, 15.18320268800727 ], [ 145.781515108258191, 15.183340944332599 ], [ 145.781156483983068, 15.184148726212356 ], [ 145.781059283470313, 15.184232241454595 ], [ 145.780865935157522, 15.184665608362423 ], [ 145.780478712175295, 15.184999318426662 ], [ 145.780478712175295, 15.185089149947885 ], [ 145.780439586337025, 15.185229511699447 ], [ 145.780241237636915, 15.185734112195917 ], [ 145.78002955457066, 15.185897633636614 ], [ 145.78002955457066, 15.185987465157666 ], [ 145.779939723049438, 15.185987465157666 ], [ 145.779753217372217, 15.186639796397685 ], [ 145.779670228486566, 15.186706117325286 ], [ 145.77964741970186, 15.186862971582684 ], [ 145.779423542708287, 15.187088252193917 ], [ 145.77940073392358, 15.187245106451371 ], [ 145.779355905889133, 15.187685140542271 ], [ 145.778592250234851, 15.188323084703256 ], [ 145.778592250234851, 15.188412916224138 ], [ 145.778412587192747, 15.188772242308232 ], [ 145.778412587192747, 15.188862073829114 ], [ 145.778322755671866, 15.188862073829114 ], [ 145.77818221846826, 15.189081038161476 ], [ 145.778053261108994, 15.189401062954971 ], [ 145.778172217693282, 15.189492999902086 ], [ 145.778307491331248, 15.190289201937958 ], [ 145.77818221846826, 15.190608174018166 ], [ 145.778087737464261, 15.190947498552362 ], [ 145.778136074542203, 15.191274190529271 ], [ 145.778635674651809, 15.191659834441452 ], [ 145.778682081755733, 15.191826514021272 ], [ 145.778651903979153, 15.192155662328844 ], [ 145.778592250234851, 15.192275671626248 ], [ 145.778592250234851, 15.1923655031473 ], [ 145.778502418713742, 15.1923655031473 ], [ 145.778555931631445, 15.192809748090895 ], [ 145.778502418713742, 15.19335364987819 ], [ 145.778502418713742, 15.193443481399072 ], [ 145.778412587192747, 15.193443481399072 ], [ 145.778412587192747, 15.193712975962057 ], [ 145.778232924150757, 15.193712975962057 ], [ 145.778232924150757, 15.193802807482939 ], [ 145.778143092629875, 15.193802807482939 ], [ 145.778143092629875, 15.193892639004048 ], [ 145.777963429587771, 15.193892639004048 ], [ 145.777733060863284, 15.194021771815301 ], [ 145.777654809186856, 15.194122832276491 ], [ 145.777545941103085, 15.194207049327588 ], [ 145.777654809186856, 15.194291266378514 ], [ 145.777733060863284, 15.194571989881467 ], [ 145.77801413527061, 15.195279413109176 ], [ 145.778106949478797, 15.195612421364615 ], [ 145.778538561864821, 15.195945780524823 ], [ 145.778694100230837, 15.196504069391324 ], [ 145.779170365199093, 15.196907609427058 ], [ 145.779310902402699, 15.196946910717429 ], [ 145.77940073392358, 15.196946910717429 ], [ 145.77940073392358, 15.197036742238311 ], [ 145.779964812712592, 15.197132539133747 ], [ 145.780068680408704, 15.197266935510925 ], [ 145.780683815784755, 15.197491514313242 ], [ 145.781323602193538, 15.19833929929257 ], [ 145.781416153223404, 15.198883902888724 ], [ 145.781517564588967, 15.199052336990405 ], [ 145.781623274533104, 15.199674841358444 ], [ 145.781594500374013, 15.19986924238458 ], [ 145.781918297389552, 15.20058017465584 ], [ 145.781825132276936, 15.201210749824668 ], [ 145.781646521948119, 15.201348655245624 ], [ 145.781646521948119, 15.201528318287728 ], [ 145.781556690427237, 15.201528318287728 ], [ 145.781556690427237, 15.201618149808439 ], [ 145.781466858906128, 15.201618149808439 ], [ 145.781419048184489, 15.201673592700502 ], [ 145.781231051163559, 15.201658503811984 ], [ 145.781247806847659, 15.201866239204207 ], [ 145.781425276737309, 15.202018882609138 ], [ 145.78189820811383, 15.202568047962018 ], [ 145.78219437140956, 15.203231608142289 ], [ 145.782040763017903, 15.203936224135248 ], [ 145.781916016511104, 15.204043600874911 ], [ 145.781916016511104, 15.204133432395963 ], [ 145.781826184990223, 15.204133432395963 ], [ 145.781796007213529, 15.204193086140322 ], [ 145.781556690427237, 15.204313095438124 ], [ 145.781516511875679, 15.204512058220701 ], [ 145.781377027385247, 15.204582590000939 ], [ 145.781377027385247, 15.204672421521877 ], [ 145.781287195864138, 15.204672421521877 ], [ 145.781287195864138, 15.2047622530431 ], [ 145.781287195864138, 15.204852084563981 ], [ 145.781197364343143, 15.204852084563981 ], [ 145.781197364343143, 15.204941916084863 ], [ 145.781107532822261, 15.204941916084863 ], [ 145.781107532822261, 15.205031747605744 ], [ 145.781017701301494, 15.205031747605744 ], [ 145.780856022108651, 15.205312120204496 ], [ 145.780451253907813, 15.205565824070391 ], [ 145.780347298485594, 15.205798824578039 ], [ 145.780224043322391, 15.206019543432205 ], [ 145.78007113673948, 15.206151132574291 ], [ 145.779904808063861, 15.206524143929073 ], [ 145.779685054196648, 15.206917858641987 ], [ 145.779532147613395, 15.207049447784073 ], [ 145.779422226816678, 15.207177176978234 ], [ 145.779269320233652, 15.207685286518654 ], [ 145.779172821529528, 15.207857931473143 ], [ 145.778910257327993, 15.20873027975864 ], [ 145.778771913276614, 15.209253829091949 ], [ 145.778771913276614, 15.209343660613058 ], [ 145.778771913276614, 15.20943349213394 ], [ 145.778682081755733, 15.20943349213394 ], [ 145.778682081755733, 15.209523323655162 ], [ 145.778592250234851, 15.209523323655162 ], [ 145.778510489514474, 15.209890369635445 ], [ 145.779000615205632, 15.210103017688766 ], [ 145.779172031994676, 15.210201270915093 ], [ 145.779453983662961, 15.21032338563856 ], [ 145.77982708274385, 15.210537086405338 ], [ 145.78012894823587, 15.2109006233419 ], [ 145.780437919541328, 15.211091164419599 ], [ 145.78051950480949, 15.211189417645755 ], [ 145.781038141481531, 15.21150944243908 ], [ 145.781388344051607, 15.212316873415034 ], [ 145.781507651540323, 15.212986048065488 ], [ 145.781875223877137, 15.213247120923029 ], [ 145.782046640666181, 15.213525037191346 ], [ 145.782377104865077, 15.213942613401912 ], [ 145.782661337411696, 15.214597751877307 ], [ 145.782391141039966, 15.215069718266818 ], [ 145.782005848031986, 15.215182709477006 ], [ 145.782005848031986, 15.215272540997887 ], [ 145.781916016511104, 15.215272540997887 ], [ 145.781874434342285, 15.215320965802334 ], [ 145.781667927115336, 15.215412902749449 ], [ 145.781491422212753, 15.215617830906581 ], [ 145.781614501923627, 15.216067690320301 ], [ 145.782185511073976, 15.21602172184663 ], [ 145.782634668678952, 15.216057864997708 ], [ 145.78298934527993, 15.216029090838617 ], [ 145.783491840350507, 15.215748718239865 ], [ 145.783788530002766, 15.215772579737916 ], [ 145.784203386704462, 15.216309112532997 ], [ 145.784886772982304, 15.216897579176248 ], [ 145.784790625182723, 15.217338665980492 ], [ 145.784790625182723, 15.217428497501373 ], [ 145.7847007936615, 15.217428497501373 ], [ 145.7847007936615, 15.217518329022596 ], [ 145.784610962140619, 15.217697992064359 ], [ 145.784610962140619, 15.21778782358524 ], [ 145.78452113061951, 15.21778782358524 ], [ 145.78452113061951, 15.217967486627401 ], [ 145.784431299098515, 15.217967486627401 ], [ 145.784378137085355, 15.218196978091271 ], [ 145.784703162266169, 15.218329970850675 ], [ 145.785060119745367, 15.21859630727414 ], [ 145.785149951266476, 15.21859630727414 ], [ 145.785149951266476, 15.21877597031613 ], [ 145.785191533435295, 15.21882439512035 ], [ 145.785864918938387, 15.219404440058838 ], [ 145.785729118943664, 15.219900618850204 ], [ 145.785870094778033, 15.220075018326781 ], [ 145.786359343208119, 15.219895355284621 ], [ 145.78684578440334, 15.219812541851184 ], [ 145.787202741882879, 15.220226609018425 ], [ 145.787443988643076, 15.220434344410535 ], [ 145.787485570811896, 15.220482769214755 ], [ 145.787575402333118, 15.220482769214755 ], [ 145.787665233854, 15.220482769214755 ], [ 145.787665233854, 15.220572600735807 ], [ 145.787784541342717, 15.22063295628891 ], [ 145.78784489689599, 15.220752263777968 ], [ 145.78784489689599, 15.220842095298849 ], [ 145.787916130484746, 15.2208782384497 ], [ 145.787845686430842, 15.221022460149356 ], [ 145.787934728416872, 15.221201421382602 ], [ 145.788350813284069, 15.221255811561321 ], [ 145.789060956020876, 15.222051311788277 ], [ 145.789337995027836, 15.222532050787095 ], [ 145.789664950182896, 15.222813827003336 ], [ 145.789772941005367, 15.22340580269065 ], [ 145.790123757658307, 15.223562306043505 ], [ 145.790306842017912, 15.224060590261502 ], [ 145.790318860492789, 15.224210777335486 ], [ 145.790311666953016, 15.224300608856709 ], [ 145.790318860492789, 15.22439044037759 ], [ 145.790311491500802, 15.224482377324705 ], [ 145.790550896013542, 15.225050842418739 ], [ 145.789981378206448, 15.225716157120758 ], [ 145.790401761652333, 15.225831253756951 ], [ 145.791037249482315, 15.225914067190388 ], [ 145.791389908383167, 15.226190579841216 ], [ 145.791693089766454, 15.226380419109944 ], [ 145.792005394663647, 15.226742903333218 ], [ 145.792658427712581, 15.227305403052583 ], [ 145.792647111046563, 15.227446817517261 ], [ 145.792744487011646, 15.22771210122761 ], [ 145.792731328097489, 15.22787562266808 ], [ 145.792973452118758, 15.228156697075747 ], [ 145.793378220319823, 15.228189331182705 ], [ 145.793851765778982, 15.22763981492551 ], [ 145.794300572479415, 15.227603671774489 ], [ 145.79470683202419, 15.227785089338454 ], [ 145.794813594681386, 15.22790895858418 ], [ 145.795625324235743, 15.228153188032024 ], [ 145.795971315953238, 15.228346536344475 ], [ 145.796247477699353, 15.228429349777969 ], [ 145.796893054030306, 15.228666561138027 ], [ 145.798570464687259, 15.228820608160277 ], [ 145.799018920483491, 15.229341350258608 ], [ 145.799260167243801, 15.229549085650831 ], [ 145.7993849137506, 15.229694009159232 ], [ 145.799481412454725, 15.229776822592669 ], [ 145.799564576792591, 15.229963503722445 ], [ 145.799847581174276, 15.230416872179887 ], [ 145.799833544998819, 15.230591622560269 ], [ 145.800370604150658, 15.231218688685374 ], [ 145.800732386565528, 15.232029628704822 ], [ 145.801028111230721, 15.23228438528389 ], [ 145.801466303073539, 15.232894607998901 ], [ 145.801876948922995, 15.233077780084386 ], [ 145.802205834052074, 15.233497812626126 ], [ 145.802694994756166, 15.23437437176409 ], [ 145.802733594237793, 15.234854408954391 ], [ 145.802612444501165, 15.23518425907065 ], [ 145.802634376024798, 15.235456560868499 ], [ 145.801996695042476, 15.235949932425058 ], [ 145.802101001368897, 15.236215567040176 ], [ 145.802625515689215, 15.236334523624294 ], [ 145.802962296166697, 15.236573489506441 ], [ 145.803427332194701, 15.236611036274951 ], [ 145.803475581546763, 15.236652442991613 ], [ 145.803565413067986, 15.236652442991613 ], [ 145.803565413067986, 15.236742274512835 ], [ 145.803612083350231, 15.236785435751131 ], [ 145.803943775714288, 15.237143358217565 ], [ 145.804596721037342, 15.236875267272239 ], [ 145.805016402674369, 15.236742274512835 ], [ 145.805405204726071, 15.236878776315962 ], [ 145.805947702895764, 15.236965098793121 ], [ 145.806272377172263, 15.237078791811825 ], [ 145.806676619016685, 15.237292843482976 ], [ 145.807291666666856, 15.237956754568017 ], [ 145.807970578913796, 15.238355732846514 ], [ 145.808475354862594, 15.239214395861552 ], [ 145.809693256235505, 15.240691703296477 ], [ 145.809986612296143, 15.241190689323048 ], [ 145.810123114099611, 15.241413513603675 ], [ 145.810163029472847, 15.241463342025384 ], [ 145.810236894844479, 15.242057072234388 ], [ 145.809687378587228, 15.242744143008167 ], [ 145.809314630410768, 15.242850817939654 ], [ 145.809266381058819, 15.242892224656089 ], [ 145.808224896862157, 15.243119610693554 ], [ 145.807806969747048, 15.243604560545407 ], [ 145.807476417822159, 15.244512701077781 ], [ 145.807758457216664, 15.245543307238165 ], [ 145.808400875408211, 15.246004746496396 ], [ 145.808710109892104, 15.247031492708857 ], [ 145.808547728890858, 15.247473632226217 ], [ 145.808464564552878, 15.247801376916073 ], [ 145.808870648645438, 15.249156920531391 ], [ 145.809220763489407, 15.249988213004997 ], [ 145.809722205846697, 15.250348240897665 ], [ 145.809999595758313, 15.250670371117394 ], [ 145.810751583842034, 15.251280242927919 ], [ 145.811115559409018, 15.251702731800037 ], [ 145.811602000604239, 15.252331552446776 ], [ 145.81169849930825, 15.25241436588027 ], [ 145.811740081477183, 15.25246279068449 ], [ 145.811740081477183, 15.25264245372648 ], [ 145.811650249956301, 15.25264245372648 ], [ 145.811498132908127, 15.253029501256322 ], [ 145.811341629555045, 15.253591299166885 ], [ 145.811290923872434, 15.253720431978536 ], [ 145.811290923872434, 15.253810263499247 ], [ 145.811201092351325, 15.253810263499247 ], [ 145.811201092351325, 15.254079758062289 ], [ 145.811201092351325, 15.254169589583341 ], [ 145.811111260830444, 15.254169589583341 ], [ 145.810968267295948, 15.254386097584927 ], [ 145.810894928280732, 15.255031059833129 ], [ 145.810733687718994, 15.255414949223621 ], [ 145.810867294561035, 15.256011135763231 ], [ 145.810786498827724, 15.256371865464814 ], [ 145.81095914378227, 15.256928750713996 ], [ 145.810605783072674, 15.257172980161727 ], [ 145.810646049350112, 15.25735264320366 ], [ 145.810519109691086, 15.257440369298308 ], [ 145.810412083855454, 15.257595118129302 ], [ 145.810482440183478, 15.257762850422409 ], [ 145.810524022352524, 15.257811275226686 ], [ 145.810621047413065, 15.257894790468868 ], [ 145.810606572607526, 15.258074453510858 ], [ 145.81071035257753, 15.258163583223336 ], [ 145.811039764063139, 15.258546068996168 ], [ 145.811533398798019, 15.258821528933311 ], [ 145.812637607152169, 15.259121903081621 ], [ 145.812975703521147, 15.259413504620454 ], [ 145.81333222237015, 15.259909683412388 ], [ 145.813495656084683, 15.260050746972695 ], [ 145.813487673010059, 15.260149351102882 ], [ 145.814245100111634, 15.260776066323558 ], [ 145.814878570241717, 15.261129427032984 ], [ 145.815333342316649, 15.261266279740994 ], [ 145.815854259867024, 15.261379972759528 ], [ 145.816622828182631, 15.261148375869425 ], [ 145.817129972736211, 15.260727290615137 ], [ 145.817190503741472, 15.260607632221706 ], [ 145.817728615606597, 15.260337786754349 ], [ 145.817968634201634, 15.26012864774475 ], [ 145.818207950987926, 15.260008638446948 ], [ 145.818961342689477, 15.25979493768034 ], [ 145.820045286315576, 15.259905472559922 ], [ 145.820664720270315, 15.25973247670089 ], [ 145.821460659127524, 15.259813535612466 ], [ 145.821931835982241, 15.259420522708069 ], [ 145.823018060486902, 15.259339112892121 ], [ 145.823328347684082, 15.259289986279157 ], [ 145.823687673767836, 15.259289986279157 ], [ 145.824395447900088, 15.259207874654464 ], [ 145.825535711678981, 15.259378063278518 ], [ 145.825923811921939, 15.259583342339852 ], [ 145.826647639929433, 15.259698789880588 ], [ 145.827361028531641, 15.260468674087633 ], [ 145.828336279526638, 15.261978966534116 ], [ 145.828700781450038, 15.262914828512805 ], [ 145.829023350300417, 15.263524349418731 ], [ 145.829390220828373, 15.264546884778554 ], [ 145.829484438654049, 15.264634259968886 ], [ 145.829436891110731, 15.26476970905901 ], [ 145.829616554152722, 15.26476970905901 ], [ 145.829616554152722, 15.264859540580119 ], [ 145.829616554152722, 15.265308698185095 ], [ 145.82952672263184, 15.265308698185095 ], [ 145.82952672263184, 15.26557819274791 ], [ 145.829569094335625, 15.26562556483907 ], [ 145.829669365261793, 15.26571504545592 ], [ 145.829648486451219, 15.266065598930197 ], [ 145.82976937300964, 15.266173326574574 ], [ 145.829738317972328, 15.266694419577277 ], [ 145.829854116417323, 15.266797585464303 ], [ 145.82982306137967, 15.267318678467007 ], [ 145.829943947938204, 15.267426406111269 ], [ 145.829917981014091, 15.267862229349703 ], [ 145.830073256202013, 15.268000836579404 ], [ 145.830461093266535, 15.269667632378912 ], [ 145.830568119102054, 15.270468396171623 ], [ 145.83055706561413, 15.270653673683341 ], [ 145.830613473493031, 15.271598659175879 ], [ 145.830467409545236, 15.271729195604678 ], [ 145.83038266613778, 15.272183265870865 ], [ 145.830272569888962, 15.272594174898359 ], [ 145.829982021063302, 15.273128953171749 ], [ 145.82952672263184, 15.27321387203142 ], [ 145.82952672263184, 15.273303703552529 ], [ 145.82934705958985, 15.273303703552529 ], [ 145.82934705958985, 15.27339353507341 ], [ 145.829167396547746, 15.27339353507341 ], [ 145.829167396547746, 15.273483366594633 ], [ 145.828987733506096, 15.273483366594633 ], [ 145.828987733506096, 15.273573198115344 ], [ 145.828808070463992, 15.273573198115344 ], [ 145.827815098797828, 15.273624430154939 ], [ 145.826662728817951, 15.274638192905115 ], [ 145.826069086334883, 15.275685291571563 ], [ 145.825484304187512, 15.276537638307673 ], [ 145.825484304187512, 15.276627469828782 ], [ 145.825394472666517, 15.276627469828782 ], [ 145.825394472666517, 15.276717301350004 ], [ 145.825394472666517, 15.276807132870886 ], [ 145.825304641145635, 15.276807132870886 ], [ 145.825304641145635, 15.276896964391767 ], [ 145.825244285592362, 15.277016271880484 ], [ 145.825124978103645, 15.277076627433757 ], [ 145.825043129657388, 15.277335243961033 ], [ 145.82426982413233, 15.278557093008033 ], [ 145.824136831372812, 15.278783426332382 ], [ 145.824136831372812, 15.278873257853263 ], [ 145.82404699985193, 15.278873257853263 ], [ 145.823927341458671, 15.278933964310909 ], [ 145.823777505289058, 15.279232583937358 ], [ 145.823777505289058, 15.279322415458239 ], [ 145.823687673767836, 15.279322415458239 ], [ 145.823687673767836, 15.27941224697912 ], [ 145.823687673767836, 15.279502078500229 ], [ 145.823597842246954, 15.279502078500229 ], [ 145.823597842246954, 15.279591910021452 ], [ 145.823597842246954, 15.279681741542163 ], [ 145.823508010725845, 15.279681741542163 ], [ 145.823508010725845, 15.279861404584096 ], [ 145.823418179204964, 15.279861404584096 ], [ 145.823418179204964, 15.279951236105205 ], [ 145.822889804936722, 15.280758667080761 ], [ 145.822609695516121, 15.281388540440844 ], [ 145.822102726414755, 15.282349316630075 ], [ 145.821677956664189, 15.282757418422818 ], [ 145.821441885743297, 15.283185170860577 ], [ 145.821441885743297, 15.283275002381458 ], [ 145.821352054222416, 15.283275002381458 ], [ 145.821321876445722, 15.283424487646869 ], [ 145.820813065096559, 15.284442812154225 ], [ 145.820813065096559, 15.284532643675107 ], [ 145.82072323357545, 15.284532643675107 ], [ 145.820603926086619, 15.28459299922838 ], [ 145.820543570533687, 15.284712306717438 ], [ 145.820543570533687, 15.284802138238319 ], [ 145.820453739012464, 15.284802138238319 ], [ 145.820214071321743, 15.285101459673513 ], [ 145.819465767733845, 15.285700804352643 ], [ 145.819066350824642, 15.286199439474615 ], [ 145.818895460392355, 15.286336292182455 ], [ 145.818163035227599, 15.286245407948286 ], [ 145.817740546355594, 15.286297692700998 ], [ 145.817445435772697, 15.286471390368263 ], [ 145.817179888884084, 15.286369277194012 ], [ 145.816720730504471, 15.286289270995724 ], [ 145.816590983610354, 15.286239442573958 ], [ 145.816374651060642, 15.286292429135074 ], [ 145.816051994484496, 15.28632927409484 ], [ 145.815949267227552, 15.28649595367483 ], [ 145.815489056134652, 15.286652807932057 ], [ 145.81524351079554, 15.286688600178934 ], [ 145.815163592323188, 15.286788257022408 ], [ 145.814524858627806, 15.286868263220697 ], [ 145.814524858627806, 15.286958094741806 ], [ 145.814345195585815, 15.286958094741806 ], [ 145.814265277113464, 15.287057751585451 ] ], [ [ 145.815144906665068, 15.271216173402877 ], [ 145.815095429147618, 15.271614098968428 ], [ 145.815193594647781, 15.271736564596495 ], [ 145.81524351079554, 15.271776567695611 ], [ 145.81542317383753, 15.271776567695611 ], [ 145.81542317383753, 15.271866399216663 ], [ 145.815513005358639, 15.271866399216663 ], [ 145.815513005358639, 15.271776567695611 ], [ 145.815602836879521, 15.271776567695611 ], [ 145.815662490623822, 15.271656558398206 ], [ 145.815692668400402, 15.271417241611687 ], [ 145.815692668400402, 15.271147747049042 ], [ 145.815144906665068, 15.271216173402877 ] ], [ [ 145.795714190769559, 15.262477952561028 ], [ 145.795804373194983, 15.26282920784422 ], [ 145.79623028338483, 15.262715865729831 ], [ 145.796109396826409, 15.26243408951359 ], [ 145.795714190769559, 15.262477952561028 ] ], [ [ 145.795621113383049, 15.261318564493195 ], [ 145.795760246969508, 15.262114064720095 ], [ 145.796238354185562, 15.261993353613775 ], [ 145.79614501362073, 15.261601393422495 ], [ 145.795929733784305, 15.261266279740994 ], [ 145.795621113383049, 15.261318564493195 ] ], [ [ 145.781955142349489, 15.22186954331994 ], [ 145.781876890673061, 15.222240098343889 ], [ 145.781654592748851, 15.222748909693223 ], [ 145.78169810489203, 15.223042967562833 ], [ 145.781684419621001, 15.22313525541432 ], [ 145.781736353469114, 15.223267546365321 ], [ 145.781826184990223, 15.223267546365321 ], [ 145.781992776843936, 15.223221226987107 ], [ 145.782134805391252, 15.223037353092707 ], [ 145.782447899823296, 15.222795579975809 ], [ 145.782673794517109, 15.222220798603075 ], [ 145.782539573592317, 15.221618295784594 ], [ 145.782322188329545, 15.221586012582009 ], [ 145.781955142349489, 15.22186954331994 ] ], [ [ 145.783495086215794, 15.220216081886917 ], [ 145.783448942289965, 15.220790512355052 ], [ 145.783742912433468, 15.220814022948389 ], [ 145.783931786715357, 15.22047575112714 ], [ 145.783802478451889, 15.220123443130831 ], [ 145.783495086215794, 15.220216081886917 ] ], [ [ 145.771765054640014, 15.17790262826918 ], [ 145.771765054640014, 15.177992459790232 ], [ 145.771765054640014, 15.178082291311114 ], [ 145.772034549203227, 15.178082291311114 ], [ 145.772034549203227, 15.177812796748071 ], [ 145.771765054640014, 15.177812796748071 ], [ 145.771765054640014, 15.17790262826918 ] ], [ [ 145.775448147000361, 15.166763519667427 ], [ 145.775535522190694, 15.166890196148131 ], [ 145.775983451630282, 15.166788784782568 ], [ 145.775897304605337, 15.166583856625323 ], [ 145.775515608367186, 15.166521044741785 ], [ 145.775448147000361, 15.166763519667427 ] ], [ [ 145.776291457948901, 15.166086625120613 ], [ 145.776566303803634, 15.166102766721906 ], [ 145.776615956773185, 15.16541604685267 ], [ 145.776526125252076, 15.16541604685267 ], [ 145.776526125252076, 15.165326215331788 ], [ 145.776400940114968, 15.164655637063674 ], [ 145.775856775149464, 15.164623353860748 ], [ 145.77583379091277, 15.165009699581844 ], [ 145.776095214675024, 15.165243050993979 ], [ 145.776291457948901, 15.166086625120613 ] ], [ [ 145.714053565974609, 15.156728005337129 ], [ 145.714275600720384, 15.156760990348459 ], [ 145.714632207295381, 15.156702389317275 ], [ 145.7146705435988, 15.156650806373818 ], [ 145.714940038161558, 15.156450439973185 ], [ 145.714817484807327, 15.155765825530182 ], [ 145.7144010490357, 15.155842322684748 ], [ 145.714324376428976, 15.155945488572172 ], [ 145.714272881211286, 15.155983737149427 ], [ 145.714272881211286, 15.156253231712299 ], [ 145.714183049690405, 15.156253231712299 ], [ 145.714183049690405, 15.156343063233521 ], [ 145.714093218169523, 15.156343063233521 ], [ 145.714093218169523, 15.156432894754403 ], [ 145.714003386648301, 15.156432894754403 ], [ 145.714053565974609, 15.156728005337129 ] ], [ [ 145.711197204330801, 15.150004326534258 ], [ 145.710990697103853, 15.150096263481373 ], [ 145.710673654997549, 15.150464362174944 ], [ 145.710320294288067, 15.151402329579298 ], [ 145.710320294288067, 15.151761655663222 ], [ 145.71054460991229, 15.152100980197588 ], [ 145.710626458358547, 15.152645934698114 ], [ 145.710320294288067, 15.15310912847815 ], [ 145.710382228911044, 15.153849887621959 ], [ 145.711081756790236, 15.154854526858287 ], [ 145.71170355934953, 15.15520122038464 ], [ 145.712660651042711, 15.155278419347951 ], [ 145.712870930491817, 15.154579768729661 ], [ 145.713145513168456, 15.154601875705509 ], [ 145.713153759421061, 15.154499060722458 ], [ 145.713030942888622, 15.154278692772607 ], [ 145.713512646874506, 15.153696542408113 ], [ 145.713845742856165, 15.153232646819333 ], [ 145.714317446067639, 15.152825948644249 ], [ 145.714362712732395, 15.15248030783107 ], [ 145.714362712732395, 15.152300644789079 ], [ 145.714332534955815, 15.152151159523669 ], [ 145.714272881211286, 15.152031150226264 ], [ 145.714183049690405, 15.152031150226264 ], [ 145.714183049690405, 15.151941318705155 ], [ 145.714093218169523, 15.151941318705155 ], [ 145.714093218169523, 15.151851487184103 ], [ 145.714003386648301, 15.151851487184103 ], [ 145.714003386648301, 15.151761655663222 ], [ 145.713878464689628, 15.151527251538312 ], [ 145.713698801647524, 15.151412154901891 ], [ 145.713823284975888, 15.150978787994063 ], [ 145.714003386648301, 15.150863340453441 ], [ 145.714003386648301, 15.150773508932559 ], [ 145.714093218169523, 15.150773508932559 ], [ 145.714093218169523, 15.150683677411678 ], [ 145.714183049690405, 15.150683677411678 ], [ 145.714326043224787, 15.150467169409922 ], [ 145.714362712732395, 15.149875193722607 ], [ 145.7142822679034, 15.149401472811405 ], [ 145.714054092331139, 15.149106011324307 ], [ 145.713862849444695, 15.149027408743507 ], [ 145.713823723606538, 15.148976878512826 ], [ 145.713733892085429, 15.148976878512826 ], [ 145.713733892085429, 15.149066710033708 ], [ 145.713644060564548, 15.149066710033708 ], [ 145.71341535863553, 15.149107414941966 ], [ 145.712404666298426, 15.149538325518904 ], [ 145.712027093186748, 15.149605699159565 ], [ 145.711985511017815, 15.149654123964012 ], [ 145.711398272540009, 15.149875193722607 ], [ 145.7113084410189, 15.149875193722607 ], [ 145.711197204330801, 15.150004326534258 ] ], [ [ 145.708330315555713, 15.144503900395875 ], [ 145.708280838038377, 15.144901825961426 ], [ 145.708483748495496, 15.14506429468878 ], [ 145.70862761929061, 15.14524395773077 ], [ 145.708882989952485, 15.144936214590473 ], [ 145.70883219654354, 15.144527761893528 ], [ 145.708882989952485, 15.144395470942698 ], [ 145.708793158431376, 15.144395470942698 ], [ 145.708793158431376, 15.144125976379883 ], [ 145.708703326910381, 15.144125976379883 ], [ 145.708703326910381, 15.143946313337722 ], [ 145.708490766582941, 15.143799635307516 ], [ 145.708344000826401, 15.143586987253855 ], [ 145.70785492784853, 15.143648044615645 ], [ 145.707965287275556, 15.144004914368963 ], [ 145.708130650964222, 15.143984211010832 ], [ 145.708330315555713, 15.144503900395875 ] ], [ [ 145.734754467995344, 15.125890177620306 ], [ 145.734724290218878, 15.12621932592765 ], [ 145.734664636474349, 15.126339335225282 ], [ 145.734664636474349, 15.126518998267215 ], [ 145.735093529351616, 15.126802529005317 ], [ 145.735746562400436, 15.127005000832014 ], [ 145.736014565619712, 15.126708486631969 ], [ 145.73613343447812, 15.126178270115588 ], [ 145.735848675574857, 15.125992641698929 ], [ 145.735180465911299, 15.12578560811545 ], [ 145.734754467995344, 15.125890177620306 ] ], [ [ 145.694673029405408, 15.120184121516047 ], [ 145.695631086085768, 15.11984339336442 ], [ 145.695544763608382, 15.119375637827204 ], [ 145.695092096959684, 15.119289315350045 ], [ 145.695048935721047, 15.1192426450678 ], [ 145.694647237933509, 15.119297386150777 ], [ 145.694376953835672, 15.119808302926288 ], [ 145.694673029405408, 15.120184121516047 ] ], [ [ 145.717640071904498, 15.115579905161212 ], [ 145.717506815966658, 15.115918878791376 ], [ 145.717506815966658, 15.116188373354191 ], [ 145.717776310529644, 15.116008710312258 ], [ 145.717799119314236, 15.115672193012927 ], [ 145.717933164786928, 15.115536743922917 ], [ 145.717955973571634, 15.115379889665348 ], [ 145.717955973571634, 15.115290058144467 ], [ 145.717955973571634, 15.115200226623358 ], [ 145.717686479008648, 15.115200226623358 ], [ 145.717640071904498, 15.115579905161212 ] ], [ [ 145.777861930496329, 15.161929811849063 ], [ 145.777963429587771, 15.162002449055365 ], [ 145.778143092629875, 15.162002449055365 ], [ 145.778143092629875, 15.162092280576246 ], [ 145.778412587192747, 15.162092280576246 ], [ 145.77869927607037, 15.162056137425225 ], [ 145.778771913276614, 15.161912617534313 ], [ 145.778722611211606, 15.161725936404707 ], [ 145.778204500896095, 15.161425562256397 ], [ 145.778079403485094, 15.161228353995511 ], [ 145.778307929961784, 15.160909732819448 ], [ 145.778629797003418, 15.16067883773826 ], [ 145.778180639398443, 15.160692523008947 ], [ 145.777884651554928, 15.16088025685184 ], [ 145.777211266051836, 15.16097149199021 ], [ 145.776937736088712, 15.161329765361188 ], [ 145.777046604172142, 15.161860332781941 ], [ 145.77728372780598, 15.161749446997987 ], [ 145.777507341621458, 15.161437843909596 ], [ 145.777977465763001, 15.161344854249364 ], [ 145.777861930496329, 15.161929811849063 ] ], [ [ 145.771651624799574, 15.159349962855629 ], [ 145.771558196508863, 15.159557698247852 ], [ 145.771765054640014, 15.159666829509945 ], [ 145.771854886161123, 15.15930750342585 ], [ 145.771651624799574, 15.159349962855629 ] ], [ [ 145.772288253068837, 15.158626047122027 ], [ 145.772002529178394, 15.158968529795743 ], [ 145.772124380724108, 15.159038008862865 ], [ 145.772365802936633, 15.15915801816044 ], [ 145.772902686636257, 15.159097662607167 ], [ 145.77302269593406, 15.159038008862865 ], [ 145.77314516156207, 15.15877588329181 ], [ 145.773052347353882, 15.158556217150704 ], [ 145.772288253068837, 15.158626047122027 ] ] ] ] } }
]
}
