osm_id,name,name_de,height,latitude,longitude,wikidata,wikipedia,region_source
27384190,Zugspitze,Zugspitze,2962,47.421215,10.986297,Q3375,de:Zugspitze,bayern-260721
256042768,Schneefernerkopf,,2874,47.4095968,10.9699595,Q679080,de:Schneefernerkopf,bayern-260721
12806819227,,,2836,47.4118778,10.9684542,,,bayern-260721
323896644,Zugspitzeck,,2815,47.4175695,10.9723451,Q86980310,de:Zugspitzeck,bayern-260721
6550931824,,,2794,47.4053767,10.9697023,,,bayern-260721
12488618087,,,2782,47.4165622,10.9710116,,,bayern-260721
6550931823,Nördliche Wetterspitze,,2746,47.4039535,10.9696493,,,bayern-260721
256042854,Südliche Wetterspitze,,2746,47.4007961,10.9703511,Q470068,de:Wetterspitzen,bayern-260721
2061799676,Hochwanner,,2744,47.3959556,11.0553604,Q255743,de:Hochwanner,bayern-260721
508503691,Innere Höllentalspitze,,2741,47.4184937,11.0105717,Q265375,,bayern-260721
508503689,Mittlere Höllentalspitze,,2740,47.4206907,11.0198273,,,bayern-260721
1621410410,Kaltwasserkarspitze,,2733,47.4030333,11.4506396,Q624393,de:Kaltwasserkarspitze,bayern-260721
508503693,Äußere Höllentalspitze,,2715,47.4209398,11.027893,,,bayern-260721
364134323,Watzmann-Mittelspitze,,2713,47.5543889,12.9220342,Q31306014,de:Watzmann,bayern-260721
475537031,Watzmann-Südspitze,,2712,47.5480306,12.9169564,Q31354390,,bayern-260721
12817211594,Östliche Wetterspitze,,2709,47.3996786,10.9715651,,,bayern-260721
1833449075,Hochblassen,,2706,47.4223964,11.0444402,Q870721,,bayern-260721
983927681,Wetterwandeck,,2698,47.3981048,10.9771855,Q2566084,de:Wetterwandeck,bayern-260721
256041673,Leutascher Dreitorspitze,,2682,47.4004814,11.1239474,Q585796,de:Dreitorspitze,bayern-260721
323258238,Mittlere Plattspitze,,2680,47.3958052,10.9903473,Q830583,de:Plattspitzen,bayern-260721
508530564,Östliche Plattspitze,,2680,47.3964573,10.9926825,Q830583,de:Plattspitzen,bayern-260721
5928695276,Westliche Plattspitze,,2676,47.3956975,10.9881534,,,bayern-260721
256041782,Hinterreintalschrofen,,2670,47.3961111,11.0758333,Q515359,de:Hinterreintalschrofen,bayern-260721
1617864235,Grubenkarspitze,,2663,47.3807753,11.5221099,Q453696,de:Grubenkarspitze,bayern-260721
307562003,Hocheck,,2651,47.558423,12.9237899,Q31354005,,bayern-260721
256041952,Hohes Licht,,2651,47.2801709,10.2760287,Q524774,de:Hohes Licht,bayern-260721
256041781,Hochfrottspitze,,2649,47.2969091,10.2930007,Q315335,de:Hochfrottspitze,bayern-260721
11926109175,Teufelsgrat,,2648,47.3958358,11.0837236,Q9357673,,bayern-260721
256041922,Mädelegabel,,2644,47.2999249,10.2956802,Q186077,de:Mädelegabel,bayern-260721
472565283,"Partenkirchner Dreitorspitze, Westgipfel",,2633,47.4063481,11.1225566,,,bayern-260721
508503694,Vollkarspitze,,2630,47.4217228,11.034696,Q885103,,bayern-260721
259486622,Alpspitze,,2628,47.4294968,11.0478118,Q252743,,bayern-260721
1833449062,Blassenkopf,,2628,47.4209691,11.0495134,,,bayern-260721
3634965711,"Partenkirchner Dreitorspitze, Nordostgipfel",,2626,47.4091248,11.1256736,,,bayern-260721
508489623,Große Riffelwandspitze,,2625,47.4282738,10.9924798,Q31555666,,bayern-260721
12817321074,,,2625,47.4266791,10.9907164,,,bayern-260721
3634965710,"Partenkirchner Dreitorspitze, Mittelgipfel",,2622,47.4081217,11.1239416,,,bayern-260721
530735152,Steinschartenkopf,,2615,47.284615,10.2802909,Q261126,de:Steinschartenkopf,bayern-260721
480631269,Brandhorn,,2610,47.4474188,13.0043671,Q18646533,,bayern-260721
256041659,Bockkarkopf,,2609,47.2921766,10.2877037,Q573647,de:Bockkarkopf,bayern-260721
26863176,Hochkalter,,2608,47.5693262,12.8658126,Q883041,,bayern-260721
6090168221,Biberkopf,,2599,47.2705662,10.2323676,Q504504,de:Biberkopf,bayern-260721
12527028949,,,2597,47.283626,10.279559,,,bayern-260721
530747888,Trettachspitze,,2595,47.30362,10.29545,Q450837,de:Trettachspitze,bayern-260721
387467327,Großer Hundstod,,2593,47.5127249,12.8849252,Q565025,de:Großer Hundstod,bayern-260721
1068153047,Langeck,,2593,47.4543433,13.0076495,,,bayern-260721
2622553312,Hochvogel,,2592,47.3803633,10.4367647,Q455546,de:Hochvogel,bayern-260721
7769784734,Oberer Hundstallkopf,,2586,47.3956494,11.0928735,Q21878028,,bayern-260721
2498250593,Funtenseetauern,,2578,47.4850145,12.9767787,Q316715,de:Funtenseetauern,bayern-260721
530742114,Wilder Mann,,2577,47.287708,10.279934,Q830919,de:Wilder Mann (Allgäuer Alpen),bayern-260721
2622035954,Öfnerspitze,,2576,47.3175062,10.3487798,Q281277,de:Öfnerspitze,bayern-260721
4064859689,Großer Hundstallkopf,,2559,47.395905,11.0941856,,,bayern-260721
983927675,Sonnspitzl,,2556,47.4196316,10.9710255,,,bayern-260721
7845727141,Schüsselkarspitze,,2553,47.3970938,11.1198951,Q699526,de:Schüsselkarspitze,bayern-260721
12262806996,Krottenspitze,,2551,47.3197905,10.3448279,Q1790064,de:Krottenspitze,bayern-260721
323842894,Kleiner Wanner,,2548,47.3963394,11.0397076,Q21868517,,bayern-260721
13507202800,Grießkogel,,2543,47.474851,12.9729963,Q19702285,,bayern-260721
508489627,Kleine Riffelwandspitze,,2543,47.4293162,10.996723,Q31555682,,bayern-260721
2498250544,,,2541,47.4739376,12.9739942,,,bayern-260721
496454912,Östliche Karwendelspitze,,2537,47.4448563,11.421433,Q306927,de:Östliche Karwendelspitze,bayern-260721
530764046,Hornbachspitze,,2533,47.3155274,10.3567417,Q1628343,de:Hornbachspitze,bayern-260721
26865136,Widderstein,,2533,47.2847695,10.1293196,Q458391,de:Widderstein (Allgäuer Alpen),bayern-260721
12391651549,,,2530,47.288035,10.276966,Q138837818,,bayern-260721
2496261392,Hocheisspitze,,2523,47.5468447,12.84264,Q871271,de:Hocheisspitze,bayern-260721
256041930,Oberreintalschrofen,,2523,47.3955556,11.1038889,Q873153,de:Oberreintalschrofen,bayern-260721
3186071317,Hoher Göll,,2522,47.5939262,13.0671406,Q549503,de:Hoher Göll,bayern-260721
1617864300,Vogelkarspitze,,2522,47.4465039,11.4112781,Q317490,de:Vogelkarspitze,bayern-260721
504792553,Graskopf,,2519,47.4819387,12.9825289,Q21873207,,bayern-260721
509292142,Wildalmrotkopf,,2517,47.4737779,12.981467,Q19713126,,bayern-260721
11609713601,,,2516,47.283646,10.12962,,,bayern-260721
1833449069,Großer Kirchturm,,2514,47.4165238,11.0306086,Q31544024,,bayern-260721
1055547059,Kleinkalter,,2513,47.5727411,12.8624286,,,bayern-260721
2934579315,Ofentalhörndl,,2513,47.5625765,12.8614196,,de:Hochkalter#Ofentalhörnl,bayern-260721
1055547071,Ofentalhörnl,,2513,47.5625765,12.8614196,Q31296619,,bayern-260721
4059510445,Bayerländerturm,,2507,47.4099632,11.1265424,,,bayern-260721
1055583507,Hochkammerlinghorn,,2506,47.5450397,12.836358,,,bayern-260721
1060193890,Ledererkopf (N),,2506,47.4810842,12.9743492,,,bayern-260721
11609693950,,,2505,47.271909,10.238295,Q132830054,,bayern-260721
4689311473,Hocheiskopf,,2495,47.5455209,12.8384593,,,bayern-260721
1055583508,Hinterberghorn,,2493,47.5509169,12.8391498,,,bayern-260721
4218227955,Westlicher Gatterlkopf,,2489,47.394803,10.9980468,,,bayern-260721
1060193886,Ledererkopf (S),,2486,47.4764962,12.9725412,,,bayern-260721
4059510444,Signalkuppe,,2486,47.410641,11.1264927,,,bayern-260721
256042748,Rotgundspitze,,2485,47.2881103,10.265806,Q831788,de:Rotgundspitze,bayern-260721
664510186,Kammerlinghorn,,2483,47.5450497,12.8327097,Q21868263,de:Hochkalter#Kammerlinghorn,bayern-260721
26863178,Hochkarspitze,,2482,47.4475006,11.3500655,Q829835,de:Hochkarspitze (Karwendel),bayern-260721
1161325579,Wettersteinwand,,2482,47.4222568,11.1663534,Q27020458,de:Wettersteinwand,bayern-260721
1055352004,Blaueisspitze,,2481,47.5720037,12.8694054,Q31354412,,bayern-260721
4051533375,Musterstein,,2478,47.4138023,11.1398204,Q1310178,de:Musterstein,bayern-260721
2373066248,"Öfelekopf, Ostgipfel",,2478,47.4042625,11.1502264,Q294087,de:Öfelekopf,bayern-260721
893340535,Krummer Turm,,2477,47.3199166,10.3432506,Q130554238,,bayern-260721
256042874,Wörner,,2476,47.4497121,11.3381365,Q315922,de:Wörner (Alpen),bayern-260721
4218227956,Östlicher Gatterlkopf,,2474,47.3941505,11.0054272,,,bayern-260721
12337829066,,,2474,47.380611,10.440019,,,bayern-260721
1617864301,Hintere Schlichtenkarspitze,,2473,47.447015,11.4044988,Q21871707,,bayern-260721
1617914885,Grabenkarspitze,,2471,47.4395424,11.4314643,Q1540764,de:Grabenkarspitze,bayern-260721
454666359,Rappenseekopf,,2469,47.2809839,10.2548226,Q831402,de:Rappenseekopf,bayern-260721
2373066246,"Öfelekopf, Westgipfel",,2469,47.4038862,11.1480528,Q294087,de:Öfelekopf,bayern-260721
507094246,Steintalhörnl,,2468,47.5596884,12.854934,,,bayern-260721
2506368453,Scharnitzspitze,,2461,47.3957891,11.1118219,Q21865424,de:Scharnitzspitze,bayern-260721
530735143,Hochgundspitze,,2460,47.2846536,10.262767,Q131720086,,bayern-260721
509292145,Hochscheibe,,2460,47.4881912,12.974321,Q31354346,,bayern-260721
530735159,Linkerskopf,,2459,47.29093,10.26369,Q831129,de:Linkerskopf,bayern-260721
1090930638,,,2458,47.27674,10.278519,Q132853221,,bayern-260721
12644041091,,,2457,47.381946,10.433459,Q133254024,,bayern-260721
1060193888,Ledererkopf (M),,2456,47.4787073,12.9725873,,,bayern-260721
1055547112,Schönwandeck,,2450,47.5642609,12.8677725,,,bayern-260721
527369349,Grabenkarturm,,2448,47.4446882,11.426825,,,bayern-260721
481694454,Stuhljoch,,2446,47.4898784,12.9672187,Q31302513,de:Funtenseetauern#Stuhljoch,bayern-260721
3634965712,Östliche Törlspitze,,2444,47.4127386,11.1353612,,,bayern-260721
6631990152,Teufelskopf,,2440,47.3943412,11.1002872,Q21878034,,bayern-260721
1090930808,,,2440,47.274064,10.278254,,,bayern-260721
11557665092,Hochgundspitze Nebengipfel,,2438,47.284265,10.261539,Q131720089,,bayern-260721
380969481,Tiefkarspitze,,2430,47.4377328,11.3212433,Q21863490,de:Tiefkarspitze,bayern-260721
1422262018,Niederbrunnsulzenkopf,,2429,47.469056,12.9731544,,,bayern-260721
319482020,Kratzer,,2427,47.30642,10.31748,Q1767643,de:Kratzer (Berg),bayern-260721
944092774,Westliche Törlspitze,,2427,47.4126395,11.1301239,,,bayern-260721
319482035,Hochrappenkopf Nordgipfel,,2425,47.2804198,10.2457455,Q131382352,,bayern-260721
14027328781,,,2425,47.306384,10.320788,,,bayern-260721
1097360301,Hochrappenkopf Südgipfel,,2424,47.278838,10.244897,Q131382364,,bayern-260721
508509265,Blassenspitze,,2420,47.4219531,11.0545854,,,bayern-260721
527347955,Nördliche Großkarspitze,,2420,47.4473049,11.3345092,,,bayern-260721
527373745,Lackenkarkopf,,2416,47.4375471,11.443805,Q15118012,de:Lackenkarkopf,bayern-260721
12329300131,Östlicher Berg der guten Hoffnung,,2416,47.2977875,10.2873048,Q131139370,,bayern-260721
14027333815,,,2415,47.306027,10.322399,,,bayern-260721
256042810,Sonnenspitze (Kreuzgipfel),,2411,47.3682476,10.921911,Q1300944,de:Ehrwalder Sonnenspitze,bayern-260721
12468970499,Höhlenkopf,,2403,47.400017,11.0615952,,,bayern-260721
256041862,Kuhkopf,,2399,47.436169,11.4561233,Q873280,de:Kuhkopf (Karwendel),bayern-260721
1161325584,Rotplattenspitze,,2399,47.4240934,11.1762074,Q31555579,,bayern-260721
2498250423,Hundstodkendelkopf,,2395,47.518497,12.8852117,Q31354373,,bayern-260721
11466458115,,,2393,47.3152446,10.3465729,,,bayern-260721
323882896,Großer Archenkopf,,2391,47.5866422,13.0699972,Q21871266,,bayern-260721
983927678,Kaiserkopf,,2389,47.4230856,10.9760837,,,bayern-260721
2445853408,Riffelköpfe,,2389,47.4296521,11.0001335,,,bayern-260721
531228714,Elfer,,2387,47.302297,10.177474,Q1328493,de:Elfer (Allgäuer Alpen),bayern-260721
11660278503,Eule,,2385,47.2877355,10.2714175,Q124654189,,bayern-260721
256042733,Rauheck,,2385,47.3447112,10.368148,Q872340,de:Rauheck (Allgäuer Alpen),bayern-260721
256041839,Westliche Karwendelspitze,,2385,47.4300189,11.298858,Q316308,de:Westliche Karwendelspitze,bayern-260721
530761775,,,2385,47.32032,10.33937,,,bayern-260721
469641200,Liechelkopf,,2384,47.296087,10.179743,Q831435,de:Liechelkopf,bayern-260721
11609693948,,,2384,47.274223,10.239262,,,bayern-260721
530747886,Westlicher Berg der guten Hoffnung,,2381,47.2980139,10.2856706,Q31555081,,bayern-260721
319480846,Großer Wilder,,2379,47.37022,10.38904,Q130526149,,bayern-260721
11466458097,,,2379,47.3336604,10.3566945,Q137971496,,bayern-260721
246769285,Kreuzeck,,2376,47.3370382,10.3569087,Q871952,de:Kreuzeck (Allgäuer Alpen),bayern-260721
323717920,Hoher Kamm,,2375,47.3936266,11.029522,Q21868026,,bayern-260721
527373743,,,2374,47.437729,11.4359081,,,bayern-260721
10978210261,Holzereck,,2373,47.4050989,10.9615382,,,bayern-260721
1356130961,,,2373,47.299423,10.177794,Q138028732,,bayern-260721
293247920,Nördliche Linderspitze,,2372,47.4279802,11.2930554,Q15849891,de:Linderspitzen,bayern-260721
509292149,Ebenhorn,,2371,47.4937833,12.9750146,Q30791818,,bayern-260721
12097971760,Oberreintaldom,,2371,47.4060619,11.1151897,,,bayern-260721
916804595,Großer Wilder Nordgipfel,,2370,47.37172,10.38791,Q130526176,,bayern-260721
3777140321,Frauenalplspitz,,2369,47.4150815,11.1280779,Q31555531,,bayern-260721
504792557,Leiterkopf,,2369,47.4783411,12.9927472,Q21873191,,bayern-260721
4938279910,Kleiner Kirchturm,,2368,47.414342,11.0308341,Q31534553,,bayern-260721
454899951,Muttlerkopf,,2368,47.3144134,10.3412333,Q21873215,en:Muttlerkopf,bayern-260721
1055547069,Wimbachschneidspitze,,2368,47.5461712,12.847869,,,bayern-260721
319480822,Kreuzspitze,,2367,47.38394,10.43089,Q1788437,de:Kreuzspitze (Allgäuer Alpen),bayern-260721
1055547114,Rotpalfen,,2367,47.5786336,12.8621648,Q1117892,,bayern-260721
291978603,Geißhorn,,2366,47.28786,10.175332,Q320334,de:Geißhorn,bayern-260721
2498250705,Großes Teufelshorn,,2362,47.4891572,13.0362619,Q320734,,bayern-260721
527343336,Östliche Larchetfleckspitze,,2362,47.4307958,11.3134407,,,bayern-260721
12289681435,,,2361,47.276266,10.241253,Q138849250,,bayern-260721
916814949,Hinterer Wilder,,2359,47.36719,10.38915,Q130526116,,bayern-260721
1617914845,Vordere Schlichtenkarspitze,,2356,47.4475351,11.3987822,Q21873245,,bayern-260721
4944025921,Jungfernkarkopf,,2355,47.4017931,11.0724993,,,bayern-260721
3777140322,Frauenalplkopf,,2352,47.4166877,11.1277051,Q31555471,,bayern-260721
1925250468,Alpriedlhorn,,2351,47.4712941,13.0225441,Q21873334,,bayern-260721
1356130956,Rundes Köpfle,,2351,47.2983333,10.1783333,Q130604046,,bayern-260721
504799999,Kahlersberg,,2350,47.5315782,13.0320821,Q1721197,,bayern-260721
5079866695,Hohes Brett,,2340,47.5843857,13.0496897,Q1623963,de:Hohes Brett,bayern-260721
6530414814,Kleiner Hundsstallkopf,,2338,47.4023869,11.0830808,Q31555357,,bayern-260721
11466458098,,,2336,47.3303573,10.3537455,,,bayern-260721
504796020,Großer Schneiber,,2330,47.5106761,12.9115931,Q18289350,,bayern-260721
11609693940,,,2330,47.279311,10.249325,,,bayern-260721
530761774,,,2328,47.3217691,10.3351478,,,bayern-260721
12289681442,,,2327,47.275387,10.24072,,,bayern-260721
1356130955,,,2325,47.297443,10.178021,,,bayern-260721
912363810,Südliche Balkenspitze,,2324,47.38555,10.4313394,Q130532213,,bayern-260721
527360269,Bäralplkopf,,2323,47.4468728,11.390339,Q21927860,,bayern-260721
527355015,Raffelspitze,,2323,47.4448834,11.3647136,Q21864998,,bayern-260721
481694086,Seehorn,,2321,47.5166781,12.8531171,Q19971449,de:Seehorn (Berchtesgadener Alpen),bayern-260721
1676377698,Sulzleklammspitze,,2321,47.4186732,11.2926087,Q31517989,,bayern-260721
12417317762,,,2321,47.383508,10.428192,,,bayern-260721
285972358,Nördlicher Schafalpenkopf,,2320,47.3105646,10.2166035,Q1259247,de:Nördlicher Schafalpenkopf,bayern-260721
11373913264,Mittlere Balkenspitze,,2315,47.386593,10.431625,Q130532207,,bayern-260721
323581294,Fuchskarspitze,,2314,47.39108,10.4291,Q130532257,,bayern-260721
507594558,Laubwand,,2312,47.4764177,13.0185196,Q1680817,de:Laubwand,bayern-260721
336770101,Hinteres Freieck,,2309,47.5874951,13.0999443,Q21871708,,bayern-260721
507105618,Kleiner Watzmann,,2307,47.5588894,12.9424556,Q31339405,,bayern-260721
256042866,Kleiner Wilder,,2306,47.363175,10.386236,Q1435439,de:Kleiner Wilder,bayern-260721
5926552247,Drei Scharten,,2304,47.4177816,11.1484033,,,bayern-260721
1621410585,Südliche Linderspitze,,2304,47.423027,11.2904419,Q15849891,de:Linderspitzen,bayern-260721
3097576556,,,2304,47.3049788,10.3125906,,,bayern-260721
1621410656,Gerberkreuz,,2303,47.4270819,11.2870608,Q31555001,,bayern-260721
527343335,Westliche Larchetfleckspitze,,2303,47.4304267,11.3113814,,,bayern-260721
285972359,Mittlerer Schafalpenkopf,,2302,47.3066046,10.2104142,Q233690,de:Mittlerer Schafalpenkopf,bayern-260721
6690737689,Kirchlespitze,,2301,47.4155275,11.2928413,Q21879083,,bayern-260721
348139963,Obere Wettersteinspitze,,2297,47.4269594,11.1910129,Q2566053,de:Wettersteinspitzen,bayern-260721
527347953,Schönbergspitze,,2294,47.4390109,11.3313229,,,bayern-260721
11565214801,,,2291,47.305908,10.209781,,,bayern-260721
13533670357,,,2290,47.338608,10.3543707,,,bayern-260721
11565214806,Plattaberg,,2289,47.311244,10.212494,Q138390655,,bayern-260721
527347954,Südliche Großkarspitze,,2289,47.4431519,11.3307007,,,bayern-260721
912370354,Weittalkopf,,2289,47.38445,10.42495,Q124677932,,bayern-260721
1833449085,Hoher Gaif,,2288,47.4223324,11.0633797,Q31539054,,bayern-260721
319480825,Kreuzkopf,,2287,47.3846,10.41966,Q31533188,,bayern-260721
3237548037,Stadelhorn,,2286,47.5931666,12.7953337,Q472226,,bayern-260721
285971718,,,2285,47.311405,10.214009,,,bayern-260721
323709435,Kesselspitz,,2284,47.399985,10.434339,Q699763,de:Kesselspitz,bayern-260721
1078744335,Muttekopf,,2284,47.3444804,10.3796216,Q21878119,,bayern-260721
2489067962,Kleines Teufelshorn,,2283,47.4868317,13.0315637,Q21873203,,bayern-260721
281708195,Großer Daumen,,2280,47.4415982,10.3755228,Q316061,de:Großer Daumen,bayern-260721
530747893,,,2279,47.3106812,10.2939821,Q131862671,,bayern-260721
508474971,Großer Waxenstein,,2276,47.4462043,11.0232944,Q256209,,bayern-260721
6530414816,Hirschbichlkopf,,2276,47.4172061,11.140303,Q31555502,,bayern-260721
530743910,Kleiner Rappenkopf,,2276,47.28342,10.24396,Q1746667,de:Kleiner Rappenkopf,bayern-260721
1868477930,Schneibstein,,2275,47.5620726,13.0575455,Q675293,,bayern-260721
12386624976,Großer Daumen Ostgipfel,,2273,47.44237,10.38055,Q131872444,,bayern-260721
1833449059,Bergl,,2272,47.4238952,11.0052221,Q31555547,,bayern-260721
285972360,Südlicher Schafalpenkopf,,2272,47.302794,10.205396,Q520546,de:Südlicher Schafalpenkopf,bayern-260721
454899950,Fürschießer,,2271,47.3282818,10.3299038,Q830949,de:Fürschießer,bayern-260721
1059463627,4. Watzmannkind,,2270,47.5527479,12.9328971,,,bayern-260721
471168193,Glasfelderkopf,,2270,47.4029,10.43161,Q155086,de:Glasfelderkopf,bayern-260721
12250987733,Nördliche Balkenspitze,,2270,47.3875081,10.4313449,Q130532194,,bayern-260721
12445118820,,,2270,47.309267,10.2967214,Q132717984,,bayern-260721
2496261350,Wildalmriedl,,2269,47.4984659,13.0483756,Q31354296,,bayern-260721
507083764,Gjaidkopf,,2268,47.5163295,12.9109261,Q30683386,,bayern-260721
508474984,Hinterer Waxenstein,,2268,47.4439368,11.0174743,,,bayern-260721
822263083,Schneck,,2268,47.3859171,10.382386,Q831188,,bayern-260721
9588020892,Schafberg,,2264,47.32632,10.32892,Q130554145,,bayern-260721
773900448,Schönangerspitze,,2264,47.4421375,11.011646,Q31522130,,bayern-260721
531228737,Angererkopf,,2263,47.2939,10.18548,Q538072,de:Angererkopf,bayern-260721
11373913262,Fuchskarspitze Mittelgipfel,,2262,47.3945799,10.4303384,Q130532269,,bayern-260721
508489606,Südliche Riffelspitze,,2262,47.437218,11.0037847,,,bayern-260721
11646813033,,,2261,47.3033324,10.3102719,,,bayern-260721
508503692,Brunntalkopf,,2260,47.4108271,11.016792,Q31550882,,bayern-260721
259966061,Oberstdorfer Hammerspitze,,2260,47.3193423,10.2104165,Q1462806,de:Oberstdorfer Hammerspitze,bayern-260721
3673190039,Höfats Ostgipfel,,2258,47.3661458,10.350553,Q124422101,,bayern-260721
455155017,Höfats Zweiter Gipfel,,2258,47.3672021,10.3494627,Q124422131,,bayern-260721
822263104,Schneck-Vorgipfel,,2258,47.38483,10.38171,Q131442326,,bayern-260721
507116898,Griesspitze,,2257,47.5436716,12.9036638,Q31354130,,bayern-260721
4997627655,Höfats Mittelgipfel,,2257,47.3664231,10.3502597,Q124422109,,bayern-260721
11583919705,Höfats Westgipfel,,2257,47.36712,10.34845,Q124422161,,bayern-260721
2496261388,Alpelhorn,,2254,47.5365258,12.8500044,Q21873170,,bayern-260721
67233894,Soiernspitze,,2253,47.4815666,11.3571077,Q316066,de:Soiernspitze,bayern-260721
1055583497,Hocheishörndl,,2252,47.5546387,12.8316752,Q31353994,,bayern-260721
323829156,Nördliche Fuchskarspitze,,2252,47.39652,10.43043,Q130532277,,bayern-260721
319482862,Hochgehrenspitze,,2251,47.3212941,10.207004,Q21878174,,bayern-260721
510121135,Wagendrischelhorn,,2251,47.5988564,12.7917253,Q829328,,bayern-260721
14026877976,,,2248,47.325285,10.349596,,,bayern-260721
1059463596,1. Watzmannkind,,2247,47.5537381,12.9378171,,,bayern-260721
333157785,Gaishorn,,2247,47.4697891,10.4759937,Q21150411,de:Gaishorn (Allgäuer Alpen),bayern-260721
507094248,Hinterbergkopf,,2247,47.5513535,12.8528061,,,bayern-260721
11373959470,,,2247,47.38176,10.41814,,,bayern-260721
11565214786,,,2247,47.294579,10.183518,,,bayern-260721
11670108213,Madonna,,2243,47.393907,10.42987,Q131399734,,bayern-260721
508489594,Nördliche Riffelspitze,,2242,47.4388036,11.005791,Q31555745,,bayern-260721
650833056,Rauhhorn,,2241,47.4585184,10.4681893,Q830885,de:Rauhhorn,bayern-260721
527273299,Westliches Kirchl,,2241,47.4307842,11.3035822,Q111286543,de:Kirchl (Karwendel),bayern-260721
1925250467,Alpriedlhorn (Vorgipfel),,2240,47.4716016,13.0211852,,,bayern-260721
319480834,Vorderer Wilder,,2240,47.3780492,10.4114125,Q21863783,,bayern-260721
1621410586,Mittlere Linderspitze,,2239,47.4254602,11.290907,Q15849891,de:Linderspitzen,bayern-260721
954676432,Wildengundkopf,,2238,47.31284,10.29192,Q323390,de:Wildengundkopf,bayern-260721
506889891,Wildpalfen,,2236,47.4969696,13.0377259,,,bayern-260721
469159377,Westlicher Wengenkopf,,2235,47.4229311,10.3503874,Q2565482,de:Westlicher Wengenkopf,bayern-260721
2428070343,Großes Mühlsturzhorn,,2234,47.59058,12.7978323,Q17250350,,bayern-260721
3116985621,2. Watzmannkind,,2232,47.5531398,12.9353854,,,bayern-260721
323377942,Jochspitz,,2232,47.3543255,10.3835611,Q1691248,de:Jochspitz,bayern-260721
507070465,Rotwandl,,2231,47.4765399,12.9226831,Q21865281,,bayern-260721
12652921054,,,2231,47.393476,10.42974,,,bayern-260721
336770107,Gruberhorn,,2230,47.5852092,13.1047434,,,bayern-260721
506889874,Hocheck,,2230,47.4829148,12.9965197,,,bayern-260721
323607635,Hoher Ifen,,2230,47.3546808,10.100211,Q315293,de:Hoher Ifen,bayern-260721
2498398495,Jägerbrunntrog,,2230,47.4921746,13.047773,Q21868168,,bayern-260721
508489631,Riffeltorkopf,,2230,47.4350764,10.9983071,Q2152634,de:Riffeltorkopf,bayern-260721
1621651564,Zwölferkopf,,2226,47.4464989,11.02611,Q31555875,,bayern-260721
1059463633,5. Watzmannkind,,2225,47.5526978,12.9309994,,,bayern-260721
388003956,Schottmalhorn,,2225,47.4788345,12.9528488,Q1353640,de:Schottmalhorn (Steinernes Meer),bayern-260721
527273311,Östliches Kirchl,,2225,47.4303184,11.3097695,,,bayern-260721
276270971,Nebelhorn,,2224,47.4218727,10.3423461,Q696067,de:Nebelhorn (Allgäuer Alpen),bayern-260721
12644039375,,,2223,47.3867663,10.4183788,Q138865569,,bayern-260721
323581344,Großes Palfenhorn,,2222,47.5280404,12.8626634,Q19964157,de:Großes Palfelhorn,bayern-260721
12255774911,,,2221,47.469275,10.472878,,,bayern-260721
11465675582,,,2219,47.4382484,10.3768028,,,bayern-260721
12282062653,Saubuckelkopf,,2215,47.31423,10.22046,Q31555097,,bayern-260721
11465675612,,,2214,47.4222228,10.3450068,,,bayern-260721
441557888,Sechszinkenspitze,,2213,47.2965653,10.1942681,Q2263675,de:Sechszinkenspitze,bayern-260721
605016076,Gaiseck,,2212,47.4686104,10.4699514,Q31556052,,bayern-260721
323363530,Grüner Kopf,,2212,47.3541808,10.3818123,Q130525410,,bayern-260721
527273309,Mittleres Kirchl,,2211,47.4302026,11.3075093,Q111286543,de:Kirchl (Karwendel),bayern-260721
1060100551,Windschartenkopf,,2211,47.5502715,13.0446421,Q93958735,,bayern-260721
13531433414,,,2211,47.3137576,10.2200677,,,bayern-260721
1059463616,3. Watzmannkind,,2209,47.5519243,12.9339669,,,bayern-260721
5817402896,Reißende Lahnspitz,,2209,47.4802879,11.3443547,Q31526445,,bayern-260721
1490464439,Hüttenkopf,,2208,47.295291,10.192541,Q1936353,de:Mindelheimer Köpfle,bayern-260721
12386962675,Östlicher Wengenkopf,,2206,47.4262022,10.3606828,Q138858064,de:Östlicher Wengenkopf,bayern-260721
11373959475,,,2206,47.3775227,10.4014249,,,bayern-260721
11373959476,,,2205,47.37577,10.39504,,,bayern-260721
1060100569,Schlumkopf,,2204,47.547667,13.0452136,,,bayern-260721
286687475,Frauenalpl,,2202,47.4142547,11.1175579,,,bayern-260721
11465675605,,,2198,47.4242288,10.3534157,,,bayern-260721
469207188,Kleiner Daumen,,2197,47.4470862,10.3861731,Q1311878,de:Kleiner Daumen,bayern-260721
531228711,Wildengundkopf,,2197,47.2881364,10.1835715,Q31514933,,bayern-260721
11465675603,,,2197,47.4247825,10.355169,,,bayern-260721
26863047,Große Arnspitze,,2196,47.3973362,11.2223256,Q1548141,de:Große Arnspitze,bayern-260721
2980105509,Karlkopf,,2195,47.5460878,12.8221541,,,bayern-260721
1643299468,Rotkopf,,2194,47.3910978,10.3812708,Q131881063,,bayern-260721
1999392342,Rotwandlspitze,,2192,47.4066196,11.2882158,Q15273395,de:Rotwandlspitze,bayern-260721
285972361,Kemptner Kopf,,2191,47.2975067,10.1990974,Q1738567,de:Kemptner Kopf,bayern-260721
11465675598,,,2191,47.4254503,10.3595229,,,bayern-260721
13114822703,,,2191,47.4461109,10.3855562,,,bayern-260721
469169686,Graterhebung der Wengenköpfe,,2190,47.4266366,10.362153,Q307223,,bayern-260721
1643299567,Rotkopf Nordgipfel,,2188,47.3919684,10.3814938,Q131880751,,bayern-260721
324036733,Lärchwand,,2186,47.40684,10.43742,Q831149,de:Lärchwand,bayern-260721
13160041419,Kreuzspitze,,2184,47.52654,10.917987,Q279725,de:Kreuzspitze (Ammergauer Alpen),bayern-260721
1643299324,Rotkopf Südgipfel,,2182,47.3897992,10.3813838,Q131881255,,bayern-260721
11465675600,,,2182,47.4246691,10.3579259,,,bayern-260721
380989890,Brunnsteinspitze,,2180,47.4056113,11.2872676,Q2169131,,bayern-260721
844986604,Laufbacher Eck,,2178,47.3935621,10.380816,Q832044,de:Laufbacher Eck,bayern-260721
535311211,Alpgundkopf,,2177,47.32221,10.23758,Q1361612,de:Alpgundkopf,bayern-260721
11287088673,,,2176,47.4446673,10.3837599,,,bayern-260721
912352427,Balken,,2175,47.3888446,10.4299087,Q130532150,,bayern-260721
2418167369,Soiernschneid,,2174,47.4816121,11.3424194,Q31556117,,bayern-260721
2496261339,Vorderer Kragenkopf,,2173,47.5205018,13.0460503,,,bayern-260721
11642248314,Gratkopf,,2172,47.4360334,10.3730985,Q124617402,,bayern-260721
1059571690,Reinersberg,,2171,47.5570403,13.048298,Q31359087,,bayern-260721
659580880,Arnplattenspitze (Hintere Arnspitze),,2170,47.3927699,11.2092105,Q110082611,,bayern-260721
259965405,Walser Hammerspitze,,2170,47.3264552,10.1995502,Q1741866,de:Walser Hammerspitze,bayern-260721
11465627796,,,2166,47.4220056,10.3365379,,,bayern-260721
12612920655,,,2165,47.3230616,10.2386898,Q138029482,,bayern-260721
507017748,Fagstein,,2164,47.5488385,13.0309162,Q21032716,,bayern-260721
535311216,Grießgundkopf,,2164,47.3236012,10.2395502,Q1546508,de:Griesgundkopf,bayern-260721
658981816,Wiedemerkopf,,2163,47.39012,10.41699,Q2568292,de:Wiedemerkopf,bayern-260721
916211213,,,2162,47.4322986,10.3679338,Q138857960,,bayern-260721
388003958,Viehkogel,,2158,47.4882425,12.932659,Q2523163,,bayern-260721
11465675588,,,2154,47.4344621,10.369728,Q132717802,,bayern-260721
507105613,Schärtenspitze,,2153,47.5822,12.8746816,,de:Hochkalter#Schärtenspitze,bayern-260721
822263093,Himmeleck,,2152,47.3824903,10.3839399,Q1602221,,bayern-260721
885654504,Karlespitze,,2152,47.3528832,10.390418,Q130531069,,bayern-260721
6530414818,Untere Wettersteinspitze,,2151,47.4280299,11.1991612,Q2566053,de:Wettersteinspitzen,bayern-260721
2441923393,Höllentorkopf,,2150,47.4381128,11.047341,Q1273885,,bayern-260721
1391464505,Bramasofenkopf,,2147,47.5051969,13.041245,,,bayern-260721
672610027,Stang,,2146,47.4819098,12.9258177,,,bayern-260721
11670118304,,,2146,47.387658,10.435153,,,bayern-260721
256041838,Nördliches Höllhorn,,2145,47.35946,10.38698,Q1647431,de:Nördliches Höllhorn,bayern-260721
256041847,Südliches Höllhorn,,2145,47.35827,10.38663,Q1323890,de:Südliches Höllhorn,bayern-260721
286790301,Bernadeinkopf,,2144,47.4310847,11.0603371,Q822140,,bayern-260721
280575376,Geierköpfe-Westgipfel,,2143,47.5161748,10.8659693,Q871973,de:Geierköpfe,bayern-260721
2498398506,Hinterer Kragenkopf,,2142,47.514975,13.0467267,,,bayern-260721
509314452,Vorderes Freieck,,2142,47.5866702,13.1096733,Q21863785,,bayern-260721
2428070344,Kleines Mühlsturzhorn,,2141,47.5913873,12.8015976,Q21693450,,bayern-260721
533867162,,,2141,47.383598,10.449693,Q133266115,,bayern-260721
535311207,Rossgundkopf,,2139,47.31946,10.23356,Q2171348,de:Roßgundkopf,bayern-260721
1060286350,Schloßkopf,,2139,47.4812326,13.0243806,Q21873251,,bayern-260721
508474978,Kleiner Waxenstein,,2136,47.446679,11.0301167,,,bayern-260721
4535810732,Leopoldshörnle,,2136,47.280564,10.139017,Q130595110,,bayern-260721
650865315,Kälbelespitze,,2135,47.4316,10.47539,Q1795309,de:Kälbelesspitze,bayern-260721
12097971761,Unterer Schüsselkarturm,,2135,47.4001811,11.1109756,,,bayern-260721
11465675594,,,2134,47.4293292,10.3641422,Q132717803,,bayern-260721
12368159476,Auf dem Hohen Bichel,,2131,47.43878,10.38011,Q135920426,,bayern-260721
527273302,Kreuzwand,,2130,47.4369645,11.3011712,Q31555715,,bayern-260721
12279635437,,,2130,47.3143669,10.2245409,,,bayern-260721
12532384579,,,2130,47.431483,10.473853,,,bayern-260721
323333182,Kastenkopf,,2129,47.4318938,10.4715051,Q323852,de:Kastenkopf,bayern-260721
650833055,Kugelhorn,,2126,47.448525,10.4702482,Q831165,de:Kugelhorn,bayern-260721
520393437,Lachenspitze,,2126,47.4400967,10.5176141,Q1799693,de:Lachenspitze,bayern-260721
1175453045,Lahnerkopf,,2121,47.4291531,10.4628248,Q323562,de:Lahnerkopf (Allgäuer Alpen),bayern-260721
1184709612,,,2119,47.3959029,10.3851082,Q133048350,,bayern-260721
1438268981,,,2115,47.4401281,11.347891,,,bayern-260721
476459617,Hirschwiese,,2114,47.5295856,12.916452,Q31354018,,bayern-260721
11483815963,Himmelhorn,,2111,47.381963,10.3761505,Q831806,de:Himmelhorn,bayern-260721
912260300,Lachenkopf,,2111,47.39483,10.37171,Q323648,,bayern-260721
841832445,Seebichel,,2111,47.2879221,10.2524866,Q130486776,,bayern-260721
2419126850,Krapfenkarspitze,,2110,47.4935477,11.3690903,Q15057166,,bayern-260721
510122408,Rosentalhörnl,,2110,47.4716921,13.003751,Q31353035,,bayern-260721
4256065941,Schossenkopf,,2107,47.5176763,13.0353451,Q31324123,,bayern-260721
510121157,Unterer Plattelkopf,,2106,47.6023921,12.7970507,Q21864853,,bayern-260721
1060100571,Hochseeleinkopf,,2105,47.5420512,13.0367908,Q21873196,,bayern-260721
11646574663,Alpkopf,,2102,47.3196564,10.2410107,Q2651319,de:Alpkopf (Allgäu),bayern-260721
1621410767,Schafreuter,,2102,47.509013,11.4876,Q315887,de:Schafreuter,bayern-260721
663430863,Schneibstein-Ostgipfel,,2101,47.5549007,13.0770486,,,bayern-260721
1640199607,Schochen,,2100,47.3941679,10.3605812,Q597225,de:Schochen,bayern-260721
510121159,Oberer Plattelkopf,,2098,47.6054624,12.8028361,Q93701942,,bayern-260721
913843564,Sattelkopf,,2097,47.41355,10.43845,Q323584,de:Sattelkopf (Allgäuer Alpen),bayern-260721
2428071183,Großes Grundübelhorn,,2096,47.5925701,12.8060459,,,bayern-260721
912260256,Kleiner Seekopf,,2096,47.40143,10.35639,Q1635279,de:Kleiner Seekopf,bayern-260721
1055583501,Eislhörndl,,2095,47.5583201,12.8357131,,,bayern-260721
507083769,Graskopf,,2094,47.5200228,12.9069035,Q31354141,,bayern-260721
5732788043,,,2093,47.3126361,10.2276888,Q138028807,,bayern-260721
659580881,Mittlere Arnspitze,,2091,47.3941425,11.2156422,,,bayern-260721
319469354,Kreuzspitzl,,2089,47.5176952,10.918179,Q21876566,,bayern-260721
8462457549,Auf dem Falken,,2088,47.445047,10.3909421,Q130483332,,bayern-260721
913851925,Salober,,2088,47.39785,10.38808,Q572923,,bayern-260721
12262824003,,,2087,47.3293958,10.3217054,Q31567300,,bayern-260721
26863440,Krottenkopf,,2086,47.5443752,11.1914281,Q565442,,bayern-260721
912260273,Großer Seekopf,,2085,47.40582,10.35473,Q1548996,de:Großer Seekopf,bayern-260721
2428276691,Kleines Grundübelhorn,,2084,47.5937287,12.8082407,,,bayern-260721
838451546,Sulzspitze,,2084,47.4622418,10.5365145,Q2365132,de:Sulzspitze (Allgäuer Alpen),bayern-260721
510122409,,,2084,47.4832578,13.0117079,,,bayern-260721
1055583505,Vorderberghörndl,,2083,47.558802,12.8284226,,,bayern-260721
441895641,Hahnenköpfle,,2082,47.3579122,10.102265,Q130569470,,bayern-260721
26863184,Hochplatte,,2082,47.5522729,10.8420527,Q316418,de:Ammergauer Hochplatte,bayern-260721
510121161,Prünzlkopf,,2081,47.6111774,12.81527,Q21864963,,bayern-260721
11581413903,,,2081,47.3575656,10.1016844,,,bayern-260721
336770752,Hölltalkogel,,2077,47.5218843,13.1217189,,,bayern-260721
1055591281,Prunnerkopf,,2076,47.5330326,12.8467205,,,bayern-260721
507037980,Lafeldkopf,,2074,47.5345871,13.0237221,,,bayern-260721
11465675625,,,2074,47.420955,10.3348527,,,bayern-260721
1060100549,Hochsäul,,2073,47.514663,13.0275981,Q31353952,,bayern-260721
530774119,Kleine Höfats,,2073,47.36807,10.35452,Q1746457,de:Kleine Höfats,bayern-260721
1055599840,Kleines Palfenhorn,,2073,47.5323307,12.8706562,Q19964160,de:Kleines Palfenhorn,bayern-260721
530743913,,,2073,47.2981718,10.2665222,Q138849311,,bayern-260721
12332290584,,,2072,47.32612,10.34391,,,bayern-260721
515678324,Feldernkopf,,2071,47.4831655,11.3362025,Q31547165,,bayern-260721
323486209,Knappenkopf,,2071,47.4430829,10.4731457,Q1776882,de:Knappenkopf,bayern-260721
913843561,Schänzlekopf,,2070,47.4181469,10.4534522,Q323357,de:Schänzlekopf,bayern-260721
288069696,Schochenspitze,,2069,47.4522897,10.5240349,Q2248434,de:Schochenspitze,bayern-260721
411802510,Litnisschrofen,,2068,47.4666309,10.5633024,Q1414331,de:Litnisschrofen,bayern-260721
826084249,Steinkarspitze,,2067,47.43852,10.5045699,Q2341043,de:Steinkarspitze (Allgäuer Alpen),bayern-260721
507448708,Hachelkopf,,2066,47.5308097,12.9341041,,,bayern-260721
535318252,Rossgundturm,,2066,47.316735,10.2361038,Q130621664,,bayern-260721
1055591267,Sigeretkopf,,2066,47.5297542,12.8532162,Q21873239,,bayern-260721
12592952992,,,2066,47.359875,10.097628,Q132452576,,bayern-260721
1055547086,Schärtenwandkopf,,2065,47.5841081,12.8613061,,,bayern-260721
1055352011,Steinberg,,2065,47.585734,12.8776064,,,bayern-260721
11286976246,,,2065,47.434599,10.475011,,,bayern-260721
912152794,Gundkopf,,2062,47.4193483,10.3329842,Q831155,de:Gundkopf,bayern-260721
259406948,Osterfelderkopf,,2060,47.4385328,11.0498311,Q18560512,,bayern-260721
510121160,Reiter Steinberg,,2060,47.6102587,12.8074181,,,bayern-260721
480760326,Kanzelwand,,2058,47.3347816,10.2077026,Q872350,de:Kanzelwand,bayern-260721
4270248273,Grauer Kopf,,2054,47.5173821,13.0289044,,,bayern-260721
527273304,Viererspitze,,2054,47.437945,11.293681,Q15061381,,bayern-260721
4939234476,,,2054,47.3433273,10.3462403,,,bayern-260721
277722457,Frieder,,2053,47.5217533,10.9595715,,,bayern-260721
3678383616,Kirchl,,2053,47.4474242,10.3934104,Q131316674,,bayern-260721
277727364,Schellschlicht,,2052,47.5092999,10.9163331,Q2233117,,bayern-260721
11286976214,Schänzlespitz,,2052,47.4232331,10.4563733,Q323571,de:Schänzlespitz,bayern-260721
10087933719,,,2052,47.5095729,10.9161796,,,bayern-260721
11466407365,,,2051,47.3090852,10.3368795,,,bayern-260721
530732040,Hundskopf,,2050,47.26839,10.212642,Q130486604,,bayern-260721
3403866805,Ledererkopf,,2050,47.485745,12.9610979,,,bayern-260721
284141671,Schöttelkarspitze,,2050,47.4940798,11.3298011,Q139309,de:Schöttelkarspitze,bayern-260721
277722495,Friederspitz,,2049,47.5171414,10.9588323,Q315901,,bayern-260721
449389006,Oberer Rißkopf,,2049,47.5488775,11.1852668,Q21996583,de:Oberer Rißkopf,bayern-260721
531193683,,,2049,47.33231,10.2074,Q138031156,,bayern-260721
5034081693,Feldernkreuz,,2048,47.491995,11.3287726,Q15056103,,bayern-260721
495075191,Säuling,,2048,47.5349891,10.7552771,Q573703,de:Säuling,bayern-260721
295731699,,,2048,47.3098962,10.3377599,,,bayern-260721
3727777415,Pflughörndl,,2047,47.596405,13.0527859,,,bayern-260721
2526645267,Kareck,,2046,47.54834,11.1798299,Q31536162,,bayern-260721
324258250,Ponten,,2045,47.4857363,10.4513779,Q323905,de:Ponten (Berg),bayern-260721
387482195,Schottmalhorn,,2045,47.6132271,12.8298043,Q828128,,bayern-260721
414071751,Entschenkopf,,2043,47.4365673,10.3313126,Q831204,de:Entschenkopf,bayern-260721
8462457547,Laufbichelkirche,,2042,47.43336,10.38439,Q131362662,,bayern-260721
7196864971,Kühleitenschneid,,2041,47.5229432,12.8740264,,,bayern-260721
12592952990,,,2041,47.360784,10.09723,,,bayern-260721
11564844001,Ponten Nebengipfel,,2040,47.4860082,10.4518248,Q131470639,,bayern-260721
4534546502,Seekopf,,2039,47.278513,10.119528,Q130592823,,bayern-260721
522603024,Säuling,,2039,47.5349837,10.7538283,Q573703,en:Säuling,bayern-260721
1136559130,Fellhorn,,2037,47.35059,10.21756,Q554414,de:Fellhorn (Allgäuer Alpen),bayern-260721
12423085152,,,2035,47.2808885,10.1814553,,,bayern-260721
469207035,Rotspitz,,2034,47.4595011,10.369341,Q830784,de:Rotspitz (Allgäuer Alpen),bayern-260721
449491364,Bischof,,2033,47.5404528,11.1757851,Q866104,,bayern-260721
912758344,Obere Gottesackerwände,,2033,47.37617,10.11713,Q136039925,,bayern-260721
11570619868,,,2033,47.352511,10.397594,,,bayern-260721
11466455839,,,2032,47.43306,10.46286,,,bayern-260721
2875158437,Gamskarköpfl,,2031,47.5089561,12.9205349,,,bayern-260721
510121162,Hohes Gerstfeld,,2031,47.6120942,12.8245353,,,bayern-260721
913863374,Laufbichelkirche Südgipfel,,2029,47.43185,10.38557,Q131362624,,bayern-260721
913800779,Pfannenhölzer,,2029,47.44727,10.39847,Q130483357,,bayern-260721
12401676183,Sonnenberg,,2029,47.37615,10.1262,Q124653610,,bayern-260721
11373959481,,,2029,47.378056,10.3852797,,,bayern-260721
14024665705,,,2029,47.3538885,10.3605553,,,bayern-260721
280329639,Kuchelbergkopf,,2026,47.5349169,10.9254312,Q31532992,de:Kuchelbergkopf,bayern-260721
2989185125,Steinberg,,2026,47.5873106,12.8762366,,,bayern-260721
913824478,Älpelekopf,,2024,47.439,10.4549,Q254791,de:Älpelekopf,bayern-260721
912260217,,,2023,47.41602,10.3513,,,bayern-260721
11577144878,,,2023,47.277664,10.173189,Q132798748,,bayern-260721
530774103,Gieseler Wand,,2021,47.3729576,10.3418405,Q138034997,,bayern-260721
6152393364,Sattelköpfle,,2021,47.4134901,10.4349889,Q130532433,,bayern-260721
280328857,Kuchelbergspitze,,2020,47.5414219,10.9425313,,,bayern-260721
530774101,,,2017,47.37005,10.34466,Q138034977,,bayern-260721
5793904554,Toreck,,2016,47.37649,10.12894,Q8532420,en:Toreck,bayern-260721
2428071182,Knittelhorn,,2015,47.5952828,12.8098121,,,bayern-260721
3116985622,Lablkopf,,2015,47.5542784,12.9433972,,,bayern-260721
527360288,Östliche Steinkarspitze,,2015,47.4546499,11.4131303,Q21873241,de:Steinkarspitze (Karwendel),bayern-260721
3112764094,Oberreintalturm,,2014,47.4028245,11.104952,,,bayern-260721
11465627813,,,2014,47.4355581,10.3305883,,,bayern-260721
12633674310,,,2014,47.3941728,10.3655591,,,bayern-260721
913845485,Kirchendach,,2013,47.4360105,10.4739205,Q21877991,,bayern-260721
11564887450,,,2013,47.435419,10.50243,,,bayern-260721
4687406836,Kopf des Hunds,,2012,47.5737113,12.8755931,,,bayern-260721
1643304152,,,2011,47.4019374,10.3898753,,,bayern-260721
11577135366,,,2011,47.277444,10.146832,Q138028715,,bayern-260721
2076476475,Gumpenkarspitze,,2010,47.4920061,11.3610059,Q15111956,,bayern-260721
440062076,Krähe,,2010,47.5527964,10.8252366,Q15117767,,bayern-260721
533869099,Kanzberg,,2009,47.353014,10.408591,Q21868272,,bayern-260721
913868690,Heubatspitze,,2008,47.4589308,10.3810226,Q8553229,de:Heubatspitze,bayern-260721
1161136429,Krottenkopf Ostgipfel,,2008,47.5445909,11.1992896,,,bayern-260721
913851954,Bergächtle,,2007,47.40753,10.39445,Q323383,,bayern-260721
12276873913,,,2005,47.4138914,10.3503549,,,bayern-260721
6619156558,Predigtstuhl,,2004,47.6049327,12.8099509,,,bayern-260721
12644016549,,,2004,47.352163,10.400598,,,bayern-260721
4997627646,Falkenberg,,2003,47.36145,10.35144,Q130525275,,bayern-260721
12663251337,,,2003,47.4386667,10.5121667,,,bayern-260721
531242760,Haldenwanger Kopf,,2002,47.27507,10.17348,Q1570783,de:Haldenwanger Kopf,bayern-260721
11564887467,,,2001,47.433042,10.480194,,,bayern-260721
3743153796,B'schießer,B'schießer,2000,47.4878171,10.4405896,Q323910,de:Bschießer,bayern-260721
308678754,Brentenjoch,,2000,47.5323084,10.5822668,Q909920,de:Brentenjoch,bayern-260721
1816182640,Kalbleggspitze,,2000,47.4318615,10.4858804,Q21877994,,bayern-260721
469209521,Krinnenspitze,,2000,47.4742782,10.5853592,Q1789029,de:Krinnenspitze,bayern-260721
12097971759,Unterer Berggeistturm,,2000,47.4058027,11.1117622,,,bayern-260721
11465627795,,,2000,47.4336118,10.3302779,,,bayern-260721
12340586108,,,1999,47.354373,10.413801,,,bayern-260721
912211307,,,1997,47.41279,10.35034,,,bayern-260721
912260239,Zeiger,,1995,47.4101,10.35076,Q184828,de:Zeiger (Allgäuer Alpen),bayern-260721
1149543557,,,1995,47.4579186,10.3722284,,,bayern-260721
504593577,Großer Hirsch,,1993,47.497925,12.9203181,,,bayern-260721
953954978,Spätengundkopf,,1993,47.31859,10.28911,Q21000029,de:Spätengundkopf,bayern-260721
11286976249,Kirchendach,,1991,47.437705,10.473399,Q130544187,,bayern-260721
1431131387,Oberes Lichteck,,1990,47.514604,11.4916485,Q31529172,de:Oberes Lichteck,bayern-260721
606952975,Rohnenspitze,,1990,47.4881987,10.4678439,Q2162246,de:Rohnenspitze,bayern-260721
530774096,,,1990,47.37232,10.33776,,,bayern-260721
915528959,Gabelschrofen,,1989,47.5537209,10.8218641,Q15111131,,bayern-260721
913800767,Hengst,,1989,47.4402008,10.3992815,Q31555795,,bayern-260721
296426647,Hochblasse,,1989,47.5464516,10.8379725,Q31540103,,bayern-260721
1646863523,Zirbelkopf,,1989,47.4322489,11.1774598,Q21557739,,bayern-260721
12282483618,,,1989,47.32365,10.21257,,,bayern-260721
12588244663,,,1989,47.3760502,10.120061,,,bayern-260721
308257016,Aggenstein,,1986,47.5372478,10.5576442,Q131535119,,bayern-260721
12613510263,,,1986,47.4480522,10.4023806,,,bayern-260721
26863431,Kramerspitz,,1985,47.5068832,11.0472646,Q885415,de:Kramerspitz,bayern-260721
527873895,,,1983,47.496498,11.375401,,,bayern-260721
305785576,Geißfuß,,1981,47.4178007,10.3266337,Q1499122,de:Geißfuß (Allgäuer Alpen),bayern-260721
527352547,Steinkarkopf,,1981,47.4585741,11.332227,Q31514418,,bayern-260721
11564887373,,,1981,47.449737,10.524797,,,bayern-260721
297296330,Großer Weitschartenkopf,,1979,47.632006,12.7863059,Q1549078,,bayern-260721
535311214,Schartenkopf,,1977,47.32878,10.24176,Q31555146,,bayern-260721
1621410667,Predigtstuhl,,1975,47.4402752,11.3136586,,,bayern-260721
3210003824,,,1974,47.45778,10.37484,,,bayern-260721
3569841905,Aggenstein Südlicher Vorgipfel,,1973,47.536651,10.557193,Q131535149,,bayern-260721
13306536324,Aschenköpfe,,1973,47.4361931,11.056474,,,bayern-260721
11565174217,,,1973,47.357395,10.222683,Q138031319,,bayern-260721
21634385,Berchtesgadener Hochthron,,1972,47.6935146,12.986619,Q317811,de:Berchtesgadener Hochthron,bayern-260721
537117100,Muskopf,,1968,47.2908637,10.2452388,Q1767031,de:Muskopf,bayern-260721
308455725,Schartschrofen,,1968,47.5030822,10.6024798,Q2231518,de:Schartschrofen,bayern-260721
912408377,Schlappoltkopf,,1968,47.35851,10.22409,Q2238453,de:Schlappoltkopf,bayern-260721
4841874404,Pflaumpalven,,1966,47.4958405,12.9693251,,,bayern-260721
4526584045,Hüttenkopf,,1964,47.27751,10.18033,Q124654048,,bayern-260721
11466110396,,,1963,47.43837,10.40379,,,bayern-260721
12307786151,,,1963,47.53363,10.586261,Q133294456,,bayern-260721
2076441439,Dreierspitz,,1962,47.4969782,11.3814163,,,bayern-260721
3846962848,Rossbühel,,1962,47.6117273,12.7959516,,,bayern-260721
13321949460,Teufelsgsaß,,1962,47.4166455,11.1124936,,,bayern-260721
482340809,Seinskopf,,1961,47.4918153,11.3176634,Q31521058,,bayern-260721
323621225,Sonntagshorn,,1961,47.6822111,12.6958024,Q454128,de:Sonntagshorn,bayern-260721
8462457548,Spicherer Kopf,,1961,47.4486551,10.4031527,Q2309723,,bayern-260721
1427096021,Brenneteck,,1960,47.5526128,13.0623586,,,bayern-260721
12565677837,Rotwand,,1960,47.340851,10.201394,Q138389940,,bayern-260721
4939233883,Kegelkopf,,1959,47.3554409,10.3266834,Q1502198,de:Kegelkopf,bayern-260721
912769414,Rosskopf,,1958,47.3800155,10.1027563,Q31525111,,bayern-260721
277727578,Brandjoch,,1957,47.5054845,10.9093329,Q31551648,,bayern-260721
915126136,Gilmenkopf,,1957,47.501387,10.603732,Q130882447,,bayern-260721
11465675659,Rubihorn,,1957,47.42408,10.31536,Q317003,de:Rubihorn,bayern-260721
4224427657,Schachentorkopf,,1957,47.4238353,11.126893,Q31523833,,bayern-260721
12574556827,,,1957,47.500814,10.604763,,,bayern-260721
411802420,Läuferspitze,,1956,47.5099448,10.5974588,Q1879309,de:Läuferspitze,bayern-260721
530747899,Hinterer Wildgundkopf,,1955,47.3396336,10.2873693,Q1619692,de:Hinterer Wildgundkopf,bayern-260721
13061377516,,,1954,47.4419405,10.3944504,,,bayern-260721
297347875,Edelweißlahnerkopf,,1953,47.6186277,12.8369017,Q1283468,,bayern-260721
912161031,Gaisalphorn,,1953,47.4193652,10.318142,Q1255455,de:Gaisalphorn,bayern-260721
277716192,Kienjoch,,1953,47.5408874,10.9987127,Q1741028,,bayern-260721
530747898,Schmalhorn,,1953,47.33403,10.28735,Q2245691,de:Schmalhorn,bayern-260721
14008700984,Krummenstein,,1952,47.3313704,10.3196616,Q140615627,,bayern-260721
4702076817,Palfenkopf,,1950,47.5300877,12.8677048,,,bayern-260721
11564887455,,,1950,47.434473,10.496281,,,bayern-260721
913851937,Giebel,,1949,47.41286,10.39897,Q601822,de:Giebel (Allgäuer Alpen),bayern-260721
11565214840,Gundkopf,,1949,47.3374573,10.2015443,Q21878129,,bayern-260721
530774131,Hüttenkopf,,1949,47.37407,10.33414,Q475710,de:Hüttenkopf (Höfatsgruppe),bayern-260721
12307739739,,,1949,47.537305,10.558872,,,bayern-260721
11465675634,,,1948,47.4181507,10.328974,,,bayern-260721
915627874,Kleine Schlicke,,1947,47.5158757,10.6183091,Q131542834,,bayern-260721
3210003938,Breitenberg Südgipfel,,1946,47.4659653,10.38282,Q124424887,,bayern-260721
913888809,Zerrerköpfle,,1946,47.4771083,10.4679585,Q130544537,,bayern-260721
988143949,Rossberg,,1945,47.5349008,10.5898574,Q21876586,,bayern-260721
12592952994,,,1945,47.364866,10.089555,,,bayern-260721
277716081,Kieneckspitz,,1943,47.5450126,11.003884,,,bayern-260721
2622346288,Hahnenkopf,,1942,47.5121553,10.6068199,Q21876661,,bayern-260721
2473199330,Rubihorn Nebengipfel,,1942,47.4247206,10.3144356,,,bayern-260721
1142174825,Östlicher Hüttenkopf,,1942,47.4081036,10.343803,Q130483506,,bayern-260721
519688895,Hoher Fricken,,1940,47.5313452,11.1531653,Q315767,de:Hoher Fricken,bayern-260721
507017751,Rothspielscheibe,,1940,47.5569375,13.0329717,,,bayern-260721
715720549,Schindlerskopf,,1940,47.5546469,11.1914625,Q21996585,de:Schindlerskopf,bayern-260721
1173360001,Strindenschartenkopf,,1940,47.460598,10.546909,Q130538017,,bayern-260721
1371133940,Söllerkopf Hauptgipfel,,1940,47.361865,10.2328171,Q31520480,,bayern-260721
4459679614,Gehrner Berg,,1937,47.2711872,10.1807784,Q1498576,de:Gehrner Berg,bayern-260721
268765217,Hirschbichel,,1935,47.5142384,11.0120559,Q15056679,,bayern-260721
530747900,Vorderer Wildgundkopf,,1935,47.34638,10.28469,Q263182,de:Vorderer Wildgundkopf,bayern-260721
4939233886,Westlicher Kegelkopf,,1935,47.3560346,10.3238657,Q133243785,,bayern-260721
11478463534,,,1935,47.45265,10.38219,,,bayern-260721
277716823,Geißsprüngkopf,,1934,47.5390947,11.0001696,Q31556464,,bayern-260721
915599153,Haller Schrofen,,1934,47.5079142,10.5989194,Q130876162,,bayern-260721
1055583506,Kleineishörnl,,1934,47.5515606,12.822208,Q31345629,,bayern-260721
517181845,Hoher Straußberg,,1933,47.5437021,10.7940684,Q1566749,,bayern-260721
11564887377,,,1933,47.447183,10.523428,,,bayern-260721
11570643869,,,1933,47.3805109,10.1005064,,,bayern-260721
13114822728,,,1933,47.4283232,10.331385,,,bayern-260721
12307735376,Aggenstein Ostgipfel,,1932,47.536275,10.561455,Q131535071,,bayern-260721
11478463536,,,1932,47.45418,10.38139,,,bayern-260721
12277071185,Haldenwanger Eck,,1931,47.2716791,10.1740514,Q130603811,de:Haldenwanger Eck,bayern-260721
6212632160,Falzkopf,,1930,47.5713472,12.933967,Q31354214,,bayern-260721
504792548,Glunkerer,,1930,47.4974871,12.9466795,Q31354154,,bayern-260721
2408721973,Kleiner Weitschartenkopf,,1930,47.6366053,12.7901473,Q31534215,,bayern-260721
246236550,Torkopf,,1930,47.37927,10.12948,Q1295612,de:Torkopf (Allgäuer Alpen),bayern-260721
310543888,Westlicher Hüttenkopf,,1930,47.4069603,10.3418146,Q130483547,,bayern-260721
13598462446,,,1930,47.4088771,10.3465707,,,bayern-260721
2423273148,Scheinbergspitz,,1929,47.554666,10.8874814,Q2232749,de:Scheinbergspitz,bayern-260721
277716329,Vorderer Felderkopf,,1928,47.5302443,11.0290377,Q2533726,,bayern-260721
715720509,Archtalkopf,,1927,47.5577189,11.1944546,Q31553448,,bayern-260721
277722728,Scharfeck,,1926,47.5088366,10.9598599,Q31523614,,bayern-260721
12312368367,,,1926,47.53659,10.55962,,,bayern-260721
4307295638,Ameisknockenkogel,,1925,47.5857223,12.7856485,,,bayern-260721
324153428,Söllerkopf Nebengipfel,,1925,47.36339,10.22898,Q130635772,,bayern-260721
1621410556,Brunnsteinkopf,,1924,47.4000583,11.2845752,,,bayern-260721
280847754,Große Klammspitz,,1924,47.5806072,10.9093563,Q31557102,,bayern-260721
7678135852,Stuibenkopf,,1924,47.4244009,11.0791488,Q31555595,,bayern-260721
6731475484,Alpelköpfe,,1923,47.5950991,13.0456614,Q31354325,,bayern-260721
1621410920,Demeljoch,,1923,47.5460842,11.5864439,Q684757,de:Demeljoch,bayern-260721
11465675643,,,1923,47.4194474,10.3233423,,,bayern-260721
912769408,Hirscheck,,1922,47.3804807,10.0982933,Q21878063,,bayern-260721
268949227,Hohe Kisten,,1922,47.5611009,11.2079696,Q316328,,bayern-260721
527354044,Kampenleitenspitze,,1921,47.4546686,11.3494004,,,bayern-260721
1800905693,Seeköpfle,,1920,47.4010037,10.3323434,Q1022377,de:Seeköpfle,bayern-260721
8537285112,Mauerschartenkopf,,1919,47.4236233,11.0795242,,,bayern-260721
915528963,Gumpenkarspitze,,1918,47.5571038,10.8264154,Q31556661,,bayern-260721
13587000439,Zweispitz,,1917,47.3459,10.213006,Q138389402,,bayern-260721
11465675656,,,1916,47.4225771,10.3150088,,,bayern-260721
12416954269,,,1916,47.40471,10.42591,,,bayern-260721
323867529,Grüner,,1914,47.2752136,10.207702,Q31555033,,bayern-260721
11472995409,,,1914,47.4846692,10.4425692,,,bayern-260721
11472995410,,,1914,47.483976,10.444731,,,bayern-260721
12351642427,,,1912,47.33097,10.28774,,,bayern-260721
1124209484,Auf dem Falken,,1911,47.44563,10.37036,Q131312665,,bayern-260721
4256065428,Hanauerlabl,,1910,47.5064567,13.0253735,,,bayern-260721
5930135814,Längenfelderkopf,,1910,47.4421328,11.0570808,Q98011875,,bayern-260721
530758016,Mädelekopf,,1910,47.3161611,10.3125611,Q1957193,de:Mädelekopf,bayern-260721
296426650,Kreuzkopf,,1909,47.520012,10.812711,Q1788373,de:Kreuzkopf (Ammergauer Alpen),bayern-260721
1621410918,Stierjoch,,1909,47.5109269,11.5186693,Q2348522,en:Stierjoch,bayern-260721
2896177129,Bayerkarspitze,,1908,47.5024603,11.3861963,,,bayern-260721
4307295636,Gernhorn,,1908,47.5792082,12.7793158,Q21871007,,bayern-260721
7678135853,Stuibenspitze,,1908,47.4258526,11.0793022,,,bayern-260721
486091669,Kühgundkopf,Kühgundkopf,1907,47.5037611,10.4313047,Q830767,de:Kühgundkopf,bayern-260721
527873884,Schöttelkopf,,1907,47.5020423,11.3351982,Q31521836,,bayern-260721
2909295599,Vorderlahner Kopf,,1907,47.6826325,12.6837611,Q104175128,,bayern-260721
913824467,Falken,,1905,47.4437,10.45187,Q27638258,de:Falken (Lahnerkopf),bayern-260721
296426649,Hirschfäng,Alpeleskopf,1905,47.5262788,10.8127461,Q2013679,de:Ochsenälpeleskopf,bayern-260721
4997620387,Höfatsmannl,,1901,47.3689983,10.3424275,Q130525174,,bayern-260721
1175205815,Schnurschrofen,,1900,47.4812592,10.4833838,Q21877947,,bayern-260721
913888804,Gerenkopf,,1898,47.4651224,10.4557946,Q31556004,,bayern-260721
8582538063,Schwarzenköpfel,,1897,47.5283474,10.9081042,Q31557654,de:Schwarzenköpfel,bayern-260721
277715525,Großer Zunderkopf,,1895,47.5337684,11.0327994,Q31556431,,bayern-260721
482340921,Signalkopf,,1895,47.489442,11.3110956,,,bayern-260721
403753878,Breitenberg,,1893,47.4699663,10.3825815,Q131361699,,bayern-260721
11465687365,,,1893,47.5053312,10.4332844,,,bayern-260721
12244415002,Mutzenkopf,,1892,47.28116,10.23306,Q31555049,,bayern-260721
530747896,,,1890,47.32327,10.2875,,,bayern-260721
773900398,Manndl,,1889,47.4496343,11.0341019,Q31555907,,bayern-260721
277715389,Notkarspitze,,1888,47.5534409,11.0550673,Q880033,,bayern-260721
5163337269,Hochalpkopf,,1886,47.6995525,12.9876208,,,bayern-260721
26864487,Rotwand,,1884,47.6502104,11.9344203,Q458097,de:Rotwand (Bayern),bayern-260721
11472995415,,,1884,47.4825683,10.4584425,,,bayern-260721
260813828,Hochmiesing,,1883,47.6578441,11.9414061,Q15056698,,bayern-260721
2909295598,Reifelberg,,1883,47.6822892,12.6777752,Q31526534,,bayern-260721
507070467,Simetsberg,,1883,47.5117799,12.9449418,Q31317415,,bayern-260721
751573285,Geiselstein,,1882,47.5615677,10.8297368,Q870308,de:Geiselstein,bayern-260721
2909295483,Hirscheck,,1882,47.6812709,12.6856065,,,bayern-260721
280847708,Kleine Klammspitz,,1882,47.5824191,10.9106168,Q31557150,,bayern-260721
517227749,Branderschrofen,,1881,47.5593486,10.7869836,,,bayern-260721
2272725401,Kehlstein,,1881,47.609693,13.0459547,Q2511014,de:Kehlstein,bayern-260721
1429977856,Stuhlgrabenkogel,,1881,47.4868878,12.951933,,,bayern-260721
1417282115,,,1880,47.4591838,11.3266486,,,bayern-260721
11663559575,,,1879,47.4147177,10.4465067,,,bayern-260721
2876163900,Hanauerlaubköpfl,,1878,47.5089185,13.0240531,,,bayern-260721
4526589842,Auf dem Falken,,1877,47.27978,10.22807,Q130486673,,bayern-260721
522603020,Niederer Straußberg,,1877,47.5486341,10.8151301,,,bayern-260721
292566675,Iseler,,1876,47.4995776,10.4208661,Q187371,,bayern-260721
21634651,Jenner,Jenner,1874,47.5756849,13.0203822,Q315611,de:Jenner (Berg),bayern-260721
481694453,Feldkogel,,1872,47.4952577,12.9578072,Q31354353,,bayern-260721
605016951,Zirleseck,,1872,47.4827507,10.463744,Q21864178,,bayern-260721
527873898,Ochsenstaffel,,1871,47.51023,11.3402585,Q31528867,,bayern-260721
336770139,Schönbachkopf,,1870,47.5839605,13.1207242,,,bayern-260721
344206497,Weitalpspitz,,1870,47.548461,10.8620583,Q31515316,,bayern-260721
522603013,Hirschwang,,1868,47.5787562,10.884533,,,bayern-260721
280846855,Feigenkopf,,1866,47.5797003,10.8902956,Q129849458,de:Feigenkopf,bayern-260721
13416740774,Mittergernnadel,,1865,47.5104849,11.0552717,,,bayern-260721
7553407729,Schattenberg Ostgipfel,,1865,47.40084,10.3262,Q131370086,,bayern-260721
8462457550,,,1865,47.3990246,10.3483057,,,bayern-260721
311423621,Großer Bruder,,1864,47.6265864,12.7759008,,,bayern-260721
1174846407,Hoher Gaifkopf,,1864,47.4243322,11.0853177,Q31555563,,bayern-260721
277654091,Hoher Ziegspitz,,1864,47.5014276,11.0032743,Q880231,,bayern-260721
2641009439,Dürrmiesing,,1863,47.6583303,11.9472534,Q31548931,,bayern-260721
268974034,Halserspitz,,1862,47.5911671,11.7810799,Q21871544,,bayern-260721
327048019,Koflerjoch,,1861,47.5227688,10.7621926,Q21877923,,bayern-260721
4431510090,Oberer Kämikopf,,1861,47.4282093,11.1620906,,,bayern-260721
381003555,Riedkopf,,1860,47.4075627,11.2306316,Q31526155,,bayern-260721
914337002,Lösertalkopf,,1859,47.5578815,10.8746341,Q1879798,,bayern-260721
507017743,Gotzentauern,,1858,47.5394086,13.0102716,Q30670071,,bayern-260721
3859294830,Rotwandkopf,,1858,47.6494437,11.9313898,,,bayern-260721
912762632,Untere Gottesackerwände,,1858,47.38527,10.13128,Q136039743,,bayern-260721
486091670,Kühgundspitz,,1856,47.5064506,10.4350243,Q130550040,,bayern-260721
482340807,Lausberg,,1855,47.4871935,11.3093904,,,bayern-260721
277716175,Mittageck,,1855,47.550564,11.0097753,,,bayern-260721
4841874403,Glunkererkopf,,1853,47.4992066,12.939974,,,bayern-260721
2119792086,Salzburger Hochthron,,1853,47.7180172,13.004749,Q18615505,de:Salzburger Hochthron,bayern-260721
264037688,Großer Traithen,,1852,47.6465626,12.0376336,Q320745,de:Großer Traithen,bayern-260721
2076328206,Fermerskopf,,1851,47.5060912,11.3958755,Q31547043,,bayern-260721
9135907985,,,1850,47.618037,12.8232069,,,bayern-260721
11466110393,,,1850,47.4384,10.41031,,,bayern-260721
11660108896,,,1848,47.38466,10.1374,,,bayern-260721
12387853140,,,1847,47.4263,10.33071,,,bayern-260721
11564756180,,,1846,47.4393145,10.33786,,,bayern-260721
7553381634,Schattenberg Westgipfel,,1845,47.40087,10.31876,Q131370053,,bayern-260721
7553395703,,,1843,47.4032,10.33457,,,bayern-260721
2358670245,Mitterberg,,1840,47.7078002,12.9753465,Q21959526,,bayern-260721
268949226,Simetsberg,,1840,47.5665209,11.2537283,Q315741,de:Simetsberg (Estergebirge),bayern-260721
12633741587,,,1840,47.4005536,10.3225131,,,bayern-260721
280847105,Grubenkopf,,1839,47.5791435,10.8689698,Q1168790,,bayern-260721
84446881,Breitenberg,,1838,47.5486263,10.551868,Q881991,de:Breitenberg (Tannheimer Berge),bayern-260721
26865134,Wendelstein,,1838,47.7034761,12.0120518,Q819671,de:Wendelstein (Berg),bayern-260721
378696078,Pfaffenkegel,,1837,47.5760619,13.0404116,,,bayern-260721
527352549,,,1836,47.4606435,11.3194309,,,bayern-260721
11603386571,,,1836,47.2726176,10.1925634,,,bayern-260721
1621410936,Dürrnbergjoch,,1835,47.5485133,11.5733539,,,bayern-260721
1617864298,Rappenklammspitze,,1835,47.469269,11.407953,Q15059183,de:Rappenklammspitze,bayern-260721
1617864299,Wechselkopf,,1835,47.4594157,11.411661,Q15061701,de:Wechselkopf,bayern-260721
6835921044,Hochgrat,,1834,47.4953531,10.078628,Q459121,de:Hochgrat,bayern-260721
715851486,Mittergern,,1834,47.5103815,11.0544129,,,bayern-260721
11049248177,Schnippenkopf,,1833,47.4509461,10.327296,Q831133,de:Schnippenkopf,bayern-260721
277729379,Schellkopf,,1832,47.4972828,10.887798,Q31523233,,bayern-260721
324257924,Stuibenkopf,,1831,47.4858253,10.4285493,Q31518130,,bayern-260721
281463681,Vilser Kegel,,1831,47.5301747,10.6211695,Q21876587,,bayern-260721
2598898808,Kanzfünfe,,1830,47.3564744,10.4275891,Q130531164,,bayern-260721
714142222,Klaffen,,1829,47.5462748,11.2155856,Q1744202,,bayern-260721
921378325,Vorderer Scheinberg,,1827,47.5635529,10.8681817,Q31516204,,bayern-260721
4307295637,Drei Jäger,,1826,47.5824673,12.7815371,Q21873181,,bayern-260721
26864452,Risserkogel,,1826,47.6368812,11.8035474,Q315932,de:Risserkogel,bayern-260721
277716609,Windstierlkopf,,1824,47.5303439,11.0068641,,,bayern-260721
3923636455,Rosskopf,,1823,47.42599,10.43258,Q831429,de:Roßkopf (Allgäuer Alpen),bayern-260721
13112630672,,,1823,47.3797181,10.1252693,,,bayern-260721
292106128,Rindalphorn,,1821,47.5049196,10.1076783,Q131102553,,bayern-260721
6619156557,Brettstein,,1820,47.6002224,12.8052699,,,bayern-260721
1055345002,Großer Heubergkopf,,1820,47.7144664,13.0031728,,,bayern-260721
277716886,Feldernkopf,,1818,47.5308189,11.0173316,,,bayern-260721
272246466,Predigtstuhl,,1818,47.506479,11.0339192,,,bayern-260721
357496429,Schwarzenkopf,,1818,47.444678,11.0484218,Q31555827,,bayern-260721
613837530,Östliches Torjoch,,1818,47.5100478,11.5412694,Q21873242,,bayern-260721
715835441,Katzenkopf,,1817,47.5132455,11.0616602,,,bayern-260721
2128727353,Lämpersberg,,1817,47.652724,11.925177,,,bayern-260721
507108005,Mooslahnerkopf,,1815,47.5605048,12.9561134,Q31304888,,bayern-260721
277654098,Vorderer Ziegspitz,,1815,47.506328,11.0107416,,,bayern-260721
277716083,Brünstelskopf,,1814,47.5386034,11.0461771,Q31550848,,bayern-260721
12388890682,,,1814,47.40679,10.36339,,,bayern-260721
1487711769,Unterbergerjoch,,1813,47.6442319,12.0435734,Q31558167,,bayern-260721
11564769024,,,1813,47.4631092,10.367682,,,bayern-260721
10779725374,Gelchenwanger Kopf,,1812,47.5026471,10.1009981,Q124329279,,bayern-260721
535311220,,,1812,47.3327188,10.2409684,,,bayern-260721
260858296,Auerspitz,,1811,47.6437639,11.9452834,Q759286,,bayern-260721
11465703785,,,1811,47.4974102,10.416627,,,bayern-260721
3218497753,Zirbeneck,,1810,47.6272901,12.8315928,Q31514041,,bayern-260721
527352554,Zunderweidkopf,,1810,47.461114,11.3161783,,,bayern-260721
12592952999,,,1810,47.367801,10.082476,,,bayern-260721
1412836122,Geigelstein,,1808,47.7075521,12.3345097,Q315546,de:Geigelstein,bayern-260721
11466458130,Oberschrattenberg,,1808,47.41622,10.42808,Q130532442,,bayern-260721
26864552,Österreichischer Schinder,,1808,47.601085,11.8611348,Q165212,de:Schinder (Berg),bayern-260721
2076297323,Galgenstangenkopf,,1807,47.511953,11.4038443,Q31546191,,bayern-260721
3998000560,Schlössel,,1806,47.5547855,10.8615741,Q31522538,,bayern-260721
1059571696,Brettgabel,,1805,47.5912276,13.0326456,Q910965,,bayern-260721
2119790098,Geiereck,,1805,47.7224087,13.0087374,Q21870968,,bayern-260721
260815496,Ruchenköpfe,,1805,47.6480977,11.9472618,Q317794,,bayern-260721
12644841998,,,1805,47.3708243,10.3587797,,,bayern-260721
1978075758,Platteneck,,1804,47.5572771,11.2265746,Q2098724,,bayern-260721
515678322,Hirzeneck,,1803,47.4744617,11.3647559,,,bayern-260721
3389364393,Wildböden,,1803,47.5232744,10.6186911,Q130804935,,bayern-260721
345807520,Karspitz,,1801,47.5906428,11.7760479,,,bayern-260721
530774132,Oberer Wannenkopf,,1801,47.3754,10.32711,Q131295310,,bayern-260721
26862546,Benediktenwand,,1800,47.6531721,11.4655437,Q456783,de:Benediktenwand,bayern-260721
4102158273,Dürrenberg,,1800,47.5195272,10.76425,Q21876634,,bayern-260721
3208604528,Eisberg,,1800,47.6258657,12.847729,Q1310858,,bayern-260721
1059532539,Watzmanngugel,,1800,47.5726077,12.9237627,,,bayern-260721
12388444205,,,1800,47.39887,10.32885,,,bayern-260721
522603012,Hasentalkopf,,1797,47.5646376,10.8763871,Q31556742,,bayern-260721
7553402545,Schattenberg Vorgipfel,,1797,47.40042,10.31442,Q131370005,,bayern-260721
1831217333,Bayerischer Schinder,,1796,47.6028273,11.8515893,Q112157029,,bayern-260721
1085532056,Lindenkopf,,1795,47.4260867,11.2775224,,,bayern-260721
12312368355,,,1795,47.534346,10.563663,,,bayern-260721
1189234948,Seilhenker Westgipfel,,1794,47.37076,10.36086,Q131295483,,bayern-260721
1429978137,Zirbeneck,,1794,47.5432081,12.8950807,Q31284581,,bayern-260721
26863128,Heimgarten,,1791,47.6125791,11.2806617,Q315930,de:Heimgarten (Berg),bayern-260721
4319163939,Himmelschrofen,,1791,47.3627089,10.2825721,Q1423281,de:Himmelschrofen,bayern-260721
530774121,Seilhenker Ostgipfel,,1791,47.3709636,10.36171,Q131295446,,bayern-260721
1055547072,Stanglahnerkopf,,1791,47.5795693,12.8906619,Q31311641,,bayern-260721
12405407595,,,1789,47.3839909,10.0979536,,,bayern-260721
537125449,Auf dem Falken,,1787,47.2936374,10.2410892,Q131444883,,bayern-260721
268972719,Blaubergkopf,,1787,47.5901574,11.7672996,Q21876511,de:Blaubergkopf,bayern-260721
268973925,Blaubergschneid,,1787,47.5891188,11.7532551,,,bayern-260721
2958993297,Hirscheck,,1787,47.6528287,12.8105996,,,bayern-260721
292047296,Riedberger Horn,,1787,47.45148,10.1591,Q1269347,de:Riedberger Horn,bayern-260721
1059571687,Dürreckberg,,1785,47.5969466,13.039029,,,bayern-260721
3105360279,,,1785,47.711665,12.3322519,,,bayern-260721
523127107,Ahornspitze,,1784,47.552916,10.7983434,Q31554020,,bayern-260721
915515005,Firstberg,,1784,47.5799423,10.8628431,Q31557055,,bayern-260721
1608795537,Hoher Grasberg,,1783,47.5219719,11.3559064,Q15115075,,bayern-260721
3092935257,Zwiesel,,1782,47.7552187,12.8172991,Q244657,,bayern-260721
11564756174,,,1781,47.439549,10.3430329,,,bayern-260721
715725572,Krottenköpfel,,1780,47.5183284,11.0079817,Q31533075,,bayern-260721
4232155348,Ochsenkopf,,1780,47.70944,12.96265,Q22004893,,bayern-260721
304353179,Wank,,1780,47.5087122,11.1430301,Q833896,,bayern-260721
6327568216,Dürrnbachhorn,,1778,47.6738838,12.6091129,Q744472,de:Dürrnbachhorn,bayern-260721
11557665073,Habaum,,1778,47.3037464,10.2671532,,,bayern-260721
11557478930,Klupper,,1776,47.3554,10.28307,Q1776615,de:Klupper,bayern-260721
3678383618,,,1776,47.4500787,10.4111822,,,bayern-260721
12253351675,,,1775,47.445659,10.4504178,Q132861877,,bayern-260721
12244460043,Känzele,,1774,47.29939,10.25223,Q1795392,de:Känzele (Allgäuer Alpen),bayern-260721
506696552,Buralpkopf,,1772,47.5107735,10.1310698,Q1010214,de:Buralpkopf,bayern-260721
2959022259,Wartsteinkopf,,1772,47.6504328,12.8035684,Q31515757,,bayern-260721
304238134,Hochstaufen,,1771,47.7549634,12.8487577,Q571702,de:Hochstaufen,bayern-260721
493469304,Kotzen,,1771,47.5295245,11.5192539,Q873382,,bayern-260721
11660108879,,,1770,47.38097,10.087,,,bayern-260721
2911951692,Hirschangerkopf,,1769,47.707793,12.9555054,Q21871733,,bayern-260721
566205392,Wallgauer Eck,,1769,47.5465114,11.2285764,Q31515905,,bayern-260721
260686440,Blankenstein,,1768,47.6401852,11.8027794,Q316937,de:Plankenstein (Berg),bayern-260721
418778317,Hennenkopf,,1768,47.5863533,10.9603882,Q31541365,,bayern-260721
773250296,Heidelbeerkopf,,1767,47.4552111,10.3297806,Q31541925,,bayern-260721
507594612,Lehlingkopf,,1767,47.4920424,13.0177829,,,bayern-260721
1832412124,Straußbergköpfl,,1767,47.5486162,10.7980642,,,bayern-260721
3903232265,Sunkenkopf,,1766,47.5039177,10.9309618,Q31517953,,bayern-260721
475333232,Fellhorn,,1765,47.6099906,12.5088699,Q1404075,de:Fellhorn (Chiemgauer Alpen),bayern-260721
294649757,Wichtlplatte,,1765,47.5884175,11.7496419,,,bayern-260721
11565174252,,,1765,47.368947,10.232391,,,bayern-260721
277727204,Hoher Brand,,1764,47.5004127,10.9118076,Q21877933,,bayern-260721
3587518230,Schäferblasse,,1764,47.5376075,10.838681,Q31523728,,bayern-260721
11466458141,,,1763,47.4227268,10.4352307,,,bayern-260721
1772703376,Rossalpenkopf,,1762,47.7137448,12.3337051,Q31558869,,bayern-260721
11557478932,,,1762,47.3506036,10.2843585,,,bayern-260721
260826436,Aiplspitz,,1759,47.6731724,11.923695,Q316319,de:Aiplspitz,bayern-260721
522603025,Pilgerschrofen,,1759,47.5386254,10.7408778,Q21864822,,bayern-260721
522603016,Laubeneck,,1758,47.5867478,10.9793405,Q31557266,,bayern-260721
290506923,Teufelstättkopf,,1758,47.5873731,10.9863449,Q2407307,,bayern-260721
1431131372,Kälbereck,,1757,47.5154628,11.4752916,,,bayern-260721
2895269085,Aibleck,,1756,47.6895334,12.7080575,Q31558686,,bayern-260721
401861393,Soinwand,,1756,47.7050076,12.0213573,Q2297964,,bayern-260721
1964114027,Zenokopf,,1756,47.7536403,12.8185354,,,bayern-260721
9422298590,,,1756,47.4999742,10.9120768,,,bayern-260721
914527355,,,1754,47.4540804,10.1606242,,,bayern-260721
415842732,Grasköpfl,,1753,47.5369062,11.4715616,Q20999869,,bayern-260721
509314451,Kleiner Göll,,1753,47.5896658,13.1261588,Q21877905,,bayern-260721
12433013368,,,1753,47.4679923,10.4611194,,,bayern-260721
2622226539,Altenberg,,1751,47.5207001,10.8013992,,,bayern-260721
12307015638,,,1751,47.5482609,10.5415085,,,bayern-260721
2451034095,Feuerhörndl,,1750,47.6528152,12.808003,,,bayern-260721
3125422707,Gamsknogel,,1750,47.7553323,12.8047968,,,bayern-260721
4202440718,Eckenberg,,1749,47.5119774,11.1391779,,,bayern-260721
912135392,Riefenkopf,,1749,47.3792952,10.3174415,Q1667691,de:Riffenkopf,bayern-260721
10779688064,Stuiben,,1749,47.5172528,10.1611533,Q583833,de:Stuiben,bayern-260721
715785901,Dreierköpfel,,1748,47.5527153,11.0029376,Q31549231,,bayern-260721
10779725383,Gündleskopf,,1748,47.5065801,10.1233795,Q31543117,,bayern-260721
26863171,Hochgern,,1748,47.7505749,12.515785,Q1515760,de:Hochgern,bayern-260721
13275305328,,,1748,47.6720923,11.9036357,,,bayern-260721
448824397,Steilnerjoch,,1747,47.6457112,12.054693,Q31519343,,bayern-260721
260826433,Jägerkamp,,1746,47.673511,11.9060494,Q1714867,de:Jägerkamp,bayern-260721
477726426,Siplingerkopf,,1746,47.4800613,10.1256244,Q1694753,de:Siplingerkopf,bayern-260721
10184217570,Kenzenkopf,,1745,47.5613355,10.8491212,,,bayern-260721
13732500141,,,1745,47.7207092,13.0000608,,,bayern-260721
715720555,Ameisberg,,1741,47.511672,11.145099,,,bayern-260721
254887423,Warteck,,1741,47.5400783,12.9931194,,,bayern-260721
2909295484,Hochgern,,1740,47.6811631,12.7050895,Q21877877,,bayern-260721
522603018,Latschenkopf,,1740,47.5857524,10.9848614,Q31557250,,bayern-260721
3205213461,,,1740,47.498746,10.9919991,,,bayern-260721
26863335,Karkopf,,1739,47.6863663,12.8927162,Q584978,,bayern-260721
1455362956,Aschentaler Wände,,1738,47.7208208,12.3266912,,,bayern-260721
26863061,Übelhorn,,1738,47.5549517,10.3200331,Q130718862,,bayern-260721
915072979,Sedererstuiben,,1737,47.5144029,10.1531167,Q2264325,de:Sedererstuiben,bayern-260721
415842731,Stuhlbachjoch,,1737,47.5381739,11.4693159,,,bayern-260721
530774128,Hahnenkopf,,1736,47.379289,10.32486,Q831424,de:Hahnenkopf (Bayern),bayern-260721
1567946359,Benzingspitz,,1735,47.6731668,11.9123447,Q31558555,,bayern-260721
11466110392,Ortwanger Berg,,1735,47.44013,10.41429,Q130484231,,bayern-260721
277715988,Brünstelkreuz,,1734,47.538204,11.0530903,,,bayern-260721
3233329686,Sebaldstein,,1733,47.6468378,11.942073,,,bayern-260721
71530342,Herzogstand,,1731,47.6134565,11.3084925,Q315270,de:Herzogstand,bayern-260721
12670392797,,,1731,47.533863,10.567447,,,bayern-260721
3858924655,Bärenkareck,,1730,47.6457433,12.8325906,,,bayern-260721
4307295639,Hochgscheid,,1729,47.5888447,12.7879578,,,bayern-260721
277653817,Rauhenstein,,1728,47.4971951,10.9864051,Q31556252,,bayern-260721
1418265732,,,1728,47.4570188,11.3604347,,,bayern-260721
1418283295,Untergrasberg,,1727,47.5248452,11.3643491,,,bayern-260721
1504210094,,,1727,47.6443448,11.9582097,,,bayern-260721
12423248109,,,1727,47.3770902,10.3485916,,,bayern-260721
513262143,Zunderkopf,,1726,47.5294705,10.7670365,,,bayern-260721
444733020,Schreck,,1725,47.6887078,12.8898972,,,bayern-260721
309316120,Lacherspitz,,1724,47.6990563,12.0231674,Q31532672,,bayern-260721
4102509390,Sefelwand,,1724,47.5769741,10.9131409,Q31557039,,bayern-260721
264037689,Kleiner Traithen,,1722,47.6548955,12.0358478,Q31534231,,bayern-260721
260686432,Wallberg,,1722,47.6658847,11.7967506,Q321002,de:Wallberg,bayern-260721
4956745904,Wannenkopf,,1722,47.37299,10.32434,Q201926,de:Wannenkopf (Gerstruben),bayern-260721
1132657213,,,1722,47.3498001,10.3363977,,,bayern-260721
9898131852,Kesselwand,,1721,47.7018393,12.0211102,Q15056989,,bayern-260721
260978152,Wildalpjoch,,1720,47.7013233,12.0354302,Q1293138,,bayern-260721
463541003,Brunnenkopf,,1719,47.5828116,10.9237842,Q17310616,,bayern-260721
6581492738,Kreuzjoch,,1719,47.4525017,11.0803157,Q6436892,,bayern-260721
3702296467,Wasenkopf,,1719,47.369176,10.0766381,Q21878072,,bayern-260721
3068662784,Ziegelspitz,,1719,47.5558435,11.071442,Q31556628,,bayern-260721
1068064622,Halsköpfl,,1718,47.5106633,12.9744106,Q22692189,de:Halsköpfl,bayern-260721
1224919773,,,1718,47.5211973,10.7954121,,,bayern-260721
9670802145,Gamseck,,1717,47.4318664,11.283185,,,bayern-260721
1427096027,Klausbergl,,1717,47.5332151,12.9962293,,,bayern-260721
507017753,Farrenleiten,,1716,47.5604888,13.0266032,,,bayern-260721
1913686953,Kreuzberg,,1716,47.6127153,11.9333114,Q1782716,de:Kreuzberg (Bayerische Voralpen),bayern-260721
11478586866,,,1713,47.5541673,10.3183065,,,bayern-260721
1415920009,Bärenköpfl,,1712,47.5390362,13.0003234,,,bayern-260721
269134696,Latschenkopf,,1712,47.6565948,11.4990327,Q1399069,de:Latschenkopf (Benediktenwand),bayern-260721
313133292,Sonnenkopf,,1712,47.45887,10.32992,Q876764,de:Sonnenkopf (Allgäuer Alpen),bayern-260721
458147335,Wannenkopf,,1712,47.44829,10.19206,Q1670546,de:Wannenkopf (Hörnergruppe),bayern-260721
1411465448,Achselköpfe,,1710,47.6531047,11.4862838,Q15050743,de:Achselköpfe,bayern-260721
1801029738,Hochwarte,,1710,47.55347,10.31724,Q130718893,,bayern-260721
9135907986,Kirche,,1707,47.6296649,12.8265315,,,bayern-260721
264035398,Trainsjoch,,1707,47.615268,12.0543473,Q15132489,de:Trainsjoch,bayern-260721
1280479990,Unteres Lichteck,,1707,47.5207895,11.493508,Q31516644,,bayern-260721
915741543,Sauereck,,1706,47.5157388,10.7762085,,,bayern-260721
4102509394,Schönleitenschrofen,,1706,47.5716588,10.808229,Q1461471,,bayern-260721
260692620,Setzberg,,1706,47.6512206,11.7846084,Q15059993,,bayern-260721
535287317,Söllereck,,1706,47.37356,10.23762,Q31520501,,bayern-260721
11465703791,,,1706,47.4940956,10.4109406,,,bayern-260721
527354047,Kammleitenkopf,,1704,47.4619274,11.3508542,,,bayern-260721
444733019,Törlkopf,,1704,47.6768732,12.892724,Q1643854,,bayern-260721
11241150204,Mährenhöhe,,1703,47.384178,10.0813685,Q21878056,,bayern-260721
3230066909,Rauhenberg,,1703,47.6425261,11.7982856,Q106820537,,bayern-260721
1976803003,Tanzeck,,1703,47.6718782,11.9205621,,,bayern-260721
2026478382,,,1703,47.7197847,12.3226324,,,bayern-260721
11564756186,,,1703,47.4445572,10.3273201,,,bayern-260721
12255903403,,,1703,47.4697335,10.4506178,,,bayern-260721
26862641,Buchstein,,1701,47.63307,11.6793681,Q31557989,,bayern-260721
9135907989,Wiesenwinkelköpfe,,1699,47.6271015,12.8101706,,,bayern-260721
301642754,Roßstein,,1698,47.6326069,11.676304,Q31524990,,bayern-260721
3858924656,Übeleck,,1698,47.6545175,12.8307453,Q31516903,,bayern-260721
7245077194,Hocheiskopf,,1695,47.5628183,12.8181282,,,bayern-260721
2990691860,Röthenstein,,1695,47.6411926,11.7990291,Q106820538,,bayern-260721
281963056,Wertacher Hörnle,,1695,47.5495735,10.3862873,Q131519410,,bayern-260721
2909295482,Fischbachkopf,,1694,47.6810356,12.6660798,Q21877878,,bayern-260721
429259298,Ochsenberg,,1694,47.5238658,11.1485315,Q31529062,,bayern-260721
4307295624,Sulzenstein,,1694,47.5728253,12.7824608,,,bayern-260721
266993268,Taubenstein,,1693,47.6584811,11.9211109,Q15060298,de:Taubenstein,bayern-260721
12437146569,Wertacher Hörnle Mittelgipfel,,1693,47.548113,10.3884632,Q131519380,,bayern-260721
1854368740,Gurnwandkopf,,1691,47.7052109,12.5776823,Q31354117,,bayern-260721
263534391,Raukopf,,1691,47.6636283,11.9209823,Q19721169,,bayern-260721
1418265735,,,1691,47.4582085,11.3649816,,,bayern-260721
3135778328,Fischbachkopf,,1690,47.5166017,11.3528413,,,bayern-260721
408910541,Kaserwand,,1690,47.7010424,12.0392719,Q1734938,,bayern-260721
4337688899,Wildalphorn,,1690,47.6756647,12.628307,Q21863989,,bayern-260721
12579972490,,,1689,47.4791682,10.1169488,Q136803564,,bayern-260721
291994253,Hochschlegel,,1688,47.6915825,12.8837574,Q19285644,,bayern-260721
616682074,Lerchkogel,,1688,47.514521,11.5623689,Q15057413,de:Lerchkogel,bayern-260721
1504208959,Maroldschneid,,1688,47.6436484,11.9666788,,,bayern-260721
714142244,Roßwank,,1688,47.5037813,11.1555208,,,bayern-260721
319472362,Schönkahler,,1688,47.540403,10.4889121,Q2259320,de:Schönkahler,bayern-260721
914515096,Bolgen,,1687,47.4453039,10.1837339,Q131294987,,bayern-260721
339225056,Rothkogel,,1687,47.60832,11.8541997,Q31804519,,bayern-260721
1280479976,Dürrnberg,,1686,47.5501549,11.5638257,,,bayern-260721
5997401874,Laber Hauptgipfel,,1686,47.5849787,11.10044,,,bayern-260721
292352453,Brecherspitz,,1685,47.6764385,11.8710533,Q904144,,bayern-260721
833677920,Heidenkopf,,1685,47.4811571,10.1117153,Q17575466,de:Heidenkopf (Allgäuer Alpen),bayern-260721
714142219,Rotenkopf,,1685,47.5109035,11.1834748,Q31524906,,bayern-260721
1772703379,Wandspitz,,1685,47.7100621,12.3249953,,,bayern-260721
11564756171,,,1685,47.4413645,10.34563,,,bayern-260721
12351642407,,,1685,47.3501609,10.2872785,,,bayern-260721
880892898,Hörndlwand,,1684,47.7062685,12.5839435,Q977119,de:Hörndlwand,bayern-260721
9197960054,Schwarzenkopf,,1684,47.5889068,10.8828895,Q31521488,,bayern-260721
11584505019,Wertacher Hörnle Südgipfel,,1684,47.5462445,10.3901422,Q131519370,,bayern-260721
11374143728,Girenkopf,,1683,47.48068,10.10421,Q31545216,,bayern-260721
10779295304,Steineberg,,1683,47.5255662,10.1884464,Q744356,de:Steineberg (Allgäuer Alpen),bayern-260721
452941377,Laber,,1682,47.5858442,11.102169,Q1799411,,bayern-260721
913800760,Mittagsspitz,,1682,47.4529154,10.4156327,Q1939950,de:Mittagspitze (Hindelang),bayern-260721
260744946,Niederer Fricken,,1682,47.5387254,11.156525,Q31529524,,bayern-260721
12279522252,Scheidbichel,,1681,47.3026,10.22481,Q130614092,,bayern-260721
5782851140,Dreisesselberg,,1680,47.6915651,12.8977074,Q1258124,de:Dreisesselberg (Lattengebirge),bayern-260721
513060124,Schlagstein,,1680,47.5296104,10.7878343,Q31522879,,bayern-260721
12467605814,,,1680,47.377277,10.330925,,,bayern-260721
281349056,Besler,,1679,47.4252017,10.1880135,Q829945,de:Besler (Berg),bayern-260721
12244415003,Salzbichel,,1678,47.28139,10.21856,Q130486649,,bayern-260721
3699490844,Latschenschrofen,,1677,47.5632274,10.7863478,,,bayern-260721
270581309,Martinskopf,,1676,47.6089787,11.3082424,Q31531054,,bayern-260721
3233329668,Seebühel,,1675,47.6378946,11.8116312,,,bayern-260721
12307015602,,,1675,47.5443369,10.5600822,,,bayern-260721
4102642393,Hintertörle,,1674,47.5809501,10.8505639,Q31557134,,bayern-260721
3580272393,Hochfelln,,1674,47.7623481,12.5592205,Q1621782,de:Hochfelln,bayern-260721
9094609124,Rohrmooser Hörnle,,1673,47.3891376,10.1592727,Q21878045,,bayern-260721
26863152,Hinterer Rauschberg,,1671,47.7331803,12.6966651,,,bayern-260721
11478463523,Lachekopf,,1671,47.4707999,10.3903442,Q31532690,,bayern-260721
277716816,,,1671,47.5416412,11.0461556,,,bayern-260721
12351642405,,,1671,47.36703,10.28321,,,bayern-260721
96874625,Hirschberg,,1670,47.6607583,11.6961076,Q1620367,de:Hirschberg (Kreuth),bayern-260721
1888516347,Kleines Regenbergl,,1670,47.5226107,12.9962451,,,bayern-260721
449238477,Vorderer Kirchstein,,1670,47.6597349,11.501544,Q31516270,,bayern-260721
914498805,Bleicherhorn,,1669,47.4701058,10.1402018,Q31552166,,bayern-260721
1129365627,Bodenschneid,,1669,47.6717531,11.8381005,Q889652,de:Bodenschneid,bayern-260721
914498814,Höllritzereck,,1669,47.4680448,10.1435058,Q130492979,,bayern-260721
4102509396,,,1669,47.5583491,10.7946785,,,bayern-260721
2431151640,Beslergrat,,1668,47.4259402,10.1829294,Q130488853,,bayern-260721
1772512527,Kampenwand-Hauptgipfel,,1668,47.7554719,12.3640126,,,bayern-260721
11565174260,Schönbichel,,1668,47.37518,10.24093,Q30623104,,bayern-260721
2336295579,Hinterer Kirchstein,,1667,47.6576681,11.4936823,Q31540718,,bayern-260721
3230066901,Auerberg,,1666,47.6369587,11.9462988,Q31553232,,bayern-260721
8284890973,Kleinmiesing,,1666,47.6725887,11.9328619,,,bayern-260721
11584505016,,,1666,47.5440307,10.3864185,,,bayern-260721
11584483752,Bienenköpfle,,1665,47.4716131,10.4492882,Q124611340,,bayern-260721
10779688069,Steinköpfle,,1665,47.520369,10.1762,Q124329319,,bayern-260721
280421483,Weiherkopf,,1665,47.4650628,10.2007722,Q15061717,de:Weiherkopf (Allgäuer Alpen),bayern-260721
1469811232,Grubereck,,1664,47.6387482,11.7850676,Q31543432,,bayern-260721
26863307,Kampenwand-Ostgipfel,,1664,47.7559873,12.3682524,,,bayern-260721
429230836,Seewandköpfl,,1664,47.701315,12.0298647,Q31567202,,bayern-260721
11473000623,Südlicher Sonnenkopf,,1664,47.44913,10.31725,Q124617229,,bayern-260721
10779330314,Seelekopf,,1663,47.490412,10.0599797,Q2265199,de:Seelekopf,bayern-260721
507516441,Großer Ochsenkopf,,1662,47.4636916,10.1805642,Q20999879,de:Großer Ochsenkopf,bayern-260721
1161784023,Vorderer Riedberg,,1662,47.5116785,11.1748331,,,bayern-260721
267433562,Breitenstein,,1661,47.6971732,12.3380388,Q15108006,de:Breitenstein (Chiemgauer Alpen),bayern-260721
267792056,Hirschberg,,1660,47.6010996,11.2414732,Q1620373,de:Hirschberg (Ohlstadt),bayern-260721
292106466,Steineberg Vorgipfel,,1660,47.52726,10.19187,,,bayern-260721
912794051,Gatterkopf,,1659,47.38886,10.15053,Q31546071,,bayern-260721
2917186131,Bannkopf,,1658,47.6787668,12.9733574,,,bayern-260721
444735614,Mühlhornwand,,1658,47.7061402,12.3175358,Q31558786,,bayern-260721
1964114028,Mittelstaufen,,1657,47.7534737,12.8382857,Q31530667,,bayern-260721
3208089067,Alphorn,,1656,47.659512,12.8254222,Q31553867,,bayern-260721
378696014,Königsberg,,1656,47.5697375,13.0314742,,,bayern-260721
715725562,Zunderköpfel,,1656,47.497477,11.0089747,,,bayern-260721
651958799,Zwölferköpfl,,1656,47.5717425,11.2134831,Q22030340,,bayern-260721
914498793,Beslerkopf,,1655,47.4261718,10.1796573,Q31555633,,bayern-260721
60196133,Imberger Horn,,1655,47.4842702,10.3570694,Q1030783,de:Imberger Horn,bayern-260721
332441941,Hirschberg Vorgipfel,,1653,47.6595256,11.7032747,Q1620367,de:Hirschberg (Kreuth),bayern-260721
3221081381,,,1653,47.6692622,11.8419852,,,bayern-260721
429230838,Bärenstein,,1651,47.6971678,12.0250536,,,bayern-260721
4547463685,Kreuzeck,,1651,47.4524243,11.0666481,Q268125,de:Kreuzeck (Wettersteingebirge),bayern-260721
281961715,Spieser,,1651,47.5265283,10.3836149,Q1601977,de:Spieser (Berg),bayern-260721
12579972487,,,1650,47.47961,10.10893,,,bayern-260721
914515118,Hinterbolgen,,1649,47.4486488,10.178096,Q130487654,,bayern-260721
1254353419,Stangeneck,,1646,47.6606163,11.5086377,Q31558358,,bayern-260721
1041629520,Feuerstätterkopf,,1645,47.43267,10.078146,Q21874120,de:Feuerstätterkopf,bayern-260721
1772512528,Kampenwand-Westgipfel,,1645,47.7553481,12.3622131,,,bayern-260721
521724724,Rauschberg,,1645,47.7329541,12.6839381,Q2133484,de:Rauschberg,bayern-260721
12423201594,,,1645,47.397623,10.3387999,,,bayern-260721
1469800354,Hirschberg,,1644,47.52736,10.38964,Q130734343,,bayern-260721
2641015239,Brecherspitz Vorgipfel,,1643,47.6751604,11.8645597,,,bayern-260721
477710706,Eineguntkopf,Eineguntkopf,1641,47.4889205,10.0384131,Q1225730,de:Eineguntkopf,bayern-260721
1800860554,Karspitz,,1641,47.6486385,12.8792182,Q1734422,,bayern-260721
1456572549,2. Sporn,,1640,47.5426844,12.9238242,,,bayern-260721
914498820,Grauenstein,,1640,47.4582051,10.1575076,Q31544816,,bayern-260721
12422341119,Musberg,,1640,47.3881156,10.1648748,Q130710697,,bayern-260721
454601148,Schlehdorfer Kreuz,,1640,47.6150365,11.2995496,,,bayern-260721
11638909264,Stuibenköpfle,,1640,47.4830431,10.4230119,Q124611379,,bayern-260721
12351642409,,,1640,47.34162,10.28057,,,bayern-260721
12293338977,,,1639,47.3883825,10.1637724,,,bayern-260721
643653863,Hohe Bleick,,1638,47.6298713,10.9077723,Q1515166,de:Hohe Bleick,bayern-260721
1431188386,Pirschschneid,,1638,47.5428149,11.4794033,,,bayern-260721
11565186974,,,1638,47.45102,10.17074,,,bayern-260721
11579941045,,,1638,47.38949,10.15658,,,bayern-260721
10779330308,Hohenfluhalpkopf,,1636,47.48934,10.04945,Q21877940,,bayern-260721
277654113,Rauheck,,1636,47.4948188,10.9822215,Q31804521,,bayern-260721
446758934,Schartenkopf,,1636,47.5831408,11.0975734,,,bayern-260721
256042807,Sorgschrofen,,1636,47.5558382,10.454449,Q130739105,,bayern-260721
12467279636,,,1635,47.3603172,10.3159465,,,bayern-260721
1949513276,Peterskopf,,1634,47.6483945,12.0939084,,,bayern-260721
1593088617,Pirschling,,1634,47.5319564,10.4898964,Q21876677,,bayern-260721
300692479,Ettaler Manndl,,1633,47.5846809,11.1156751,Q1371732,de:Ettaler Manndl,bayern-260721
1949513275,Paulskopf,,1633,47.6482722,12.0945554,,,bayern-260721
429230839,Tagweidkopf,,1633,47.6958303,12.0246106,Q116426092,,bayern-260721
1426054102,Zwölferspitz,,1633,47.7520245,12.5005503,Q31354506,,bayern-260721
446758893,,,1633,47.5847428,11.1044777,,,bayern-260721
4111930372,Edelsberg,,1630,47.5919004,10.4965208,Q1283352,de:Edelsberg (Allgäuer Alpen),bayern-260721
914384766,Piesenkopf,,1630,47.41624,10.13285,Q27882374,de:Piesenkopf,bayern-260721
522603014,Dreisäuler Kopf,,1629,47.5851125,10.9440361,Q31549130,,bayern-260721
1698255671,Schattlahnerkopf,,1629,47.5854062,11.8106976,Q1328463,de:Schattlahnerkopf,bayern-260721
914498824,Dreifahnenkopf,,1628,47.462377,10.1545254,Q31549213,,bayern-260721
915082120,Tennenmooskopf,,1628,47.485408,10.1419032,Q31517693,,bayern-260721
11583808735,,,1628,47.431858,10.075773,,,bayern-260721
9550470125,Fahrenbergkopf,,1627,47.6067129,11.3146329,Q31547634,,bayern-260721
914498788,Schafkopf,,1627,47.42629,10.1762,Q31555616,,bayern-260721
12246592368,,,1627,47.5176835,10.1718395,,,bayern-260721
477710602,Leiterberg,,1626,47.48932,10.08836,Q106466015,de:Leiterberg (Allgäuer Alpen),bayern-260721
12580038696,,,1626,47.45979,10.15684,,,bayern-260721
1566157975,Hochsalwand,,1625,47.7168007,12.035762,Q1622038,de:Hochsalwand,bayern-260721
913901145,Jochschrofen,,1625,47.5237317,10.39406,Q31536993,,bayern-260721
915619380,Jaufen,,1624,47.5882373,10.8915617,Q31557333,,bayern-260721
303388142,Schürpfeneck,,1623,47.5607091,11.5740509,,,bayern-260721
260979669,Breitenstein,,1622,47.7210941,11.9877728,Q879983,de:Breitenstein (Bayerische Voralpen),bayern-260721
344347709,Sonnenberg,,1622,47.5841989,11.016306,Q86751135,en:Sonnenspitze,bayern-260721
1109367911,Lahnerkopf,,1621,47.6382386,11.8233209,Q25393385,,bayern-260721
797461064,Rauhkopf,,1621,47.4534623,11.0622381,,,bayern-260721
339225140,Pfaffenkopf,,1620,47.6143204,11.8517879,Q53889521,,bayern-260721
1836669376,Schönberg,,1620,47.6385238,11.6421668,Q1384094,,bayern-260721
304317008,Brünnstein,,1619,47.6473418,12.0971096,Q882165,de:Brünnstein,bayern-260721
11583808741,Hochvogel,,1619,47.429418,10.087137,Q138389011,,bayern-260721
1413221998,,,1619,47.5187665,11.4694186,,,bayern-260721
10779688067,,,1619,47.5177832,10.16815,,,bayern-260721
1495173302,Platteneck,,1618,47.5914291,11.7134097,Q1515428,,bayern-260721
773900419,Bärenheimatkopf,,1617,47.4492827,11.0105179,,,bayern-260721
280422989,Rangiswanger Horn,,1616,47.47846,10.20079,Q2130960,de:Rangiswanger Horn,bayern-260721
381007259,Schartenkopf,,1616,47.4179378,11.2375329,Q21865428,,bayern-260721
3662166614,Am Zahn,,1615,47.5840874,11.0267772,Q31557182,,bayern-260721
2909295486,Ochsenhorn,,1615,47.6892352,12.718853,Q31528999,,bayern-260721
473011240,Weitlahnerkopf,,1615,47.7232228,12.3431991,Q31558947,,bayern-260721
1468921785,Wilde Fräulein,,1615,47.6679845,11.9035253,Q126947088,de:Wilde Fräulein,bayern-260721
11603008972,,,1615,47.4522334,10.1507556,,,bayern-260721
530774122,Älpelekopf,,1614,47.37616,10.31323,Q254802,de:Älpelekopf (Gerstruben),bayern-260721
5915993240,Hendelbergskopf,,1613,47.7557416,12.8336952,,,bayern-260721
618771886,Hennenkopf,,1613,47.662083,11.481904,,,bayern-260721
6543594144,Predigtstuhl,,1613,47.6961857,12.8789726,Q877151,de:Predigtstuhl (Lattengebirge),bayern-260721
268974059,Schildenstein,,1613,47.5948094,11.72499,Q745196,de:Schildenstein,bayern-260721
915105278,Zinken,,1613,47.5546598,10.4511981,Q21875910,,bayern-260721
797643804,Rinnerspitz,,1611,47.6745316,11.8339866,Q2154222,de:Rinnerspitz,bayern-260721
714142241,Zunderkopf,,1611,47.5164536,11.1832719,Q31513912,,bayern-260721
3230066913,Trausnitzeck,,1610,47.6050159,11.866401,,,bayern-260721
8536805866,,,1610,47.4558136,11.0860205,,,bayern-260721
4102377015,Brunnenköpfl,,1609,47.5500688,10.9685079,,,bayern-260721
4337688896,Kreuzschneid,,1609,47.6784486,12.6309835,,,bayern-260721
309985323,Stolzenberg,,1609,47.6426762,11.8724862,Q13466177,,bayern-260721
5902441419,,,1609,47.5458433,10.5636348,,,bayern-260721
3651124515,Spitzigschröfle (Franziskaner),,1608,47.5645404,10.7930286,,,bayern-260721
264055809,Auerkamp,,1607,47.6611778,11.6598621,Q367455,de:Kampen (Berg),bayern-260721
2925631676,Roverkreuz,,1606,47.7153853,12.9529501,,,bayern-260721
702260995,Manndlköpfe,,1605,47.583775,11.1111663,Q31557167,,bayern-260721
3128301109,,,1605,47.47038,10.2025,,,bayern-260721
506992377,Großer Rauher Kopf,,1604,47.6691727,12.9765125,Q15117019,,bayern-260721
264055810,Spitzkamp,,1604,47.658927,11.6545785,Q367455,de:Kampen (Berg),bayern-260721
3906281333,Stolzeneck,,1604,47.6432444,11.8674221,,,bayern-260721
5445065461,Traufberg,,1604,47.3404631,10.3150248,Q31517132,,bayern-260721
3128301107,,,1604,47.46308,10.18583,,,bayern-260721
2041159545,Zenokopf,,1603,47.7346353,12.7194928,Q31514238,,bayern-260721
12579972494,,,1603,47.4814009,10.1408368,,,bayern-260721
444733022,Keilkopf,,1602,47.6902202,12.9050899,,,bayern-260721
2338028257,Rotkopf,,1602,47.6485766,11.8662068,,,bayern-260721
264056175,Seekarkreuz,,1601,47.6521541,11.6431635,Q2265064,de:Seekarkreuz,bayern-260721
12590096643,Feichteckwand,,1600,47.6552929,11.5023213,Q107706105,de:Feichteckwand,bayern-260721
4538464761,,,1600,47.75203,12.4985941,,,bayern-260721
2796336774,Markkogel,,1599,47.6308059,12.5249055,Q21877891,,bayern-260721
11374143734,,,1599,47.4766071,10.095465,Q138844485,,bayern-260721
1471256354,Scheibenwand,,1598,47.7516068,12.3483288,,,bayern-260721
269413201,Spitzstein,,1598,47.7109518,12.2469305,Q185459,de:Spitzstein,bayern-260721
13376445693,Turm,,1598,47.4711072,11.3561774,,,bayern-260721
2659762306,Lembergschneid,,1597,47.6732522,12.5955598,Q31558572,,bayern-260721
913901132,Rosskopf,,1596,47.53326,10.36987,Q31525058,,bayern-260721
2796336373,Lahnerkogel,,1595,47.6285233,12.5195057,Q21877892,,bayern-260721
751812974,Haaralmschneid,,1594,47.7419348,12.5604918,Q31354459,,bayern-260721
1978075727,Kesselköpfe,,1594,47.55693,11.240596,Q31535436,,bayern-260721
264056090,Ochsenkamp,,1594,47.6661218,11.6660249,Q367455,de:Kampen (Berg),bayern-260721
1699496391,Schreistein,,1594,47.6422591,11.8120433,Q30134209,de:Schreistein,bayern-260721
793933283,Streicher,,1594,47.7358916,12.7122774,Q31518293,,bayern-260721
11584505012,,,1594,47.5394989,10.3830403,,,bayern-260721
12299007231,,,1594,47.5258109,10.3899189,,,bayern-260721
915415971,Benaköpfl,,1593,47.5451084,10.7782996,Q31552667,,bayern-260721
3230301386,Dürrnbacheck,,1593,47.6686751,12.6020198,,,bayern-260721
2983909328,Heißenplatte,,1593,47.6832002,11.9307431,Q31541594,,bayern-260721
1504216318,Gamswand,,1592,47.651134,11.9682606,,,bayern-260721
2973369663,Hochplatte,,1592,47.6403833,11.6669669,Q2400324,de:Hochplatte (Tegernseer Berge),bayern-260721
1280479987,Moosenkopf,,1592,47.5245854,11.4616049,Q31530305,,bayern-260721
442561693,,,1592,47.5896434,11.7006315,,,bayern-260721
7956164422,Schwarzkopf,,1591,47.4578301,11.2999249,Q31521366,,bayern-260721
1174497173,Älpeleskopf,,1591,47.5438767,10.7421752,Q31553899,,bayern-260721
11583812187,,,1591,47.4264142,10.1948351,,,bayern-260721
953955084,Einödsberg,,1590,47.3195512,10.2764797,Q20830965,de:Einödsberg,bayern-260721
345378250,Rauheck,,1590,47.6135471,11.2630079,Q31526834,,bayern-260721
3115524723,,,1590,47.6832387,11.904992,,,bayern-260721
1772703366,Latschkogel,,1589,47.7130358,12.3430817,Q31558837,,bayern-260721
4104421921,Niederbleick,,1589,47.6346821,10.9114845,Q31529542,,bayern-260721
618771984,Probstenwand,,1589,47.6619839,11.4845246,,,bayern-260721
819329655,Rotwandlspitz,,1588,47.6485792,12.0828547,Q116950392,de:Rotwandlspitz,bayern-260721
2796336880,Steinwurfkogel,,1588,47.6253637,12.4995142,,,bayern-260721
12422977559,,,1588,47.474494,10.0919482,,,bayern-260721
381013586,Grünkopf,,1587,47.4306813,11.2205967,Q31543329,,bayern-260721
2704446436,Hasenpoint,,1587,47.7447764,12.5131464,Q31354471,,bayern-260721
281349904,Bolsterlanger Horn,,1586,47.45927,10.20833,Q891604,de:Bolsterlanger Horn,bayern-260721
402675243,Hochplatte,,1586,47.7510894,12.405001,Q1072432,de:Hochplatte (Chiemgauer Alpen),bayern-260721
4265821375,Siplinger Nadel,,1586,47.484046,10.1249268,Q130493082,,bayern-260721
915079494,Starzlachberg,,1585,47.5577551,10.40626,Q31519600,,bayern-260721
2875282190,Augenstein,,1584,47.699216,12.7170001,Q31553023,,bayern-260721
510815115,Haidwand,,1584,47.7153576,12.0189667,,,bayern-260721
1495167197,,,1583,47.5887901,11.6984851,,,bayern-260721
3128301104,,,1583,47.45829,10.17341,,,bayern-260721
11609691228,Gundsberg,,1582,47.3352653,10.2461925,Q31543101,,bayern-260721
1645586830,,,1582,47.6367521,11.826968,Q31532611,,bayern-260721
4702076816,Kirche,,1581,47.5301347,12.8916301,,,bayern-260721
1471256251,Bauernwand,,1580,47.7495571,12.3479854,,,bayern-260721
4212081792,Grauer Stein,,1580,47.4852811,10.1473651,Q130493025,,bayern-260721
11584505042,,,1580,47.5613714,10.4115828,,,bayern-260721
2005598198,Auf dem Stein,,1579,47.5901918,10.9917475,,,bayern-260721
443883206,Roßkopf,,1579,47.6556941,11.8618557,Q2171355,de:Roßkopf (Mangfallgebirge),bayern-260721
915756566,Krottenstein,,1578,47.5930251,10.8771942,Q31557382,,bayern-260721
402739186,Weissgrabenkopf,,1578,47.7509878,12.5579537,Q31284935,,bayern-260721
6622125150,Achenkopf,,1577,47.7015219,12.9536399,Q31554187,,bayern-260721
11584505001,Boaleskopf,,1576,47.5293,10.36545,Q130733996,,bayern-260721
3039195141,Ornach,,1576,47.5240752,10.3972441,,,bayern-260721
4541927441,Sonnberg,,1576,47.628999,11.6748151,,,bayern-260721
1425360278,Alpspitz,,1575,47.59785,10.49605,Q8553197,de:Alpspitz (Allgäuer Alpen),bayern-260721
283733455,Breitenstein Westgipfel,,1575,47.7211575,11.9828363,Q31551984,,bayern-260721
1800862183,Jochköpfl,,1575,47.6433526,12.8754805,Q1691241,,bayern-260721
2622495603,Rieselsberg,,1574,47.594378,11.849761,Q31526104,,bayern-260721
9094609547,Spitzwand,,1574,47.3909375,10.1553154,Q130487751,,bayern-260721
11374143711,,,1574,47.47912,10.13909,,,bayern-260721
1772445501,Kampenhöhe,,1572,47.7549275,12.3601527,,,bayern-260721
914527360,Kleiner Ochsenkopf,,1571,47.4668891,10.1797824,Q31534439,,bayern-260721
765122114,Siechenkopf,,1571,47.550911,10.3079791,Q130718926,,bayern-260721
1456572579,1. Sporn,,1570,47.5432546,12.9244899,,,bayern-260721
13173270902,Zunderstein,,1570,47.5658682,11.1933766,,,bayern-260721
399492387,Brandkopf,,1569,47.6561236,11.6528113,Q31551561,,bayern-260721
48783387,Hochries,,1569,47.747151,12.2487348,Q1533425,de:Hochries,bayern-260721
2622495587,Laubbergel,,1569,47.605081,11.8435186,,,bayern-260721
3139978512,Ristfeuchthorn,,1569,47.6942975,12.7817181,Q120074,,bayern-260721
1429910720,,,1569,47.5664322,11.5820771,,,bayern-260721
1431131396,,,1569,47.5261951,11.4794392,,,bayern-260721
2518044185,Kreuzbergspitzl,,1567,47.6178481,11.9356371,Q31557802,,bayern-260721
4102509397,Tegelbergkopf,,1567,47.5584269,10.768394,Q31517729,,bayern-260721
914718217,Gerenkopf,,1566,47.4696573,10.3427169,Q130483405,,bayern-260721
3811621742,Hochhäderich,,1566,47.481808,10.00322,Q1621890,de:Hochhäderich,bayern-260721
2770355657,Pürschling,,1566,47.5822824,10.992152,Q2120961,,bayern-260721
1508756034,Ristfeuchthorn Kreuzgipfel,,1566,47.6970414,12.7833271,,,bayern-260721
1841764370,Jochberg,,1565,47.625939,11.3718596,Q322506,de:Jochberg (Berg),bayern-260721
4102642398,Schaflahnerkopf,,1565,47.5832008,10.9880838,,,bayern-260721
4200404317,Silleck,,1565,47.7550973,12.5233723,Q31317490,,bayern-260721
11465687357,Wiedhag,,1565,47.5134033,10.4404073,Q21873249,,bayern-260721
1479475021,Zinnenberg,,1565,47.7325675,12.265369,Q21864167,,bayern-260721
330595505,Falken,,1564,47.4834375,10.0206144,Q21877945,de:Falken (Allgäuer Alpen),bayern-260721
1276074774,Fockenstein,,1564,47.6843889,11.6522131,Q880217,de:Fockenstein,bayern-260721
1770337345,Raffen,,1564,47.7538573,12.3726162,,,bayern-260721
13878411138,Gurrwand,,1563,47.7000036,12.9530811,,,bayern-260721
276909078,Vogelsang,,1563,47.6616396,12.0349335,Q31558406,,bayern-260721
4455052988,Fahsteigenschneid,,1562,47.6810288,12.632909,,,bayern-260721
473665202,Gröhrkopf,,1562,47.7454644,12.5598032,Q31354483,,bayern-260721
440346596,Predigtstuhl,,1562,47.5897362,11.7347352,Q130365161,de:Predigtstuhl (Blauberge),bayern-260721
530774124,Riefenköpfle,,1562,47.38215,10.30962,Q1508097,de:Vorderer Riffenkopf,bayern-260721
4719123114,,,1562,47.5589786,12.8771574,,,bayern-260721
914395383,Höchster Kackenkopf,,1560,47.39876,10.18669,Q124416279,,bayern-260721
3115524725,,,1560,47.6842055,11.9017455,,,bayern-260721
914395407,Gernspitz,,1558,47.3989,10.1834,Q124416283,,bayern-260721
11559168292,,,1558,47.3552796,10.2841688,,,bayern-260721
12467244997,Drusenkopf,,1557,47.3202133,10.2761913,Q131467302,,bayern-260721
3083028700,Strausberg,,1556,47.47971,10.358,Q124666068,,bayern-260721
3210054356,Bockstein,,1555,47.6978179,12.007522,,,bayern-260721
97173084,Brauneck,,1555,47.6641902,11.5247915,Q180647,de:Brauneck,bayern-260721
2874047929,Nagelspitz,,1555,47.6849103,11.9080106,Q31529781,,bayern-260721
413685640,Rabenkopf,,1555,47.6503674,11.4120213,Q2124967,de:Rabenkopf (Bayerische Voralpen),bayern-260721
424026576,Klausenberg,,1554,47.7388285,12.266765,Q1745964,,bayern-260721
444733023,Mottkopf,,1554,47.6901827,12.911327,,,bayern-260721
9799272977,,,1554,47.7459938,12.5125628,,,bayern-260721
914505742,Hochschelpen,,1552,47.4345246,10.1093641,Q31539820,,bayern-260721
1579437934,Wasserspitz,,1552,47.6803875,11.8359142,Q31515706,de:Wasserspitz,bayern-260721
915487942,Dreimännl,,1551,47.5622578,10.8046345,Q31556676,,bayern-260721
9301083970,Hennenköpfl,,1551,47.6264694,13.0924135,,,bayern-260721
8781143822,Hochsattel,,1550,47.740402,12.5149092,,,bayern-260721
304477193,Hinteres Hörnle,,1548,47.6388178,11.0745117,Q1651825,,bayern-260721
270500553,Schrödelstein,,1548,47.6619857,11.5198072,Q31558390,,bayern-260721
977664866,,,1548,47.6985966,12.0093582,,,bayern-260721
725055111,Lechnerkopf,,1547,47.7186747,12.0369322,Q31558918,de:Lechnerkopf,bayern-260721
11584505036,,,1547,47.5538117,10.4024993,,,bayern-260721
1470722107,Daffenstein,,1546,47.6424542,11.7806027,Q31558128,,bayern-260721
819329650,Brünnsteinschanze,,1545,47.6516661,12.081399,Q120444189,,bayern-260721
643653890,Hochwildfeuerberg,,1545,47.6340703,10.9389211,,,bayern-260721
914505741,Hörnlein,,1545,47.42752,10.10671,Q31537903,,bayern-260721
191018794,Kratzer,,1545,47.6655995,11.7053909,,,bayern-260721
11583808763,,,1545,47.4403958,10.1119441,Q138844725,,bayern-260721
281349055,Geißwiedenkopf,,1544,47.42717,10.20258,Q31555649,,bayern-260721
1431131393,Pfetterkopf,,1543,47.533444,11.3873072,Q26882888,,bayern-260721
344362676,Großer Aufacker,,1542,47.613873,11.0973495,Q759483,,bayern-260721
648572859,Ölrain,,1542,47.6068803,11.2423635,Q297281,de:Ölrain,bayern-260721
3230132866,Ahornkopf,,1540,47.7158318,12.3488269,Q31558885,,bayern-260721
2607585336,Silberkopf,,1540,47.6550126,11.6995415,Q31520776,,bayern-260721
3608887019,Reuterwanne,,1539,47.5904142,10.4602335,Q20884085,de:Reuterwanne,bayern-260721
1992635933,Hochköpfl,,1538,47.6914615,12.3215665,,,bayern-260721
260869935,Seebergkopf,,1538,47.664361,11.9977464,Q2264591,,bayern-260721
477726343,Koppachstein,,1537,47.463138,10.039891,Q131314918,,bayern-260721
2804321236,Roßfeld,,1537,47.6279679,13.0955784,Q1738892,,bayern-260721
8536811141,Sauwankl,,1537,47.4551244,11.081804,,,bayern-260721
1855020196,Kienberg,,1536,47.5662234,10.5141685,Q131034312,,bayern-260721
12321222597,Reiterskopf,,1535,47.522459,10.492527,Q133289459,,bayern-260721
10779295296,,,1535,47.484965,10.025487,,,bayern-260721
702261000,Kleiner Aufacker,,1533,47.6135651,11.1059485,Q31534788,,bayern-260721
304477194,Stierkopf,,1533,47.6354907,11.0749801,Q31558037,,bayern-260721
714142248,Unterrauheck,,1533,47.5306597,11.205948,Q31556415,,bayern-260721
11579941049,,,1533,47.3895938,10.1410461,,,bayern-260721
26864777,Staffel,,1532,47.5857802,11.4677249,Q1507853,de:Staffel (Berg),bayern-260721
477726411,Stillberg,,1532,47.47124,10.08055,Q130493148,,bayern-260721
11374143752,Äuelehöhe,,1532,47.465344,10.05011,Q131314935,,bayern-260721
12401704804,,,1532,47.3812463,10.16728,,,bayern-260721
2634986749,,,1531,47.484781,10.016412,,,bayern-260721
702874218,Brunnberg,,1529,47.5831644,11.0400446,Q31551020,,bayern-260721
3230098744,Kleiner Unterberg,,1529,47.6338225,12.0524784,,,bayern-260721
714142253,Mitterkopf,,1529,47.514912,11.1941269,Q31530516,,bayern-260721
914395412,Vorderer Kackenkopf,,1529,47.3991672,10.1802881,Q135997291,,bayern-260721
776376623,Schwarzeck,,1527,47.6521132,11.4132331,Q31558230,,bayern-260721
914498796,Sigiswanger Horn,,1527,47.48482,10.20924,Q18027873,de:Sigiswanger Horn,bayern-260721
282507993,Tiefenbacher Eck,,1527,47.5273562,10.3562007,Q31517405,,bayern-260721
3586554893,Wolfskopf,,1526,47.6312722,10.8680033,Q1493678,,bayern-260721
915606879,Hinteres Ächsele,,1525,47.545799,10.4851007,Q131013048,,bayern-260721
914718223,Sonthofner Hörnle,,1525,47.4767443,10.3377992,Q42469800,de:Sonthofner Hörnle,bayern-260721
9473580223,Torkopf,,1525,47.5617616,10.7715945,,,bayern-260721
3233329670,,,1524,47.6842313,11.8617174,,,bayern-260721
11584505048,Gerenköpfle,,1523,47.5642289,10.415539,Q31556808,,bayern-260721
2851315353,Kirchelwand,,1521,47.7135568,12.0165964,Q31558853,,bayern-260721
2876784910,Sulzgrabenkopf,,1521,47.7172306,12.5913188,Q31301859,,bayern-260721
1459938884,Hochlerch,,1520,47.7525003,12.4968958,Q30724430,,bayern-260721
3172816123,Rotwandkopf,,1519,47.6037482,11.2795512,Q31524713,,bayern-260721
942820096,Beigenstein,,1518,47.6508041,11.4975146,,,bayern-260721
2485227801,Kleiner Rauher Kopf,,1518,47.6667902,12.9768184,Q31534359,,bayern-260721
1337213883,Mühlhörndl,,1518,47.7047687,12.2993926,Q31530014,,bayern-260721
2109766113,Mühltaleck,,1518,47.6552391,11.6613903,,,bayern-260721
643653819,Maulkopf,,1517,47.6273575,10.8886448,Q31531037,,bayern-260721
3013832310,Bischofsstuhl,,1516,47.7505983,12.5244871,Q31354494,,bayern-260721
424047395,Brandelberg,,1516,47.7174238,12.2541891,Q31558902,,bayern-260721
442148678,Reitstein,,1516,47.5842349,11.6783223,Q2142214,de:Reitstein,bayern-260721
264778079,Hirschhörnlkopf,,1515,47.6274844,11.4063247,Q1620459,de:Hirschhörnlkopf,bayern-260721
277716447,Ochsensitz,,1515,47.5567233,11.0843703,Q31528883,,bayern-260721
915606886,Vorderes Ächsele,,1515,47.546009,10.4889985,Q131013084,,bayern-260721
9315606664,Bockstein,,1514,47.7197396,11.9808216,,,bayern-260721
49898914,Feichteck,,1514,47.7344547,12.2310292,Q30274699,,bayern-260721
413585849,Schweinsberg,,1514,47.7110389,11.9876722,Q31804517,,bayern-260721
11374143745,Samstenberg,,1513,47.4669194,10.0679619,Q21877963,,bayern-260721
1471175589,Sonnwendwand,,1512,47.7462816,12.3344809,Q31558995,,bayern-260721
9895387909,Türkenköpfl,,1512,47.7053102,11.9992281,,,bayern-260721
1432013531,Großer Rhonkopf,,1511,47.5169589,11.536965,,,bayern-260721
12299007239,Kreuzbichel,,1511,47.52349,10.38712,Q130734366,,bayern-260721
1611812665,Rauheck,,1511,47.6611246,11.7146008,Q31526816,,bayern-260721
12279522251,Scheidbichel,,1511,47.32183,10.25559,Q130614084,,bayern-260721
1463003234,Staffelstein,,1510,47.7563679,12.3583691,,,bayern-260721
4102509398,Buchenbichel,,1509,47.5703482,10.7974937,,,bayern-260721
5997401877,Latschenköpferl,,1509,47.5820479,11.0884033,,,bayern-260721
3129778136,Rauteckkopf,,1509,47.6189466,11.2993471,Q31557838,,bayern-260721
4102509391,Hundsfallköpfe,,1508,47.5653624,10.8963472,Q31556825,,bayern-260721
4104477138,Rauchköpfl,,1508,47.6184235,11.2864843,Q31557820,,bayern-260721
914384765,,,1508,47.4130158,10.1187135,Q132444452,,bayern-260721
2262791679,Karkopf,,1507,47.6903073,12.3399624,Q21873201,,bayern-260721
1419056358,Seebergschneid,,1506,47.6660875,11.9910054,,,bayern-260721
2338028258,Stümpfling,,1506,47.6622252,11.8563377,Q15060197,de:Stümpfling,bayern-260721
4523743080,Zunderkopf,,1506,47.5677344,11.1937501,Q31556859,,bayern-260721
1776057910,Heuraffelkopf,,1505,47.7481443,12.2800839,Q31559012,,bayern-260721
6622386375,Moosenkopf,,1504,47.6586508,12.8645013,,,bayern-260721
12688438344,Seehauser Kienberg,,1503,47.7048675,12.592636,,,bayern-260721
705251902,Hinterer Kopf,,1501,47.5668469,11.213866,Q31556842,,bayern-260721
643653886,Kleinwildfeuerberg,,1501,47.6357108,10.934048,,,bayern-260721
11637935062,Leckereck,,1501,47.5244548,10.1655498,Q130496097,,bayern-260721
4337688897,Ochsenlahnerkogel,,1501,47.673308,12.6362996,,,bayern-260721
1415920504,Seeaukopf,,1501,47.5482915,12.9947613,Q31320465,,bayern-260721
280211036,Hirschberg,,1500,47.5188739,10.3761125,Q993602,de:Hirschberg (Allgäuer Alpen),bayern-260721
2932373412,Hochbrunstkopf,,1499,47.6856313,12.6313799,,,bayern-260721
11374143743,,,1499,47.4690621,10.0736314,,,bayern-260721
12321222594,,,1499,47.520494,10.49609,,,bayern-260721
768753686,Gigglstein,,1497,47.5612153,10.3365,Q31545282,,bayern-260721
286411139,Burgberger Hörnle,,1496,47.5469202,10.3017873,Q31533205,,bayern-260721
1574124126,Glaswand,,1496,47.6529953,11.4362733,Q19963196,,bayern-260721
6622386374,Horn,,1496,47.6610029,12.8623835,Q31353934,,bayern-260721
420154753,Karkopf,,1496,47.7397207,12.2401937,Q31536147,,bayern-260721
1593400161,Kitzlahnerkopf,,1496,47.6634619,12.0346644,Q31535046,,bayern-260721
304477192,Mittleres Hörnle,,1496,47.6402678,11.0620958,Q31530484,,bayern-260721
26862857,Feldberg,,1494,47.8739912,8.0046735,Q316401,de:Feldberg (Berg im Schwarzwald),baden-wuerttemberg
1770337344,Hochalpenkopf,,1494,47.7529502,12.3794354,,,bayern-260721
928061460,Krettenburg,,1494,47.6711962,11.8499007,,,bayern-260721
1779231021,Predigtstuhl,,1494,47.7435644,12.2725502,Q31527790,,bayern-260721
11603008944,,,1494,47.41343,10.12338,,,bayern-260721
926396862,Gruberhörndl,,1493,47.7523055,12.7845789,Q31543415,,bayern-260721
11564831468,Pfobeschwanz,,1493,47.490831,10.50106,Q130544480,,bayern-260721
1280479984,Brandeck,,1492,47.5318091,11.4893466,,,bayern-260721
11291566454,Eckhaldekopf,,1491,47.5418831,10.1415571,Q124331550,,bayern-260721
264055806,Geierstein,,1491,47.6796515,11.6190828,Q1498712,de:Geierstein,bayern-260721
1978075747,Neuglägerkopf,,1491,47.552227,11.258882,Q31529592,,bayern-260721
12505122836,,,1491,47.5192404,10.1856726,,,bayern-260721
3230301394,Lemberg,,1490,47.6716472,12.586015,Q31531955,,bayern-260721
915615675,Roßstallkopf,,1490,47.5856295,10.8644549,,,bayern-260721
916154892,Baumgartenköpfle,,1489,47.5908794,10.9172426,,,bayern-260721
461147403,Immenstädter Horn,,1489,47.5535473,10.1869664,Q993388,de:Immenstädter Horn,bayern-260721
3105285406,Eisenberg,,1488,47.7288151,12.6213062,Q30778520,,bayern-260721
915695535,Westerkienberg,,1488,47.5600503,10.4900507,Q53489887,,bayern-260721
11595776907,,,1488,47.4951467,10.0577339,,,bayern-260721
13112875865,,,1488,47.52055,10.375286,,,bayern-260721
457003381,Himmelseck,,1487,47.5368012,10.1232232,Q31540910,de:Himmelseck,bayern-260721
2510815534,Latschenkopf,,1487,47.6310273,11.4639849,Q1470235,,bayern-260721
10779295289,Plattakopf,,1487,47.481727,10.010142,Q138387443,,bayern-260721
6731477486,Wasserberg,,1487,47.4981025,13.0063561,,,bayern-260721
4102509399,Weißer Rißkopf,,1486,47.5749592,10.804488,Q31556989,,bayern-260721
310118303,Vorderes Hörnle,,1484,47.6436274,11.0607161,,,bayern-260721
1855021868,,,1484,47.56675,10.51804,,,bayern-260721
2332713521,,,1484,47.5472246,10.3022247,,,bayern-260721
12300091084,,,1484,47.5496145,10.4442493,,,bayern-260721
12218363906,,,1483,47.4192373,10.1415822,,,bayern-260721
11475916846,Am Roten Kopf,,1482,47.5412371,10.1766175,Q31556496,,bayern-260721
2460574552,Angerstein,,1482,47.7545831,12.790015,,,bayern-260721
380677538,Kappelköpfl,,1481,47.5989562,10.5051393,Q31536195,,bayern-260721
11278049464,Scheibelkopf,,1481,47.6800525,12.9633311,,,bayern-260721
3010983211,Thoraukopf,,1481,47.7547485,12.5598071,,,bayern-260721
1611812669,,,1481,47.6604114,11.7178082,,,bayern-260721
774990761,Gschwandtpfeiler,,1480,47.7064977,12.0305994,,,bayern-260721
9958672261,Kohlerhörndl,,1480,47.7535156,12.7849727,,,bayern-260721
11603008936,Riesenkopf,,1480,47.41177,10.11447,Q31526017,,bayern-260721
3229949066,Kirchwand,,1479,47.7078955,11.9911018,,,bayern-260721
11603008896,,,1479,47.4265663,10.1444793,Q132444798,,bayern-260721
11475916845,,,1478,47.55084,10.1866704,,,bayern-260721
11583801258,,,1478,47.4752935,10.15535,,,bayern-260721
11603008950,Rehköpfl,,1477,47.42669,10.111,Q21878001,,bayern-260721
2909295481,Bogenhorn,,1476,47.6901039,12.7336215,Q31551898,,bayern-260721
292106469,Bärenkopf,,1476,47.5309222,10.2106535,Q1019143,de:Bärenkopf (Hochgratkette),bayern-260721
415842730,Grammersberg,,1476,47.5498556,11.4912363,Q31544937,,bayern-260721
702235976,Gschwandkopf,,1476,47.6092411,11.0960957,Q31557671,,bayern-260721
1432013538,Kleiner Rhonkopf,,1476,47.5164807,11.5327379,,,bayern-260721
1793360283,Zundereck,,1476,47.569202,11.1936175,Q21996586,,bayern-260721
1431131368,Grasberg,,1474,47.5378061,11.3990234,,,bayern-260721
2878239768,Hochscharten,,1474,47.7023768,12.5391215,Q101245838,,bayern-260721
11581553763,Rote Wand,,1474,47.4141517,10.1772222,Q31524857,,bayern-260721
3597379733,,,1474,47.7020566,12.5373648,,,bayern-260721
1261026316,Kirchel,,1473,47.6656433,11.5110664,Q91133656,de:Kirchel,bayern-260721
11603008899,,,1473,47.4238951,10.145839,,,bayern-260721
643653898,Schwarzeck,,1471,47.6378045,10.90063,Q31558057,de:Schwarzeck (Ammergauer Alpen),bayern-260721
4104421918,Hochrieskopf,,1470,47.626281,10.8588508,Q31539855,,bayern-260721
2493733997,Thorauschneid,,1470,47.7547187,12.5744722,,,bayern-260721
5354602913,Vorderer Prodel,,1470,47.53179,10.10302,Q31516234,de:Vorderer Prodel,bayern-260721
4458515943,,,1470,47.5909191,11.6775005,,,bayern-260721
11367227770,,,1469,47.5327807,10.2091687,,,bayern-260721
2796336470,Betenbichl,,1468,47.6309491,12.5436733,,,bayern-260721
13732430376,Kleines Geiereck,,1468,47.7229226,13.0172516,,,bayern-260721
1863945735,,,1468,47.6572994,11.4590376,,,bayern-260721
11367207196,Guntenhöhe,,1467,47.435341,10.056866,Q131338939,,bayern-260721
1621305826,Laiterkopf,,1467,47.6599903,11.8072548,,,bayern-260721
1432769540,Sulten,,1467,47.7633689,12.3686166,Q31559061,,bayern-260721
12304030144,Bürstling,,1466,47.5867334,10.4821507,Q130748607,,bayern-260721
702260997,Großer Laber,,1466,47.5778643,11.1185921,Q31543959,,bayern-260721
1486951280,Kleiner Rechenberg,,1466,47.7268752,12.5148757,Q31340010,,bayern-260721
1186417730,Rossbichel,,1466,47.4156372,10.308109,Q130637779,,bayern-260721
715720526,,,1466,47.5389268,11.2119927,,,bayern-260721
1429910705,,,1466,47.5620001,11.5699213,,,bayern-260721
2796336377,Scheibelberg,,1465,47.6312664,12.5744447,Q21873230,,bayern-260721
1583835062,Schwarzenkopf,,1464,47.6574606,11.9000669,Q31521471,,bayern-260721
11581548655,,,1464,47.3991678,10.1763719,Q124416292,,bayern-260721
419725767,Balmenberg,,1463,47.5023256,10.4071364,Q124611420,,bayern-260721
1574152591,Rainerkopf,,1463,47.6857619,11.8423468,Q31527212,,bayern-260721
11581553767,Toniskopf,,1463,47.4140625,10.1725003,Q130488675,,bayern-260721
11603008914,,,1463,47.4233338,10.1524994,Q138848916,,bayern-260721
12574636656,,,1463,47.59872,10.50187,,,bayern-260721
11663514289,Oberer Schwarzenberg,,1462,47.43054,10.40574,Q130484166,,bayern-260721
965990748,Strohnkopf,,1462,47.7609552,12.5814756,,,bayern-260721
11584941180,,,1462,47.434449,10.058258,,,bayern-260721
1776057909,Abereck,,1461,47.7496459,12.277887,,,bayern-260721
1274703230,Baldenweger Buck,,1461,47.877169,8.0147486,Q804766,de:Baldenweger Buck,baden-wuerttemberg
12369578509,Mühlriedeck,,1461,47.6418245,11.67211,,,bayern-260721
441388018,Zwieseleck,,1461,47.6556833,11.6700624,,,bayern-260721
444733024,Hinterer Rotofen,,1460,47.692845,12.9144705,,,bayern-260721
1896099867,Pfeifferberg,,1458,47.5852286,10.4614624,Q21876666,,bayern-260721
442148679,Stacheleck,,1458,47.5938461,11.6763883,Q31519809,,bayern-260721
4104402985,Ohlstädter Teilberg,,1457,47.6077834,11.264842,Q31528757,,bayern-260721
267792214,Buchrain,,1456,47.6145286,11.2439569,Q90926649,de:Buchrain (Ohlstadt),bayern-260721
26863050,Großer Arber,,1456,49.1124718,13.13619,Q260073,de:Großer Arber,bayern-260721
11603008915,,,1456,47.4240734,10.1504767,Q132444821,,bayern-260721
12294584685,Herzlesstein,,1455,47.5619263,10.3390623,Q130719082,,bayern-260721
1279783253,Reitberg,,1455,47.584345,11.660946,Q21865093,,bayern-260721
1415920507,Sillenköpfe,,1455,47.5601636,13.0129357,,,bayern-260721
11584505087,,,1455,47.5944617,10.4598378,,,bayern-260721
96405646,Großer Rachel,,1453,48.9785352,13.3889715,Q884705,de:Großer Rachel,bayern-260721
1770317736,Hirschenstein,,1453,47.7561786,12.352601,,,bayern-260721
4102158270,Königsstand,,1453,47.5172025,11.0719314,Q17124195,,bayern-260721
4104402986,Grießkopf,,1452,47.610532,11.2577824,Q31557703,,bayern-260721
1772597126,Hemmerstein,,1452,47.7462539,12.3564243,,,bayern-260721
295068783,Leonhardstein,,1452,47.6370434,11.7160997,Q1819346,de:Leonhardstein,bayern-260721
290671955,Mittagberg,,1452,47.53623,10.21578,Q1687984,de:Mittagberg,bayern-260721
1855021867,Schnalskopf,,1452,47.568939,10.5266685,Q131530979,,bayern-260721
1776109290,Tristmahlnschneid,,1452,47.7106911,12.2549765,,,bayern-260721
4381997005,Archenkopf,,1451,47.5650325,12.9695972,Q30729641,,bayern-260721
3230066902,Berneck,,1450,47.6318071,11.9377398,Q31552608,,bayern-260721
1501785910,Grafinger Köpferl,,1450,47.7127729,12.0122042,,,bayern-260721
457003382,Gschwender Horn,,1450,47.551041,10.1694921,Q31543232,de:Gschwender Horn,bayern-260721
469612933,Riesenberg,,1450,47.759754,12.2695032,Q31526071,,bayern-260721
564770358,Unternberg,,1450,47.7293144,12.6401193,Q2498131,de:Unternberg (Berg),bayern-260721
2145485014,,,1450,47.6502974,12.074215,,,bayern-260721
915615676,Roßstallköpfl,,1449,47.5868308,10.8547151,Q31557299,,bayern-260721
1911175057,Seebuck,,1449,47.8646075,8.0224874,Q1412192,de:Seebuck,baden-wuerttemberg
914656424,,,1449,47.44965,10.10755,Q138844752,,bayern-260721
2622495601,,,1449,47.6072459,11.837099,,,bayern-260721
11581553746,,,1449,47.4162533,10.2091634,Q132444934,,bayern-260721
266572730,Baumgartenschneid,,1448,47.702226,11.8111754,Q811560,de:Baumgartenschneid,bayern-260721
26865140,Wildbarren,,1448,47.6811906,12.1382447,Q2570414,,bayern-260721
3743479380,,,1445,47.6908221,11.8629108,,,bayern-260721
11583821377,,,1445,47.42334,10.11266,,,bayern-260721
2607585335,Filzenkogel,,1444,47.6458133,11.7131984,Q31546974,,bayern-260721
538726639,Kreuzbichel,,1444,47.4752701,10.4489507,Q130544740,,bayern-260721
3230132869,Spitzberg,,1444,47.7147971,12.3560486,Q31520027,,bayern-260721
11633979602,Mitteralpenkopf,,1443,47.47127,10.18276,Q31556068,,bayern-260721
6090801891,,,1443,47.7097172,12.2576517,,,bayern-260721
3146487649,Brandköpfel,,1442,47.6572892,11.4550867,,,bayern-260721
4241140622,,,1442,47.6638068,11.6718883,,,bayern-260721
11583812210,,,1440,47.4254861,10.1325784,,,bayern-260721
3146471174,,,1439,47.6540014,11.4306353,,,bayern-260721
1770337346,Ramseck,,1438,47.7504932,12.3809599,,,bayern-260721
11584048245,Schwarzenberg,,1438,47.44663,10.10905,Q130494087,,bayern-260721
4220270866,,,1438,47.7632999,12.2771757,,,bayern-260721
11584048252,Gelbhansekopf,,1437,47.45108,10.10882,Q31545678,,bayern-260721
2493960939,Nesselauer Schneid,,1437,47.7465771,12.571246,,,bayern-260721
4104477133,Wildeck,,1437,47.6369991,11.0599821,,,bayern-260721
1431131534,Zwölferköpfl,,1437,47.5840963,11.4316107,,,bayern-260721
2796336769,Farmleitenkopf,,1436,47.6369036,12.4911789,,,bayern-260721
461147274,Dreherberg,,1435,47.53746,10.15982,Q31549266,,bayern-260721
6423595941,Höllstein,,1435,47.5874399,11.1223605,Q31557349,,bayern-260721
6622386373,Prechlkopf,,1435,47.666009,12.8574047,Q31290388,,bayern-260721
3624783966,Salwand,,1435,47.7167098,12.0468493,,,bayern-260721
2875895509,Teufelsstein,,1435,47.7473259,12.4055138,Q31517571,,bayern-260721
703834458,,,1435,47.5879186,11.1239997,,,bayern-260721
409617010,Rudersburg,,1434,47.683912,12.3689643,Q21873228,,bayern-260721
702260992,Schaffelberg,,1434,47.5855618,11.0889216,Q31523711,,bayern-260721
1413246126,,,1434,47.5228014,11.4142627,,,bayern-260721
4102642394,Baumgartenkopf,,1433,47.5878903,10.8712094,,,bayern-260721
419804807,Grasleitenkopf,,1433,47.6539391,11.6297289,Q31544861,,bayern-260721
402677586,Friedenrath,,1432,47.7610822,12.4056697,Q31546708,,bayern-260721
2622495586,Lapberg,,1432,47.615304,11.8016508,Q24206976,,bayern-260721
3859294823,Haberspitz,,1431,47.7560538,12.4040088,Q31542928,,bayern-260721
3230066904,Lapbergschneid,,1430,47.6141344,11.8246692,,,bayern-260721
1737571711,Spielberg,,1430,47.7534353,12.2676528,Q31520136,,bayern-260721
4104421917,Görgeleck,,1429,47.6205064,10.8410246,Q31545032,,bayern-260721
595382690,Riedlerspitz,,1429,47.6367471,11.7647514,Q54802002,de:Riedlerspitz,bayern-260721
3032196104,Pfaffenbichel,,1428,47.6453927,12.894928,Q107236217,,bayern-260721
457003383,Denneberg,,1427,47.52797,10.08492,Q31549806,de:Denneberg (Allgäuer Alpen),bayern-260721
268964586,Hochalm,,1427,47.6090032,11.6041553,Q22675136,,bayern-260721
11577096193,Sattelkopf,,1426,47.3791936,10.2476507,Q31555242,,bayern-260721
1486951525,Dampfschiff,,1425,47.7267975,12.5091109,,,bayern-260721
643653878,Dürreckkopf,,1425,47.6284004,10.9391925,,,bayern-260721
702262361,Rißberg,,1425,47.6429629,11.0801749,Q31525673,,bayern-260721
3253363153,Rosengarten,,1425,47.6018138,11.0038927,Q31525331,,bayern-260721
13105920796,Mittagspitz,,1424,47.3962721,10.1684046,Q132316272,,bayern-260721
413925036,Sudelfeldkopf,,1424,47.6657799,12.0435646,Q31558474,,bayern-260721
2622495585,Langeckberg,,1423,47.5987834,11.814175,Q1804940,,bayern-260721
1256843945,Ahornkopf,,1422,47.6666383,11.4839215,,,bayern-260721
765097941,Rampoldplatte,,1422,47.7239382,12.0435958,Q980656,,bayern-260721
3190830595,Ramseck Vorgipfel,,1422,47.7496917,12.3821584,,,bayern-260721
702261002,Rehbreinkopf,,1422,47.6221489,11.0841863,Q31557920,,bayern-260721
442710825,Gerstenrieder Kopf,,1421,47.6047848,11.6005233,Q31545414,,bayern-260721
2796313170,Sandspitze,,1421,47.6904468,12.3570244,,,bayern-260721
11603314170,,,1420,47.5677,10.52358,,,bayern-260721
3146487650,Eibelskopf,,1418,47.6617438,11.4589857,Q31548580,,bayern-260721
274574296,Herzogenhorn,,1416,47.8353762,8.0193433,Q460690,de:Herzogenhorn,baden-wuerttemberg
1574152590,Lahnenkopf,,1416,47.6990797,11.8242707,Q31532641,,bayern-260721
2874060727,Schlösselschneid,,1416,47.7047797,12.6013961,Q102764364,,bayern-260721
3105308095,,,1416,47.721647,12.6063258,,,bayern-260721
3073834478,Rachelspitz,,1415,47.7093,12.5222,,,bayern-260721
1431131523,Rautbergkopf,,1415,47.583399,11.425187,Q31526698,,bayern-260721
1406932403,Zellerwand,,1415,47.7532498,12.2891318,,,bayern-260721
270295688,Belchen,,1414,47.8224928,7.8330046,Q515385,de:Belchen (Schwarzwald),baden-wuerttemberg
2638047481,Bergelskopf,,1413,47.6425473,11.4010318,Q31558151,,bayern-260721
11581548651,,,1413,47.3989876,10.1693939,Q132315897,,bayern-260721
2526645259,Elferköpfl,,1412,47.5731705,11.2200604,Q21996594,,bayern-260721
912139856,Geißberg,,1412,47.4147885,10.2132511,Q31545844,,bayern-260721
889074206,Jackelberg,,1412,47.6964773,12.0464154,Q96739249,de:Jackelberg (Berg),bayern-260721
11581553757,,,1412,47.4148612,10.189004,,,bayern-260721
4380583010,Hausgrabenkopf,,1411,47.6804936,12.5985718,Q31542014,,bayern-260721
1978075738,Laberköpfl,,1411,47.5931161,11.1020561,,,bayern-260721
528944486,Renkknie,,1411,47.438872,10.045212,Q21877984,,bayern-260721
2877744693,Rührkübel,,1410,47.7205369,11.996693,,,bayern-260721
1743681822,Neuhütteneck,,1408,47.6791834,11.6535537,Q100279028,de:Neuhütteneck,bayern-260721
11475916813,Ofterschwanger Horn,,1408,47.4936946,10.212573,Q1235054,de:Ofterschwanger Horn,bayern-260721
702874232,Vorderer Rappenkopf,,1408,47.5827864,11.0548208,Q31516218,,bayern-260721
1431131342,Brünsteck,,1407,47.5402324,11.4132798,,,bayern-260721
1410070710,Feuereck,,1407,47.6469772,11.4018464,Q31558214,,bayern-260721
1279756168,Friedbergkopf,,1406,47.6289608,11.6941638,,,bayern-260721
4104402984,Grießberg,,1406,47.5890058,11.2727331,,,bayern-260721
4216007149,Labelsberg,,1406,47.6274117,11.4529802,Q31532695,,bayern-260721
3253370804,Bremeneck,,1405,47.6014991,10.9966936,Q31557519,,bayern-260721
11584505093,,,1405,47.5933462,10.4507422,Q133285541,,bayern-260721
12078386955,,,1405,47.4388685,11.129372,,,bayern-260721
9271247941,Bärenhaupt,,1404,47.6262,11.41625,Q31552858,,bayern-260721
702874221,Hinterer Rappenkopf,,1404,47.5841636,11.0488157,Q31540684,,bayern-260721
773310205,Zeitberg,,1404,47.6444288,11.0548916,,,bayern-260721
3911470345,,,1404,47.7169895,12.0480175,,,bayern-260721
1279756154,Rosskopf,,1403,47.61385,11.610056,,,bayern-260721
3135793934,Wank,,1403,47.6108194,11.243485,,,bayern-260721
6269262719,Kirche,,1402,47.5385966,12.930889,,,bayern-260721
2796313169,Klausenberg,,1402,47.6390128,12.4833642,,,bayern-260721
915085856,Prodel,,1401,47.52464,10.07481,Q105956182,de:Prodel,bayern-260721
3233329554,Graseckwand,,1400,47.5981566,11.7183214,Q124418260,,bayern-260721
4980567984,Reinhardsberg,,1400,47.6099571,12.0875678,,,bayern-260721
3230098750,Wirtshöhe,,1400,47.6285867,12.0643333,,,bayern-260721
1704155750,Kitzstein,,1399,47.723057,12.188521,,,bayern-260721
2413491281,Kleiner Rachel,,1399,48.983702,13.3791457,Q1746668,,bayern-260721
1432769334,Gederer Wand,,1398,47.7670965,12.3816461,,,bayern-260721
1280509706,Hühnerberg,,1397,47.5703194,11.5874394,Q21868108,,bayern-260721
643653896,Hochschergen,,1396,47.6307827,10.9920024,Q31539804,,bayern-260721
1406931812,Jagerwand,,1396,47.7541177,12.2917573,,,bayern-260721
444733025,Mittlerer Rotofen,,1396,47.6943153,12.9189747,Q11825933,de:Rotofen,bayern-260721
3230132868,Moosberg,,1396,47.6978498,12.3210699,Q31558753,,bayern-260721
3105292875,Durlachkopf,,1395,47.7239517,12.6140696,Q31354249,,bayern-260721
2616497949,Grüneck,,1395,47.632505,11.7231497,Q42306274,de:Grüneck (Tegernseer Berge),bayern-260721
3849051307,Rehwaldkopf,,1395,47.7195687,12.5343052,Q31359389,,bayern-260721
384846582,Rötelstein,,1395,47.6310368,11.2849208,Q15059629,,bayern-260721
715720528,,,1395,47.5540285,11.1727521,,,bayern-260721
11663514287,,,1395,47.4290625,10.40779,,,bayern-260721
11584941171,,,1394,47.431168,10.062465,,,bayern-260721
6423595939,Schoberwaldkreuz,,1393,47.5952472,11.1261585,,,bayern-260721
449560297,Toter Mann,,1392,47.6311275,12.9233171,Q1742289,,bayern-260721
915059716,Fluh,,1391,47.50646,10.00422,Q106472787,de:Fluh (Allgäuer Alpen),bayern-260721
61080195,Hoher Kranzberg,,1391,47.4513588,11.2286303,Q177064,,bayern-260721
4104489597,Elmauberg,,1390,47.6450931,11.0736616,Q31548126,,bayern-260721
6622386372,Hochmaiskopf,,1390,47.6722424,12.8507429,Q31353962,,bayern-260721
1625972603,Stübenwasen,,1389,47.8674017,7.9715665,Q1522277,de:Stübenwasen,baden-wuerttemberg
4102509389,Sulzeck,,1389,47.5723736,10.9227768,,,bayern-260721
4104582047,,,1389,47.5269963,11.2354181,,,bayern-260721
12423039644,,,1389,47.4194638,10.1538133,,,bayern-260721
3229978767,Eckspitz,,1386,47.6795493,11.8446746,,,bayern-260721
715725575,Jakelberger Köpfel,,1385,47.4926017,11.0022845,,,bayern-260721
11602997749,Schwarzenberg,,1385,47.4307527,10.2105984,Q31521300,,bayern-260721
702918160,Steckenberg,,1385,47.5963992,11.0271651,Q31519478,,bayern-260721
4104477136,Alpenkopf,,1384,47.6252731,11.2815984,Q31557936,,bayern-260721
3050860035,Heuberg,,1384,47.6720966,11.9477416,Q31541119,,bayern-260721
96428405,Kleiner Arber,,1384,49.1133011,13.1100722,Q882309,de:Kleiner Arber,bayern-260721
10300162543,Sattelkopf,,1384,47.6938922,11.6721641,Q25392929,de:Sattelkopf (Tegernseer Berge),bayern-260721
1855021871,Vorderer Kienberg,,1384,47.5719162,10.54035,Q131034083,de:Vorderer Kienberg,bayern-260721
11585013148,,,1384,47.59079,10.51733,,,bayern-260721
11475916844,Ostertalberg,,1383,47.485831,10.1669883,Q31804546,,bayern-260721
4647797222,Huder,,1382,47.7012898,11.6755881,Q19963321,de:Huder (Berg),bayern-260721
441391243,Schwarzeck,,1382,47.6459467,11.6681975,,,bayern-260721
401538790,Schafkopf,,1380,47.5441336,11.0905038,Q31523659,,bayern-260721
2425615806,Rötlwandkopf,,1379,47.7609246,12.5458676,Q31345519,,bayern-260721
4104489596,Aschlerberg,,1378,47.6460314,11.0798984,Q31553348,,bayern-260721
3626676483,Hufberg,,1378,48.7699013,13.847162,,,bayern-260721
1633757039,Grafenmatt,,1377,47.8478709,8.0204329,Q31544952,,baden-wuerttemberg
11472780073,Weißfluh,,1377,47.50377,9.99824,Q138387477,,bayern-260721
1280475388,Hoher Zwiesler,,1376,47.6007189,11.5399668,Q15115084,de:Hoher Zwiesler,bayern-260721
9688409780,Hufberg - westlicher Gipfel,Hufberg - westlicher Gipfel,1376,48.7705363,13.8464439,,,bayern-260721
576571442,Plattenhausenriegel,Plattenhausenriegel,1376,48.9642157,13.4479409,Q833090,de:Plattenhausenriegel,bayern-260721
1280514612,,,1376,47.6476985,11.4787573,,,bayern-260721
4337688895,Grenzkendlkogel,,1375,47.6710273,12.6387738,,,bayern-260721
12368305057,Oberbodenkopf,,1375,47.536596,10.627135,Q21876579,,bayern-260721
1354753079,Gassenthomaskopf,,1373,47.5483204,10.7471085,,,bayern-260721
4063717463,Immisberg,,1373,47.8792202,7.9956541,Q31560579,,baden-wuerttemberg
410947529,Lusen,Lusen,1373,48.9391964,13.5067775,Q896982,de:Lusen,bayern-260721
13948184522,Nad Rakouskou loukou,,1373,48.7707392,13.846536,,,bayern-260721
1517751985,Rabensteinhorn Südgipfel,,1373,47.6962351,12.8228377,,,bayern-260721
4102642392,Vordertörle,,1373,47.5808549,10.8413272,Q31557118,,bayern-260721
4104421919,Birnkopf,,1372,47.616368,10.8741979,Q31552372,,bayern-260721
3146471175,Gemskopf,,1372,47.6573099,11.4304621,Q31558294,,bayern-260721
3253369961,Schartenköpfl,,1372,47.6068666,11.0056656,,,bayern-260721
11663514290,Unterer Schwarzenberg,,1372,47.4267879,10.4083173,Q130484172,,bayern-260721
11595760164,,,1372,47.477969,9.982314,,,bayern-260721
3233329549,Bettsteineck,,1370,47.6685722,11.6941222,,,bayern-260721
4102509395,Klamm,,1370,47.5740845,10.8217379,,,bayern-260721
440940579,Luckenkopf,,1370,47.7146342,11.6647047,Q22692887,de:Luckenkopf,bayern-260721
1978116115,Schartenkopf,,1370,47.5881799,11.1282336,,,bayern-260721
577336416,Velká Mokrůvka,Moorberg,1370,48.9546699,13.5064049,Q11878617,,bayern-260721
715720564,,,1370,47.5592159,11.1797066,,,bayern-260721
714142246,Bletschertalkopf,,1369,47.5040282,11.2162874,Q31552130,,bayern-260721
48783748,Kranzhorn,,1368,47.7005164,12.1835401,Q1439810,de:Kranzhorn,bayern-260721
4894244948,Osterfeuerspitze,,1368,47.6031223,11.2150194,,,bayern-260721
444733026,Vorderer Rotofen,,1368,47.6937076,12.9224324,,,bayern-260721
3577124557,,,1368,47.5686682,11.4486761,,,bayern-260721
4431668122,Blatný vrch,,1367,48.9674747,13.4500843,,,bayern-260721
1279802994,Hirschhörnl,,1367,47.5793091,11.4740528,,,bayern-260721
1487169532,Großer Rechenberg,,1366,47.7269721,12.500925,Q30659854,,bayern-260721
1279802978,Spitzberg,,1366,47.571462,11.4580742,Q31520046,,bayern-260721
702271044,Schwaiger Berg,,1365,47.6072985,11.1249494,Q31521676,,bayern-260721
4102642395,Nickelskopf,,1364,47.5952785,10.8894175,Q31557467,,bayern-260721
1279771735,Saurüsselkopf,,1364,47.6225673,11.6511951,Q30539486,de:Saurüsselkopf (Tegernseer Berge),bayern-260721
1279333647,Schwarzwand,,1364,47.6850641,11.626852,Q21865673,de:Schwarzwand,bayern-260721
4104404192,Wachsbichel,,1364,47.6047242,10.9823994,,,bayern-260721
12423039648,,,1364,47.4404175,10.1254678,,,bayern-260721
6202988600,Kotiger Stein,,1363,47.658537,11.5346158,,,bayern-260721
4104404193,Lauskopf,,1363,47.5989342,10.9665212,Q31532131,,bayern-260721
1913686966,Nesselberg,,1363,47.6174517,12.0378767,Q21873217,,bayern-260721
311143265,Wasserwand,,1363,47.7275858,12.1849961,,,bayern-260721
1774677537,Bayerischer Plöckenstein,Bayerischer Plöckenstein,1362,48.7720365,13.8269626,Q812363,de:Bayerischer Plöckenstein,bayern-260721
13586596543,Pfangahöhe,,1360,47.485256,9.981365,Q138388941,,bayern-260721
1406932400,Zellerhorn,,1360,47.7559031,12.2941252,,,bayern-260721
1382113324,Rohrkopf,,1359,47.5695965,10.7796039,Q31525469,,bayern-260721
4063756608,Silberberg,,1359,47.8376378,7.99703,Q2285729,,baden-wuerttemberg
4117207289,Bogn Nosn,,1358,47.7521794,12.579788,,,bayern-260721
1372835475,Blässleskopf,,1357,47.533,10.35115,Q31552225,,bayern-260721
3135780329,Markkopf,,1357,47.5238626,11.3425747,,,bayern-260721
3485810457,Scharnkopf,,1356,47.7388807,12.7706877,Q31523561,,bayern-260721
12368305056,,,1356,47.537366,10.628474,,,bayern-260721
1124177898,Zwölferkopf,,1355,47.4879795,10.3504615,Q124611516,,bayern-260721
3023115499,Dümpfel,,1354,47.6915654,12.0689869,Q31549079,,bayern-260721
3233329556,Halseck,,1354,47.6493353,11.7155159,Q31542506,,bayern-260721
1855021870,2. Pfrontener Berg,,1352,47.5722217,10.5430793,Q133289235,,bayern-260721
442710826,Geißkopf,,1352,47.6013397,11.5956652,Q31545762,,bayern-260721
4102507287,Martinswand,,1352,47.5755735,10.9327324,Q31557006,,bayern-260721
294642494,Weissenbachkopf,,1352,47.6077942,11.773529,,,bayern-260721
4104402983,Grießberg,,1351,47.5851272,11.2864661,,,bayern-260721
302404123,Spießhorn,,1351,47.8307116,8.0414512,Q15129013,,baden-wuerttemberg
577323244,Špičník,Großer Spitzberg,1351,48.9610239,13.4637583,Q10413433,,bayern-260721
1679600826,Breitensteinfensterl,,1350,47.7187677,11.9776495,,,bayern-260721
1142708301,Fuderheuberg,,1350,47.753517,12.8709902,Q879480,de:Fuderheuberg,bayern-260721
1421707148,Großer Spitzberg,,1350,48.9583264,13.4619944,,,bayern-260721
1254353608,Katzenkopf,,1350,47.6544438,11.5180908,Q107710642,de:Katzenkopf (Benediktenwand),bayern-260721
3633598457,Koteck,,1350,47.6669824,11.5381086,,,bayern-260721
1740669874,Laubenstein,,1350,47.7571992,12.2885294,Q31559029,,bayern-260721
1978101433,,,1350,47.5729548,11.1180893,,,bayern-260721
705251750,Kreuzturm,,1349,47.5717598,11.2053015,Q31556891,,bayern-260721
3230301392,Köstelkopf,,1349,47.7609295,12.5244307,Q31332139,,bayern-260721
1431131525,Rißer Hochkopf,,1348,47.5628863,11.4201599,Q31525655,,bayern-260721
3230098749,Sillberg,,1348,47.6455227,11.9958352,Q31520759,,bayern-260721
261020752,Zwiesel,,1348,47.7235737,11.4884518,Q14850767,de:Zwiesel (Kocheler Berge),bayern-260721
442345031,Breitenkopf,,1347,47.6180237,11.6332571,Q31551357,,bayern-260721
4104404194,Schwabenkopf,,1346,47.595052,10.9540117,Q31521697,,bayern-260721
26864414,,,1345,47.698953,12.4407003,,,bayern-260721
576699851,Jezerní hora,Hohe Seewand,1344,49.168656,13.1847617,Q12024624,,bayern-260721
441306326,Kotlahnerkopf,,1344,47.6750132,11.7197258,,,bayern-260721
2430346251,,,1344,47.6013176,10.5137648,,,bayern-260721
11584504993,,,1343,47.5260707,10.34272,,,bayern-260721
4158998575,Flauschberg,,1342,47.6918676,12.6672881,,,bayern-260721
296034076,Kofel,,1342,47.5868607,11.0595271,Q1641755,de:Kofel,bayern-260721
469869745,Steinfleckberg,,1342,48.951276,13.5224041,Q832784,de:Steinfleckberg,bayern-260721
270091940,Vysoký hřeben,Hochkamm,1341,48.7746867,13.813786,,,bayern-260721
294642490,Zwieselberg,,1341,47.6100053,11.7721582,Q31513812,,bayern-260721
12505122839,,,1341,47.5275179,10.2126181,,,bayern-260721
9071260980,Höllwand,,1340,47.7231939,12.1868538,,,bayern-260721
1254353521,Kogel,,1340,47.66997,11.5308184,Q96000709,de:Kogel (Kocheler Berge),bayern-260721
2996234833,Mittagsplatzl,,1340,49.093397,13.1428476,Q872635,de:Mittagsplatzl,bayern-260721
6619156556,Teufelskopf,,1340,47.5937664,12.823039,Q31517597,,bayern-260721
10300162542,Spitzeck,,1339,47.7018864,11.6661234,,,bayern-260721
3756190674,,,1339,47.7454479,12.4047117,,,bayern-260721
12304030141,Auf dem Grat,,1338,47.5969834,10.4798178,Q130748744,,bayern-260721
60196151,Burgschrofen,,1338,47.4897084,10.3557259,Q31556168,,bayern-260721
48783390,Heuberg,,1338,47.7260968,12.1843387,Q1616384,de:Heuberg (Chiemgauer Alpen),bayern-260721
2880084780,Mittlerer Adlerkopf,,1338,47.6960642,12.6677871,,,bayern-260721
1401427466,Plesná,Lackenberg,1338,49.1050636,13.3128899,Q321991,de:Lackenberg (Bayerischer Wald),bayern-260721
701066939,Rehleitenkopf,,1338,47.7025666,12.103677,Q31526565,de:Rehleitenkopf,bayern-260721
1279802959,,,1338,47.6418784,11.463017,,,bayern-260721
1279802979,,,1338,47.6386841,11.4629778,,,bayern-260721
48783878,Großer Riesenkopf,,1337,47.7084725,12.1068813,Q1548935,de:Großer Riesenkopf,bayern-260721
672931871,Osterfeuerköpfl,,1336,47.6023232,11.2145558,,,bayern-260721
476276692,Zinkenkopf,,1336,47.64767,13.08619,Q204741,,bayern-260721
4369817141,Gindelalmschneid,,1335,47.7236176,11.7956894,Q1524911,de:Gindelalmschneid,bayern-260721
3459052673,Svaroh,Zwercheck,1334,49.1739781,13.1664534,Q243865,cs:Svaroh (Šumava),bayern-260721
95964264,Dreisessel,,1333,48.780679,13.8031771,Q457636,de:Dreisesselberg (Bayerischer Wald),bayern-260721
95964265,Hochstein,,1333,48.7847492,13.8027768,Q1622345,,bayern-260721
402664587,Teisenberg,,1333,47.8056554,12.7682071,Q1445024,,bayern-260721
1472019094,Gleiselstein,,1332,47.6446913,11.9075355,,,bayern-260721
4102642391,Hennenkopf,,1332,47.5916682,10.8160367,Q31541381,,bayern-260721
3230301397,Mühlprachkopf,,1332,47.6691619,12.5258767,Q31301668,,bayern-260721
7773745925,Malá Mokrůvka,Moorkopf,1331,48.9695427,13.5074488,Q12035052,,bayern-260721
3077015210,Litzlbachhörndl,,1330,47.7043284,12.7354602,Q31531643,,bayern-260721
3230066907,Pfannkobel,,1330,47.6303897,11.9258563,Q31528115,,bayern-260721
281499400,Rechelkopf,,1330,47.7222953,11.6247509,Q2135213,de:Rechelkopf,bayern-260721
1427134777,Schlagkopf,,1330,47.6765339,11.6358042,Q31522896,,bayern-260721
11581548648,,,1330,47.3987849,10.1627183,,,bayern-260721
507110962,Schapbachriedel,,1329,47.5887352,12.9562504,Q31804518,,bayern-260721
2398130163,Altlacher Hochkopf,,1328,47.5542402,11.3571284,Q15106464,,bayern-260721
1277957419,Großer Brünnberg,,1328,47.6420758,12.1022154,Q31544382,,bayern-260721
528944377,Hittisberg,,1328,47.4474478,9.9919781,Q130536731,,bayern-260721
1574152592,Westerberg,,1328,47.7017861,11.8485708,,,bayern-260721
9830833897,Hinterer Adlerkopf,,1326,47.6953066,12.6690576,,,bayern-260721
1254353383,Längentalkopf,,1326,47.6677739,11.512035,,,bayern-260721
3233329690,Wenigberg,,1326,47.6085491,11.7632273,Q31515230,,bayern-260721
4102642390,Jagdberg,,1325,47.5847167,10.7965505,Q31537169,,bayern-260721
1257931849,Pastaukopf,,1325,47.7087933,12.2134423,,,bayern-260721
4460997458,,,1325,47.7368715,12.2796788,,,bayern-260721
4557372201,Bärhalde,,1324,47.8502493,8.0759119,,,baden-wuerttemberg
5876663191,Hendelberg,,1324,47.7608542,12.830369,,,bayern-260721
440940577,Kogelkopf,,1324,47.7190337,11.6744,Q19843401,de:Kogelkopf,bayern-260721
4536085650,Luchsfallwand,,1324,47.7589602,12.4927855,,,bayern-260721
13078597192,,,1323,47.4211625,10.2009666,,,bayern-260721
3839867716,Kleines Spießhorn,,1322,47.8259201,8.037889,,,baden-wuerttemberg
3230301401,Richtstrichkopf,,1322,47.695447,12.6296324,,,bayern-260721
4011728798,Schortenkopf,,1322,47.700905,12.06338,Q31521871,de:Schortenkopf,bayern-260721
389806118,Stallauer Kopf,,1322,47.7246598,11.4816115,Q31519722,,bayern-260721
442710824,Brunstlahnerkopf,,1321,47.6010855,11.6109935,Q31550815,,bayern-260721
1141059170,Fuderheustein,,1321,47.7537784,12.8761479,,,bayern-260721
1279802977,Hahnberg,,1321,47.6334615,11.4907304,Q31542838,,bayern-260721
1625975615,Toter Mann,,1321,47.8921384,7.9902473,Q15851272,de:Toter Mann (Schwarzwald),baden-wuerttemberg
441306336,,,1321,47.678025,11.7282164,,,bayern-260721
3230066914,Tuschberg,,1320,47.618309,11.9108858,Q31516920,,bayern-260721
11633979628,Breitensteiner Berg,,1318,47.57285,10.34263,Q31551298,,bayern-260721
915059703,Imberg,,1318,47.5129246,10.0324964,Q138306738,,bayern-260721
26864394,Rabensteinhorn Nordgipfel,,1318,47.6988381,12.8267449,,,bayern-260721
11472751764,,,1318,47.495059,9.9776,Q138388816,,bayern-260721
389027775,Eibelkopf,,1317,47.7275967,11.9916826,Q31558962,,bayern-260721
2348758737,Köpfle,,1317,47.8615057,8.0414557,,,baden-wuerttemberg
3233329684,Rabenstein,,1317,47.6147751,12.0314281,,,bayern-260721
3481238184,Schuhnagelkopf,,1317,48.9694063,13.3893469,,,bayern-260721
8511978590,Spitzlerberg,,1317,47.51999,10.06507,Q124331610,,bayern-260721
12423261872,,,1317,47.4726738,10.3500116,,,bayern-260721
2448069883,Achhorn,,1316,47.6507789,12.7530574,Q21873263,,bayern-260721
4104421923,Mitterwachsbichel,,1316,47.6140366,10.9846983,Q31557769,,bayern-260721
714142232,Rindberg,,1316,47.5094645,11.2221773,Q31525892,,bayern-260721
357274338,Rohrkopf,,1316,47.7009765,11.7977397,,,bayern-260721
2123571350,Schreckenkopf,,1316,47.6880106,12.0682957,Q31521785,,bayern-260721
11472751763,,,1316,47.494015,9.974652,,,bayern-260721
4978104062,Großer Falkenstein,,1315,49.0847366,13.2799821,Q895753,de:Großer Falkenstein,bayern-260721
3233368715,,,1315,47.6431302,12.1041964,,,bayern-260721
12379187179,,,1315,47.4251806,10.2232389,,,bayern-260721
1633757085,Schläglebachkopf,,1314,47.8455664,8.009354,,,baden-wuerttemberg
911835841,Großer Illing,,1313,47.624011,11.2637843,Q31544070,,bayern-260721
11633979644,,,1313,47.5504706,10.3369331,Q133281951,,bayern-260721
3676274841,Vorderer Adlerkopf,,1312,47.6969394,12.6670165,,,bayern-260721
3229950339,,,1312,47.6961065,12.0531617,,,bayern-260721
1431131378,Mitterberg,,1311,47.5635524,11.4003216,Q31556759,,bayern-260721
391697418,Blößling,,1310,47.7944619,8.0045395,Q32406290,,baden-wuerttemberg
2348756421,Hochkopf,,1310,47.8583025,8.0582179,Q31539972,,baden-wuerttemberg
705155390,Waxenstein,,1310,47.6658503,11.5427384,Q31558507,,bayern-260721
3233329667,,,1310,47.6352148,11.8818866,,,bayern-260721
2883098332,Mehrentaler Wand,,1309,47.7720837,12.5234167,,,bayern-260721
13381243046,Karkopf,,1308,47.6353461,13.0808054,,,bayern-260721
299432944,Mühlschartenkopf,,1308,47.6168885,10.8307895,Q31529998,,bayern-260721
643653893,Hinterschergen,,1307,47.6271819,10.9778395,Q31540600,,bayern-260721
1180862245,Schwarzbergel,,1307,47.6884103,11.6244144,Q116983817,de:Schwarzbergel,bayern-260721
2512170505,Wamberg,,1307,47.4743224,11.1689881,,,bayern-260721
7141485144,,,1306,47.8919124,8.0254994,Q137807923,,baden-wuerttemberg
11584504989,,,1306,47.52644,10.33635,,,bayern-260721
703354390,Mühlberg,,1305,47.57161,11.1173541,Q31530111,,bayern-260721
4102507288,Roßeck,,1305,47.5742363,10.938891,Q31525229,,bayern-260721
1978075939,Schafkopf,,1305,47.535164,11.2633473,Q22030610,,bayern-260721
592647156,Silbereck,,1305,47.6507526,11.6924223,,,bayern-260721
7141489569,,,1305,47.8549533,8.0718178,,,baden-wuerttemberg
3480665605,Bärenlochriegel,,1304,48.9664901,13.4405838,,,bayern-260721
173883540,Grünstein,,1304,47.5943452,12.9654528,Q1552351,de:Grünstein (Watzmann),bayern-260721
3181282951,,,1304,47.7248193,12.184113,,,bayern-260721
3233329555,Großer Berg,,1303,47.596437,11.7479178,,,bayern-260721
3101681818,Maierknogl,,1303,47.7350958,12.7388201,Q31531230,,bayern-260721
12320926199,Urfallköpfle,,1303,47.5523717,10.4904293,Q131012473,,bayern-260721
11157154209,,,1303,47.6868767,12.3528654,,,bayern-260721
1279783252,Ameiskopf,,1302,47.5903154,11.6492462,,,bayern-260721
1920019097,Hachelspitz,,1300,47.6882708,11.8976098,,,bayern-260721
6622386371,Kratzer,,1300,47.6719119,12.867152,,,bayern-260721
3013957643,Lochköpfel,,1300,47.7344195,12.550899,,,bayern-260721
5485841643,Vogelspitz,,1300,47.6815373,12.8500396,Q31294218,,bayern-260721
2360314373,Lusenköpfel,,1299,47.6586111,11.4145225,Q31558310,,bayern-260721
4102507285,G'hörigenhöfe,,1298,47.5528202,10.9455722,,,bayern-260721
1913793049,Ofensteinwand,,1298,47.6095399,12.1084177,,,bayern-260721
2020368803,Schnepfhalde,,1298,47.8199025,8.0921551,Q31522201,,baden-wuerttemberg
12669817384,,,1298,47.572154,10.5452257,Q133289279,,bayern-260721
402678200,Großstaffen,,1297,47.7697998,12.4102288,Q31543545,,bayern-260721
3230066903,Brennereck,,1296,47.6112895,11.8793256,,,bayern-260721
457003387,Schupperköpfl,,1296,47.5308534,10.1491012,Q130496028,,bayern-260721
1421180639,Schürpfeneckberg,,1296,47.5678491,11.4383085,Q31521716,,bayern-260721
96428403,Großer Osser,Großer Osser,1293,49.2031833,13.1097845,Q57572842,,bayern-260721
13112561651,Hittisberg Westgipfel,,1293,47.4469327,9.986208,Q136039527,,bayern-260721
7500516973,Niederskopf,,1293,47.5770421,11.5032567,Q31529506,,bayern-260721
441306332,Ringspitz,,1293,47.6829037,11.7330155,Q26882765,de:Ringspitz,bayern-260721
2598550656,Salober,Salober,1293,47.5654772,10.6127413,Q19308399,de:Salober (Falkensteinkamm),bayern-260721
9246165621,,,1293,47.6806979,11.7342227,,,bayern-260721
2910612830,Lanzeleck,,1292,47.7069001,12.703796,Q31532325,,bayern-260721
11584942293,,,1292,47.3937738,10.2079726,Q132316830,,bayern-260721
4104477134,Hechendorfer Berg,,1291,47.6267726,11.1099903,,,bayern-260721
3230301402,Riserköpfe,,1291,47.6341565,12.5538672,,,bayern-260721
9892741718,Brauneck,,1290,47.7100497,11.6638254,,,bayern-260721
3191281746,Desselkopf,,1290,47.6183935,11.3579688,Q115787218,de:Desselkopf,bayern-260721
3013916975,Hochwurz,,1290,47.7695976,12.5225578,,,bayern-260721
1726259740,Kühberg,,1290,47.57918,10.40082,Q31804528,,bayern-260721
3146487648,Bauernwurf,,1287,47.6563397,11.4393984,,,bayern-260721
4102642396,Brameckköpfel,,1287,47.6093324,10.8979843,Q31557637,,bayern-260721
403303195,Enzian,,1287,49.1237073,13.0830635,Q1346013,de:Enzian (Bayerischer Wald),bayern-260721
7658516058,Schmaleck,,1287,47.87692,7.9748722,,,baden-wuerttemberg
277585474,Zwölferkopf,,1287,47.5668634,10.6053393,Q19312156,"de:Zwölferkopf (Falkensteinkamm, deutscher Name)",bayern-260721
2621596170,,,1287,47.6199259,11.7988676,,,bayern-260721
6619156555,Halskopf,,1285,47.6016706,12.8338717,,,bayern-260721
535182011,Schweinekopf,,1285,47.7904897,7.9971655,Q31561006,,baden-wuerttemberg
5774972193,Spechtenkopf,,1285,47.704072,12.8839484,,,bayern-260721
3510444084,,,1285,47.6433112,11.4353557,,,bayern-260721
1573948654,Schauinsland,,1284,47.9118843,7.8986554,Q650549,de:Schauinsland,baden-wuerttemberg
409616954,Wetterfahne,,1284,47.6828333,12.377494,Q31558639,,bayern-260721
2874031001,Bairerkopf,,1283,47.7730979,12.5273079,Q31354310,,bayern-260721
3230098742,Hausberg,,1283,47.6359728,11.9877063,Q31542068,,bayern-260721
3229950338,Mitterberg,,1283,47.6877111,12.0243576,Q31530614,,bayern-260721
914395399,Engenkopf,,1282,47.3940016,10.2203927,Q31548059,,bayern-260721
11619670999,,,1282,47.577264,10.4040098,,,bayern-260721
3860708541,Kaserkopf,,1281,47.7086156,12.7198413,Q31536080,,bayern-260721
2616499852,Rasserringkopf,,1281,47.6059621,11.7373153,,,bayern-260721
1021851173,Trubelsmattkopf,,1281,47.8677,7.8878,Q31516987,,baden-wuerttemberg
3242752334,Markkopf,,1280,48.9686858,13.5150775,,,bayern-260721
1272500634,Mitterberg,,1280,47.7214992,11.6369916,Q31530597,,bayern-260721
7972230710,Hoher Filzberg,,1279,48.9367145,13.5210641,Q1623890,en:Hoher Filzberg,bayern-260721
3743479381,Schlierseespitz,,1279,47.6940627,11.8662156,,,bayern-260721
401706780,Sulzkopf,,1279,47.7295347,11.620906,Q16857355,de:Sulzkopf,bayern-260721
440940585,Gronetseck,,1278,47.7155768,11.6496965,Q26271340,de:Gronetseck,bayern-260721
1406919071,Hammerstein,,1278,47.7599108,12.2949779,Q31559045,,bayern-260721
441306317,Luchseck,,1278,47.6750969,11.7083359,Q31531495,,bayern-260721
12285984167,Schartenkopf,,1278,47.3802309,10.2555,Q31555275,,bayern-260721
1274835788,Schweinberg,,1278,47.6966791,11.6217197,Q16856787,de:Schweinberg (Lenggries),bayern-260721
1409857323,Sonnwendköpfl,,1278,47.6945821,12.4326504,,,bayern-260721
5343432640,Wiesenwaldkopf,,1278,47.900639,8.0401958,Q31514966,,baden-wuerttemberg
3233329671,,,1278,47.6843785,12.0271267,,,bayern-260721
10274295498,,,1277,47.8307806,8.0845728,,,baden-wuerttemberg
577336417,V koutě,,1276,48.9727165,13.4258767,,,bayern-260721
1280475354,Mitterkopf,,1275,47.611569,11.5557259,Q31530500,,bayern-260721
1994970656,Oberer Habsberg,,1275,47.8036298,8.1166787,,,baden-wuerttemberg
7541694391,Heidstein,,1274,47.8360042,7.8423177,Q31541781,,baden-wuerttemberg
292392028,Farrenpoint,,1273,47.7433528,12.0355847,Q1397113,de:Farrenpoint,bayern-260721
324075710,Kapellenkopf,,1273,47.835669,8.0865356,,,baden-wuerttemberg
1574152589,Kreuzbergköpfel,,1273,47.7114347,11.8113574,,,bayern-260721
1280465448,Talkopf,,1273,47.61813,11.5623576,Q31557854,,bayern-260721
441372961,Bettstein,,1272,47.6684777,11.6886388,Q115537393,de:Bettstein (Tegernseer Berge),bayern-260721
2283172843,Hirschgröhrkopf,,1272,47.713758,11.8891802,Q31540383,,bayern-260721
6731477485,Strubkopf,,1271,47.575612,13.0071885,,,bayern-260721
4462909989,,,1271,49.1113081,13.1249562,,,bayern-260721
916472011,Falkenstein,,1270,47.56941,10.59117,Q31547515,,bayern-260721
4494839789,Pflasterbachhörndl,,1270,47.7015243,12.8296896,Q31558769,,bayern-260721
919730944,Saurüsselkopf,,1270,47.6969604,12.6493523,Q31523888,,bayern-260721
1268492645,Spitzingscheibe,,1270,47.7005103,11.9880991,Q93118382,,bayern-260721
2996235651,Ruckowitzberg,,1269,49.0947511,13.2826889,Q1417160,,bayern-260721
748804706,Sonnenspitz,,1269,47.6393841,11.3760576,Q109019807,de:Sonnenspitz (Kochel),bayern-260721
419804805,Grasleitenstein,,1268,47.6552244,11.6185482,Q30667662,,bayern-260721
7047217017,Leonhardspitze,,1268,47.7252641,13.022261,,,bayern-260721
3230066906,Pfannberg,,1267,47.6292309,11.9188218,Q31528148,,bayern-260721
3230066915,Öderberg,,1267,47.625292,11.8540155,Q31528850,,bayern-260721
1079111239,Haldenköpfle,,1266,47.8790917,7.8903573,Q31560484,,baden-wuerttemberg
265094431,Kleiner Osser,,1266,49.2016875,13.1030838,Q20752967,,bayern-260721
3065745678,Rauhe-Nadel-Kopf,,1266,47.6937769,12.4134416,,,bayern-260721
12321273282,Ressermändleskopf,,1266,47.558229,10.5032393,Q131031594,,bayern-260721
1670666279,Hirschkopf,,1265,47.8793868,7.9421892,Q31560500,,baden-wuerttemberg
2996241295,Kiesruck,,1265,49.0527189,13.3453269,Q1741113,,bayern-260721
13381243045,Haarpointkopf,,1264,47.6379472,13.0744518,,,bayern-260721
603643975,Hohe Kelch,,1264,47.8189588,7.8211713,Q31561261,,baden-wuerttemberg
3230301405,Stuhlkopf,,1264,47.6881301,12.5429337,Q31302500,,bayern-260721
12560166234,Teisenbergkopf,,1264,47.7880967,12.7732475,,,bayern-260721
4452274824,Hochfahrn,,1263,47.9041597,7.961272,Q31540034,,baden-wuerttemberg
603011747,Hochkopf,,1263,47.7671216,7.9871555,Q390008,de:Hochkopf (Südschwarzwald),baden-wuerttemberg
2638047492,Kaltwasserwand,,1263,47.6361759,11.3942002,Q32063789,,bayern-260721
4510320418,Luchsfallwandl,,1263,47.7583659,12.4907647,,,bayern-260721
2996252119,Siebensteinkopf,,1263,48.9647845,13.5750389,Q1353058,,bayern-260721
534587222,,,1263,47.8019581,8.1246381,,,baden-wuerttemberg
13313336142,Geißstallhöhe,,1262,47.6444375,13.091834,,,bayern-260721
403307514,Heugstatt,,1262,49.1292361,13.0682204,Q1438190,de:Heugstatt,bayern-260721
2833494983,Mutterberg,,1262,47.7086788,12.0598556,Q31529829,,bayern-260721
5594875706,Neureuth,,1261,47.7284592,11.7720937,Q571058,,bayern-260721
3743479379,Dürnbachwand,,1260,47.694642,11.8665749,,,bayern-260721
277585473,Einerkopf,,1260,47.5682562,10.6010893,Q31556875,,bayern-260721
3799225463,Sulzriegel,,1260,48.9241523,13.5260505,Q2365129,,bayern-260721
7799278291,,,1260,47.8058686,8.1068182,,,baden-wuerttemberg
9135889681,,,1260,47.5868858,12.808619,,,bayern-260721
1279771713,Brandkopf,,1258,47.5947188,11.5795593,Q25393050,,bayern-260721
2597722489,Nesselscheibe,,1258,47.7284036,11.680452,Q16854886,de:Nesselscheibe,bayern-260721
1670666295,Neustützkopf,,1258,47.8749554,7.9324389,,,baden-wuerttemberg
2996241293,Großer Hahnenbogen,,1257,49.0452334,13.3631037,Q1568879,,bayern-260721
3230301391,Jochberg,,1257,47.6737142,12.529536,Q30654728,,bayern-260721
1741371913,Rohnberg (Schliersberg),,1257,47.7427943,11.8883149,Q15059837,de:Schliersberg,bayern-260721
2996250696,,,1257,48.9275209,13.5227264,,,bayern-260721
11666237499,,,1255,47.4974519,10.3994286,,,bayern-260721
3242754647,Mrtvý vrch,Totenkopf,1254,48.9730184,13.5221733,,,bayern-260721
11373933059,Salmaser Höhe,,1254,47.5708927,10.0900653,Q31524257,de:Salmaser Höhe,bayern-260721
11284343875,Lackenberg,,1253,47.7050613,12.5002501,,,bayern-260721
11373933058,,,1253,47.571698,10.0951051,,,bayern-260721
11584942278,,,1253,47.39973,10.20855,,,bayern-260721
3229970780,Auer Berg,,1252,47.7305888,11.8104963,Q16054465,,bayern-260721
1574152579,Brunstkogel,,1251,47.710955,11.8417871,Q31550831,,bayern-260721
535177702,Spitzenberg,,1251,47.7937049,8.0142471,Q31560991,,baden-wuerttemberg
413925035,Waldkopf,,1251,47.6749593,12.0419523,,,bayern-260721
1286676588,Kleiner Brünnberg,,1250,47.6346005,12.1059764,Q31534727,,bayern-260721
3233350790,Kleinstaffen,,1250,47.767697,12.4061966,Q31534084,,bayern-260721
3230301400,Reitstein,,1250,47.7479711,12.5918084,,,bayern-260721
2833611504,Schnappenberg,,1250,47.7629492,12.4866789,Q1671120,de:Schnappenberg,bayern-260721
4315361055,,,1250,48.9925159,13.3798397,,,bayern-260721
389806117,Angerlkopf,,1249,47.7224724,11.4674014,Q31558935,,bayern-260721
7541694392,Hohtannen,,1249,47.8338149,7.8607284,Q31560469,,baden-wuerttemberg
414607694,Blomberg Westgipfel,,1248,47.7333461,11.4921002,Q244660,de:Blomberg (Bayerische Voralpen),bayern-260721
1254353310,Kesselkopf,,1248,47.6805905,11.5005893,Q31535453,,bayern-260721
1427489038,Büchsenkopf,,1247,47.569414,13.0030641,,,bayern-260721
442561694,Klammberg,,1247,47.6097832,11.7067279,Q31535014,,bayern-260721
3233329675,,,1245,47.6966694,12.0645704,,,bayern-260721
4315361054,,,1245,48.9921548,13.3796934,,,bayern-260721
11663514282,,,1245,47.4225241,10.4080783,,,bayern-260721
11361327017,Hauchenberg,,1244,47.624351,10.1730012,Q30779096,,bayern-260721
8244940737,Längenberg,,1244,47.6752664,11.4914896,,,bayern-260721
1256843889,Moosenbergkopf,,1244,47.6791118,11.4877094,Q31530340,,bayern-260721
1670666248,Ahornkopf,,1243,47.8796108,7.9337696,Q31560516,,baden-wuerttemberg
1633025023,Brenntkopf,,1243,47.8133072,7.9816283,Q126698036,,baden-wuerttemberg
3229978765,Brunnerstein,,1243,47.6886191,11.8370157,,,bayern-260721
12229267567,Hochwiesriegel,,1243,49.0978196,13.2786727,,,bayern-260721
702261001,Kircheck,,1243,47.6152822,11.0771822,,,bayern-260721
3013978685,Scheichenberg,,1243,47.777293,12.598997,Q31332994,,bayern-260721
3230301404,Sondersberg,,1243,47.6545869,12.5617821,Q31520412,,bayern-260721
11633979619,,,1243,47.5702792,10.3874338,Q133284235,,bayern-260721
535177701,Hohe Zinken,,1242,47.7829363,8.0043248,Q31538475,,baden-wuerttemberg
276665602,Kandel,,1242,48.0625477,8.0113188,Q314746,de:Kandel (Berg),baden-wuerttemberg
1279783248,,,1242,47.6032883,11.6793715,,,bayern-260721
324008555,Dietschel,,1241,47.8382584,7.8549884,Q31560454,,baden-wuerttemberg
701093144,Hirschnagel,,1241,47.7070849,12.100621,,,bayern-260721
1254353583,Kogelberg,,1241,47.67546,11.534111,,,bayern-260721
3073257893,Kranzkogel,,1241,47.6867108,12.7623704,,,bayern-260721
2939392364,Sterneck,,1241,47.7429338,11.9958739,Q27190515,,bayern-260721
7593449240,,,1241,47.6205415,10.1573297,Q132529286,,bayern-260721
2055669063,Graseck,,1240,47.6363026,11.3733414,Q31544890,,bayern-260721
4104421922,Kleinwachsbichel,,1240,47.6198991,10.98451,Q31557888,,bayern-260721
2510209204,Wirtsalpkopf,,1240,47.6914303,12.2863361,Q31558718,,bayern-260721
12423030291,,,1238,47.3979498,10.2057409,,,bayern-260721
1644165590,Blomberg Ostgipfel,,1237,47.7335365,11.5072874,Q31558978,,bayern-260721
1161728265,Eckbauer,,1237,47.4664668,11.1339759,Q31556020,de:Eckbauer_(Berg),bayern-260721
7593449243,Schwabenberg,,1237,47.6189884,10.1509462,Q130416250,,bayern-260721
11465703795,Achsel,,1236,47.4920585,10.3710723,Q31554170,,bayern-260721
310844088,Rollspitz,,1236,47.8280976,7.873813,Q31525433,,baden-wuerttemberg
7593449248,,,1236,47.6155714,10.1424971,,,bayern-260721
3126444927,Altlachberg,,1235,47.5690831,11.3777456,Q115794798,de:Altlachberg,bayern-260721
814886698,Habergrasberg,,1235,48.785,13.78859,,,bayern-260721
7658516060,Köpfle,,1235,47.8651206,7.903504,Q31560267,,baden-wuerttemberg
873636642,Schwarzeck,,1235,49.1465603,13.0645594,Q516926,de:Schwarzeck (Bayerischer Wald),bayern-260721
2621339808,Großer Wildbrenner,,1234,47.6188093,11.7654529,,,bayern-260721
5236024430,Hundsrücken,,1234,47.9195178,7.9094806,Q31560332,,baden-wuerttemberg
440924831,,,1234,47.6918152,11.6474941,,,bayern-260721
1726263542,Hotzenberg,,1233,47.5399817,10.4243822,Q130739084,,bayern-260721
445970161,Kleiner Spitzberg,Kleiner Spitzberg,1233,48.9510092,13.4797727,,,bayern-260721
3146471173,Schwarzenbergkopf,,1233,47.6656663,11.4292045,Q31521506,,bayern-260721
914631687,,,1233,47.61875,10.14789,,,bayern-260721
2976643043,Kleiner Hahnenbogen,,1232,49.0498975,13.3563224,,,bayern-260721
1280475382,Anderlkopf,,1231,47.6109599,11.5634289,Q31553545,,bayern-260721
1792128624,Auracher Köpferl,,1231,47.7137651,11.9079192,Q31535780,,bayern-260721
1670666291,Horn,,1231,47.8567252,7.9344436,,,baden-wuerttemberg
12560166297,Großer Kachelstein,,1230,47.8044064,12.7520791,,,bayern-260721
2621339810,Hohlenstein,,1230,47.6209764,11.7649963,Q31538427,,bayern-260721
9997401137,,,1230,47.7256889,12.6475384,,,bayern-260721
419636761,Kindlwand,,1229,47.7310324,12.1808792,,,bayern-260721
577336410,Velký Kokrháč,,1229,49.1861368,13.1451712,,,bayern-260721
1279802974,Falkenwand,,1228,47.5830443,11.5029581,Q31547435,de:Falkenwand,bayern-260721
2410851703,Stallriegel,,1228,49.1086495,13.1468493,,,bayern-260721
389080562,Steckenbergkreuz,,1228,47.6024309,11.0237552,,,bayern-260721
3230066908,Pfannkopf,,1227,47.6311548,11.9028621,Q31528097,,bayern-260721
407796645,Zinnkopf,,1227,47.7813088,12.6773788,Q205091,,bayern-260721
12423030292,,,1227,47.3983056,10.2139163,,,bayern-260721
12593364389,,,1227,47.5721,10.10056,,,bayern-260721
2512170190,Brauneck,,1226,47.4715388,11.1546001,,,bayern-260721
3230301388,Gründberg,,1226,47.7253666,12.5603577,Q30656365,,bayern-260721
2616497953,Hoher Gernberg,,1226,47.6145044,11.7269033,,,bayern-260721
1256843918,Buchenauer Kopf,,1225,47.693248,11.4667189,Q31550623,,bayern-260721
7814359906,Exenberg,,1225,47.692278,12.4148364,,,bayern-260721
778969565,Köhlgarten,,1224,47.7908337,7.7787727,Q31533729,,baden-wuerttemberg
8259641318,Köhlgarten Ostgipfel,,1224,47.7877709,7.7885355,,,baden-wuerttemberg
3230066905,Lämmeralpeneck,,1224,47.6285402,11.8848818,,,bayern-260721
759792018,Mitterberg,,1224,47.6897559,12.1219738,,,bayern-260721
3230066912,Schlagkopf,,1224,47.6223562,11.8689928,Q31522912,,bayern-260721
2076811114,Tatzenriesköpfl,,1224,47.5570337,10.4690532,Q130748812,,bayern-260721
2616499336,,,1224,47.6287036,11.7344167,,,bayern-260721
11472780084,,,1224,47.509,10.01734,,,bayern-260721
2939392336,Sternplatte,,1223,47.747483,11.9923907,Q31518614,,bayern-260721
3230301410,Zinnkopf,,1223,47.7783588,12.5263757,,,bayern-260721
3233329662,,,1223,47.621458,11.9572325,,,bayern-260721
3228636293,Großer Mühlberg,,1222,47.6792261,12.0697892,Q31543893,,bayern-260721
4594401287,Horneck,,1222,47.9100205,8.0232783,Q31537986,,baden-wuerttemberg
3721738280,Kemeikopf,,1222,47.7463097,12.586438,,,bayern-260721
885262311,Schwarzenberg,,1222,47.6419783,12.1358034,Q31521574,,bayern-260721
3233329689,Talwand,,1222,47.693938,11.9150031,,,bayern-260721
8247190717,Bründlingköpfl,,1221,47.7696331,12.5638071,,,bayern-260721
3637196484,Großer Nock,,1221,47.597462,11.7622319,Q112875959,,bayern-260721
1280465454,Rauchenberg,,1221,47.6213772,11.5683741,,,bayern-260721
1421180648,Schürpfenkopf,,1221,47.5732861,11.4404185,Q31556958,,bayern-260721
7541675068,Steppberg,,1221,47.798588,8.0937973,Q31518648,,baden-wuerttemberg
1374101852,Geißrücken,,1220,47.5646634,10.38471,Q31556725,,bayern-260721
6622407733,Luegerhorn,,1220,47.6765303,12.8397152,Q31311060,,bayern-260721
11373933062,,,1219,47.5682958,10.0817156,,,bayern-260721
4573583073,Farnberg,,1218,47.7623874,8.0270888,Q31547400,,baden-wuerttemberg
414607685,Heigelkopf,,1218,47.727705,11.5133539,Q869872,de:Heigelkopf,bayern-260721
1355164630,,,1218,48.985729,13.3869806,,,bayern-260721
12221996301,,,1218,47.6122679,10.1330316,,,bayern-260721
2621341672,Roßsteinwand,,1217,47.6555628,11.7665988,Q111660094,de:Roßsteinwand,bayern-260721
534587223,Bötzberg,,1216,47.7854297,8.1348451,Q31551785,,baden-wuerttemberg
5949489313,Kobelwand,,1216,47.7676452,12.5065681,Q31336350,,bayern-260721
1306733448,Sattelhöhe,,1216,48.0683967,8.0186973,Q31560663,,baden-wuerttemberg
12221996302,,,1216,47.6116458,10.1312721,,,bayern-260721
3190825053,Brunnensteinkopf,,1215,47.7570115,12.3371639,Q31550917,,bayern-260721
39750533,Fichtelberg,,1215,50.4291364,12.9547281,Q164561,de:Fichtelberg (Erzgebirge),sachsen-260721
4104402988,Osterfeuerberg,,1215,47.6006323,11.2107518,Q31528591,,bayern-260721
1692726581,Rabeneck,,1215,47.7111967,12.2119569,,,bayern-260721
3230301406,Tempelberg,,1215,47.6959572,12.5533208,Q31299816,,bayern-260721
935524539,Mitterberg,,1214,47.7344286,12.041971,Q31530580,,bayern-260721
1320516864,Sattmannsberg,,1214,47.5899283,11.2523175,Q31524014,,bayern-260721
12300199819,,,1214,47.59069,10.4403,,,bayern-260721
389806119,Stallauer Eck,,1213,47.7337525,11.4786369,Q15848876,de:Stallauer Eck,bayern-260721
3482821549,,,1213,47.7695656,12.516872,,,bayern-260721
1279756195,,,1212,47.6162849,11.6244428,,,bayern-260721
1638504578,,,1212,47.7312885,11.6682092,,,bayern-260721
2607182341,Wasenkogel,,1211,47.7288407,11.6905672,,,bayern-260721
5343425974,Bankgallihöhe,,1210,47.9133208,8.0305596,Q31560594,,baden-wuerttemberg
3230301389,Haargaßberg,,1210,47.7736459,12.6212384,,,bayern-260721
1431131521,Rautberg,,1210,47.5822868,11.412669,,,bayern-260721
1256843929,Vogelkopf,,1210,47.6873696,11.4814285,Q31516407,,bayern-260721
3203327487,,,1210,47.9067851,7.8911334,,,baden-wuerttemberg
2616499447,,,1210,47.6315661,11.7124921,,,bayern-260721
3188884043,,,1210,47.7243473,12.1814973,,,bayern-260721
4102377016,Kirchenkopf,,1209,47.55877,10.9450553,Q31535097,,bayern-260721
1726290361,Krummenbacher Berg,,1209,47.531999,10.4256493,Q130550104,,bayern-260721
2348768407,Windeck,,1209,47.8981757,8.0775907,Q31560791,,baden-wuerttemberg
3233329550,Breitenberg,,1208,47.7243809,11.8997488,,,bayern-260721
1149812832,Hochzellberg,,1208,49.0776795,13.1332083,Q968738,de:Hochzellberg,bayern-260721
5583014860,Sengalenkopf,,1208,47.8014889,7.9752245,Q31520982,,baden-wuerttemberg
7141528003,Unterer Habsberg,,1208,47.7991064,8.1407213,,,baden-wuerttemberg
289759260,Riederstein,,1207,47.704189,11.7923115,Q30335869,de:Riederstein,bayern-260721
1256843897,,,1207,47.6939328,11.4561753,,,bayern-260721
3334031185,,,1207,47.5718707,10.1032962,Q124356282,,bayern-260721
557310496,Kleiner Fichtelberg,,1206,50.4224638,12.9499527,Q31540787,,sachsen-260721
3347895029,,,1206,48.9930278,13.3817026,,,bayern-260721
389806116,Enzenauer Kopf,,1205,47.7273048,11.4602762,Q31548008,,bayern-260721
5583004323,Hochgescheid,,1205,47.7737767,7.9400796,Q31561197,,baden-wuerttemberg
703834455,Kleiner Laber,,1205,47.5752543,11.1292092,Q31534471,,bayern-260721
535175368,Ledertschobenstein,,1205,47.7777209,8.0019083,,,baden-wuerttemberg
2599368586,Madonna,,1205,47.7600983,12.4874146,,,bayern-260721
11584505106,,,1205,47.5884934,10.4353915,,,bayern-260721
1280475333,Paradiesköpfel,,1204,47.6063116,11.5554406,,,bayern-260721
2616498484,,,1204,47.6122279,11.7050012,,,bayern-260721
1511563857,Fahrtkopf,,1203,47.71849,11.4645391,Q31547603,,bayern-260721
2365417233,Farrenberg,,1203,48.9576901,13.5417946,Q31547366,,bayern-260721
3233329680,,,1203,47.7275086,11.8962396,,,bayern-260721
4102642399,Köpfel,,1202,47.6123428,11.0046358,Q31557753,,bayern-260721
1256843870,Sattelkopf,,1202,47.6841375,11.4798829,Q31558655,,bayern-260721
3233329669,,,1202,47.6783833,12.113462,,,bayern-260721
3233329558,Langeck,,1201,47.6313448,12.0333108,,,bayern-260721
3190814792,Mitterwandl,,1200,47.75837,12.343942,,,bayern-260721
3676274837,Prügelbergkopf,,1200,47.7007747,12.6742974,,,bayern-260721
995773525,Schwarzenberg,,1200,47.5505937,10.6889404,Q21876609,,bayern-260721
3233329682,Schwarzenbergeck,,1200,47.7476985,11.9858345,,,bayern-260721
7141504789,,,1200,47.861029,8.0875249,,,baden-wuerttemberg
1350030716,Fahnenriegel,,1199,49.0521408,13.3372696,,,bayern-260721
2072041435,Hündleskopf,,1199,47.5977634,10.5289193,Q23785629,de:Hündleskopf,bayern-260721
1256843909,Gurneck,,1198,47.6706383,11.4690619,,,bayern-260721
75090368,Hinterwaldkopf,,1198,47.9189737,8.0167776,Q1619849,de:Hinterwaldkopf,baden-wuerttemberg
13598933017,Höfle Hinterkopf,,1198,47.563058,10.447026,Q138471472,,bayern-260721
3230066910,Rotzigmoosberg,,1198,47.6400964,11.839551,Q24698492,,bayern-260721
10924917156,Steilenberg,,1198,47.7164212,12.4343269,,,bayern-260721
12668199764,,,1197,47.60628,10.49669,,,bayern-260721
1278984529,Hohlstein,,1196,48.9150996,13.5301565,Q1624090,de:Hohlstein,bayern-260721
4967432232,Burgberg,,1194,47.4320044,11.2509755,Q21873179,,bayern-260721
1279802987,,,1194,47.6361347,11.503856,,,bayern-260721
2306373437,Brendten,,1193,47.4601563,11.242835,Q1623887,de:Hoher Brendten,bayern-260721
1350032421,Scheuereckberg,,1193,49.0673998,13.3311385,Q2233940,de:Scheuereckberg,bayern-260721
7658516059,Langeck,,1192,47.870551,7.9087826,,,baden-wuerttemberg
2727811304,Müllnerhörndl,,1192,47.7041604,12.8329646,Q31529949,,bayern-260721
1279802968,Reineck,,1192,47.5895519,11.4889998,Q31526486,,bayern-260721
2621339811,Kleiner Wildbrenner,,1191,47.6178475,11.7698095,,,bayern-260721
192353110,Weißtannenhöhe,,1191,47.940116,8.1176623,Q25099535,,baden-wuerttemberg
442708067,Achselkopf,,1190,47.5896411,11.6174957,Q25393105,,bayern-260721
201036578,Hochfirst,,1190,47.9011909,8.1841608,Q897231,de:Hochfirst (Schwarzwald),baden-wuerttemberg
173866922,Kleiner Falkenstein,,1190,49.0885068,13.2732424,Q1376174,de:Kleiner Falkenstein,bayern-260721
173898902,Kneifelspitze,,1189,47.6581505,13.0178961,Q1263150,,bayern-260721
4104421920,Schwarzenköpfel,,1189,47.6096705,10.8715586,Q31557654,,bayern-260721
441372958,Windberg,,1188,47.674368,11.6940066,,,bayern-260721
10921834832,Schwarzberg,,1187,47.6913304,12.4542492,,,bayern-260721
384913884,Schwarzenberg,,1187,47.7530482,11.9644133,Q27342216,,bayern-260721
12928060599,Wiedener Hörnle,,1187,47.855499,7.8735743,,,baden-wuerttemberg
11523684031,,,1187,48.0702044,8.0257196,,,baden-wuerttemberg
11565239929,,,1187,47.5667304,10.359233,Q133281998,,bayern-260721
1866359066,Hirzeneck,,1186,47.48033,11.2027249,Q31540150,,bayern-260721
11603314127,,,1186,47.54128,10.34994,,,bayern-260721
5331774938,Drei Sennerinnen,,1185,47.7593706,12.4865741,,,bayern-260721
1256843938,Hochtannenkopf,,1184,47.7008493,11.4956366,Q31539718,,bayern-260721
5434460328,Huberriegel,,1184,49.198256,13.1215709,,,bayern-260721
3230132867,Beiwand,,1183,47.6852778,12.1058894,,,bayern-260721
7452948346,Hängender Riegel,,1183,49.1504372,13.0564589,,,bayern-260721
1271398990,Rechelköpfel,,1182,47.720185,11.6167245,,,bayern-260721
3229933793,Rißkopf,,1182,47.7325575,11.9930749,Q31525618,,bayern-260721
409492956,Falkenstein Südgipfel,,1181,47.7471418,12.7572855,,,bayern-260721
4786798492,Klausenkopf,,1181,47.5532042,11.3280174,Q31556612,,bayern-260721
3233329560,,,1181,47.6170295,12.1110265,,,bayern-260721
2348743968,Ahaberg,,1180,47.8421345,8.1482042,,,baden-wuerttemberg
7141503510,Kapellenkopf,,1180,47.8476672,8.1064076,Q31560838,,baden-wuerttemberg
9135889680,,,1180,47.5896955,12.819339,,,bayern-260721
11603314108,,,1180,47.55812,10.36893,,,bayern-260721
914621788,Ochsenberg,,1179,47.4279981,10.2492304,Q31529078,,bayern-260721
2621339830,Setzbergeck,,1179,47.6505209,11.7658835,,,bayern-260721
8947409410,,,1179,47.7248726,11.7631883,,,bayern-260721
1743681602,Gassler Berg,,1178,47.7338721,11.7683304,Q16064616,,bayern-260721
4221194336,Obereck,,1178,48.1129591,8.1169801,Q2009394,de:Obereck (Berg),baden-wuerttemberg
2616497945,Gernbergkopf,,1177,47.6155374,11.7339243,Q132408372,,bayern-260721
6514663560,Kaspelskopf,,1177,47.89272,8.04992,,,baden-wuerttemberg
1280475368,,,1176,47.6037283,11.5475747,,,bayern-260721
7658516062,,,1175,47.8490131,7.9120468,,,baden-wuerttemberg
12304030104,Bayerstetter Köpfel,,1174,47.6086217,10.4885346,Q130748784,,bayern-260721
1168065123,Ofenberg,,1174,47.4851346,10.9580196,Q31528808,,bayern-260721
2621339816,,,1174,47.62027,11.753003,,,bayern-260721
5440873965,Hindenburgfelsen,,1173,49.1411388,13.1595548,,,bayern-260721
12305158330,Kreuzkopf,,1173,47.563529,10.6253815,Q133288142,,bayern-260721
3230301403,Seekopf,,1173,47.7050299,12.6223813,Q31521114,,bayern-260721
3233329678,,,1173,47.7129408,11.9024946,,,bayern-260721
12472121583,Griesbacher Eck,,1172,48.114761,8.1289739,Q130483362,,baden-wuerttemberg
1670666271,Heubühl,,1172,47.8647472,7.9250745,,,baden-wuerttemberg
4573583074,Hirz,,1172,47.7573654,8.0267437,,,baden-wuerttemberg
420493095,Hornburg,,1172,47.5707756,10.7676372,Q31556907,,bayern-260721
4104404195,Roßkopf,,1172,47.6054162,10.9555487,,,bayern-260721
1279802976,Schwarzberg,,1172,47.5751482,11.5008031,Q31556973,,bayern-260721
12920590594,Dachsbühl,,1171,47.9068618,7.9502604,,,baden-wuerttemberg
540194840,Rohrenkopf,,1170,47.7133811,7.9274928,Q2162329,de:Rohrenkopf,baden-wuerttemberg
13603680497,Kälblesberg,,1169,47.543674,10.451614,Q138496337,,bayern-260721
2969966047,Malý Kokrháč,,1169,49.1906293,13.1371358,,,bayern-260721
3229970782,Rainer Berg,,1169,47.7323621,11.8263212,Q16292474,,bayern-260721
3230301398,Platte,,1168,47.7699472,12.6189227,,,bayern-260721
12290714769,Schachtenhausriegel,,1168,49.0668582,13.3560383,,,bayern-260721
320522570,Thaler Höhe,,1167,47.5766035,10.1171743,Q31517513,de:Thaler Höhe,bayern-260721
305665620,Haidel,,1166,48.8185711,13.6782443,Q884249,de:Haidel,bayern-260721
4573583072,Oren,,1166,47.7689138,8.0355289,Q31528706,,baden-wuerttemberg
441306329,Reitköpfl,,1166,47.6726706,11.7280922,,,bayern-260721
10921834839,,,1166,47.6914175,12.4673892,,,bayern-260721
243638531,Blauen,,1165,47.7773294,7.7012369,Q25630,de:Blauen (Badenweiler),baden-wuerttemberg
11583801094,,,1165,47.4326452,10.2499867,Q136799715,,bayern-260721
1431131352,Fischberg,,1164,47.6000678,11.3914884,Q31546939,,bayern-260721
203853380,Hornisgrinde,,1164,48.6057023,8.2021233,Q650402,de:Hornisgrinde,baden-wuerttemberg
715720542,Schafkopf,,1164,47.5023054,11.1249404,Q31523694,,bayern-260721
576722561,Nad Latschensee,,1163,49.0263889,13.4041667,,,bayern-260721
1256843867,Waxenstein,,1162,47.6845031,11.4896257,,,bayern-260721
12325478205,,,1161,49.0333664,13.3869695,,,bayern-260721
1978075728,Krepelschrofen,,1160,47.5264493,11.2770854,Q15057181,,bayern-260721
2874033358,Breitwand,,1159,47.7482591,12.4145152,,,bayern-260721
3935603160,Sulzbergschneid,,1159,47.7757675,12.7015872,,,bayern-260721
1270510248,Beerenkopf,,1158,49.0074465,13.4027836,,,bayern-260721
1254353477,Demelspitze,,1158,47.6690451,11.5445739,Q31558539,,bayern-260721
11584504982,Kapf,,1158,47.52906,10.31718,Q130733925,,bayern-260721
2877712129,Reinock,,1158,47.72545,12.0215546,,,bayern-260721
2939398189,Bärenwand,,1156,47.6754639,11.7941959,,,bayern-260721
1598897976,Hasenhorn,,1156,47.8201306,7.9586761,Q652565,de:Hasenhorn,baden-wuerttemberg
506997961,Hinterer Brandkopf,,1156,47.5942492,13.0160668,,,bayern-260721
1498902858,Roteck,,1156,47.9210958,8.0051117,Q31560609,,baden-wuerttemberg
3013850210,Roßkopf,,1156,47.7460862,12.4913971,,,bayern-260721
12214788595,Bartholomäusberg,,1155,50.4070985,12.9475257,,,sachsen-260721
4629829706,Psengberg,,1155,47.6114705,11.4019694,,,bayern-260721
5418663993,Rosseck,,1155,48.0935571,8.1413991,Q31525211,,baden-wuerttemberg
13723878457,,,1155,47.5752808,10.1173675,,,bayern-260721
6920766596,Tunauer Schweine,,1154,47.7803058,7.9449973,,,baden-wuerttemberg
7452948345,Ödriegel,,1154,49.1586561,13.0249647,,,bayern-260721
11595427838,,,1154,47.5338872,10.079999,,,bayern-260721
11603330085,,,1154,47.4263162,10.2478999,,,bayern-260721
12325406494,Hochschachten,,1153,49.0242002,13.3812511,,,bayern-260721
1840678674,Manze,,1153,47.5691945,10.5837807,Q130754214,,bayern-260721
410220723,Rohrhardsberg,,1153,48.1315725,8.1256291,Q885277,de:Rohrhardsberg,baden-wuerttemberg
3018886100,Seßseekopf,,1153,47.7163633,12.7140494,,,bayern-260721
440952234,,,1153,47.6991768,11.6978276,,,bayern-260721
12422341113,,,1153,47.3982911,10.1452303,,,bayern-260721
1280475386,Brandkopf,,1152,47.6126434,11.5232574,Q31551577,,bayern-260721
542679221,Herrenschwander Kopf,,1152,47.7586903,7.9503355,Q31561039,,baden-wuerttemberg
4104404196,Herziges Bergel,,1152,47.5972981,10.8582061,Q31557484,,bayern-260721
12176908455,Zwengerlingsriegel,,1152,49.1455871,13.1622326,,,bayern-260721
12368305051,,,1152,47.539056,10.635231,,,bayern-260721
1424023833,Burgkranzegger Horn,,1151,47.6300412,10.4069128,Q130733316,,bayern-260721
1254353151,Klausenkopf,,1151,47.6856783,11.5025335,Q31558670,,bayern-260721
445764708,Waldhäuserriegel,,1151,48.92468,13.4845986,Q2541650,de:Waldhäuserriegel,bayern-260721
5098860808,Schwarzkopf,,1150,47.4989205,11.3031057,,,bayern-260721
2520824656,Brend,,1149,48.0794203,8.1572477,Q880372,de:Brend (Berg),baden-wuerttemberg
7658516063,Hasbacher Höhe,,1149,47.8315215,7.9179048,,,baden-wuerttemberg
1431131418,,,1149,47.5987607,11.3922781,,,bayern-260721
542679232,Steinbühl,,1148,47.7368481,7.9702435,Q31561087,,baden-wuerttemberg
3233329672,,,1148,47.6854537,12.0492791,,,bayern-260721
3141368197,Breitenberg,,1147,47.7256291,12.0646098,Q31551390,,bayern-260721
2075183466,Röfleuter Berg,,1146,47.5841145,10.5225267,Q130748640,,bayern-260721
2996257321,Sulzberg,,1146,48.8435733,13.6992756,Q2365081,,bayern-260721
1478987449,Windpasselkopf,,1146,47.6969366,11.4474834,Q31514749,,bayern-260721
13110321887,Zwerisberg,,1146,47.847358,8.1490596,,,baden-wuerttemberg
3229933792,,,1146,47.7367808,11.995345,,,bayern-260721
7452948347,,,1146,49.1395818,13.0671528,,,bayern-260721
9870961556,Ibichkopf,,1145,48.1138533,8.1067131,Q31537418,,baden-wuerttemberg
3212848232,Kaiserberg,,1145,47.8062005,8.055749,Q31536601,,baden-wuerttemberg
1279783246,Schindelberg,,1145,47.5781998,11.5220436,Q31557086,,bayern-260721
3194358028,Schwarzbachriegel,,1145,49.0787465,13.2876243,,,bayern-260721
3229949065,Bucher Berg,,1143,47.7277313,11.9720242,Q43363659,,bayern-260721
1431131356,Galgenwurfköpfl,,1143,47.5564007,11.3848567,Q31546174,,bayern-260721
542679224,Hohenmuttlen,,1143,47.7304732,7.9583799,,,baden-wuerttemberg
3230301399,Reitberg,,1143,47.6866762,12.5226341,Q31358700,,bayern-260721
779036817,Weiherkopf,,1143,47.8034844,7.7782171,Q31561278,,baden-wuerttemberg
11584451262,,,1143,47.5352762,10.0795591,,,bayern-260721
3544588110,Buchenberg,,1142,47.6064182,10.8114706,Q998255,de:Buchenberg (Ammergauer Alpen),bayern-260721
26862634,Brocken,Brocken,1141,51.7991251,10.6156365,Q155721,de:Brocken,sachsen-anhalt-260721
442360582,Bodigberg,,1140,47.6056914,11.6568589,Q31551934,,bayern-260721
1271399144,Schwarzköpfel,,1140,47.7273579,11.6080162,Q92192050,de:Schwarzköpfel,bayern-260721
6449540132,Steinberg,,1140,48.000415,8.1731293,Q31519286,,baden-wuerttemberg
6489431908,Steinbühl,,1140,47.9652313,8.2260105,Q31519045,,baden-wuerttemberg
417100704,Almberg,,1139,48.889185,13.6431786,Q929456,de:Almberg (Bayerischer Wald),bayern-260721
1679499549,Spechtsboden,,1139,47.8415311,7.9607089,Q31560532,,baden-wuerttemberg
2982989369,,,1139,47.7567914,8.044275,,,baden-wuerttemberg
11583801090,,,1139,47.4305,10.24606,,,bayern-260721
12305158332,,,1139,47.565394,10.622566,Q133287982,,bayern-260721
3013957646,Brandstein,,1138,47.7449105,12.6001481,Q30666760,,bayern-260721
2969872191,Maxfelsen,,1138,49.1947024,13.1324031,,,bayern-260721
2174237087,Staldenkopf,,1137,47.7912845,7.9393037,Q31561229,,baden-wuerttemberg
2876346758,Backofen,,1136,47.7258576,12.1780637,,,bayern-260721
264004642,Günterfelsen,,1136,48.0893199,8.152908,,,baden-wuerttemberg
821616667,Schwarzenberg,,1136,47.7729524,12.272903,Q31521556,,bayern-260721
568503689,Inzeller Kienbergl (Kreuzspitz),,1135,47.746641,12.7420541,,,bayern-260721
3267274802,Kleine Grinde,,1135,48.6134953,8.2029819,Q93975179,,baden-wuerttemberg
701385037,Maiwand,,1135,47.7102985,12.1148096,Q1885965,de:Maiwand (Berg),bayern-260721
12422308500,Neuwelterriegel,,1135,48.9215546,13.5348129,,,bayern-260721
2917186578,Nierntalkopf,,1135,47.6811659,12.9509474,,,bayern-260721
1743681826,Oeder Kogel,,1135,47.7344509,11.7765773,Q16320527,,bayern-260721
2896029968,Roßstallkopf,,1135,47.7247573,12.0250689,,,bayern-260721
4559871785,,,1135,47.7748717,8.131352,,,baden-wuerttemberg
11584505140,,,1135,47.6205053,10.3985113,,,bayern-260721
391377312,Bildstein,,1134,47.8412778,8.1369245,,,baden-wuerttemberg
4346498039,Braunhörnle,,1134,48.1307643,8.0969627,Q31551476,,baden-wuerttemberg
1770485972,Erlbergkopf,,1134,47.7783013,12.3764839,Q31547954,,bayern-260721
1878093630,Hochstein,,1134,49.1236936,13.0641426,Q1622341,de:Hochstein (Arbermassiv),bayern-260721
7658516061,Lailehöhe,,1134,47.8426624,7.9083132,,,baden-wuerttemberg
1743682069,Schußkogel,,1134,47.7348091,11.7863439,Q18289376,,bayern-260721
5138366345,Steinkopf,,1134,48.9578049,13.3877646,Q31518778,,bayern-260721
1254353276,Blaikenberg,,1133,47.6577022,11.5436918,,,bayern-260721
12305158314,,,1133,47.55991,10.619106,Q133288160,,bayern-260721
96428401,Großer Riedelstein,,1132,49.1659,12.9729999,Q1548933,en:Großer Riedelstein,bayern-260721
3229933791,Katzenköpfl,,1132,47.738183,11.9951199,Q27882380,,bayern-260721
3212848242,,,1132,47.8085992,8.0537373,,,baden-wuerttemberg
1270622529,,,1132,47.688516,11.6093615,,,bayern-260721
1240143012,Roßkopf,,1130,47.5544917,11.5243957,Q31525041,,bayern-260721
6391895635,,,1130,48.1038825,8.1483715,,,baden-wuerttemberg
11360747842,Hauptmannsberg,,1129,47.7125758,10.1740593,Q124537811,,baden-wuerttemberg
2268715371,Ursersberg,,1129,47.7125627,10.1849637,Q8553176,de:Ursersberg,baden-wuerttemberg
3921507691,Viehweidbichl,,1129,47.57131,10.58448,Q130754203,,bayern-260721
542679217,Wannenkopf,,1129,47.7551834,7.9396774,Q31561055,,baden-wuerttemberg
8043758135,,,1129,48.9110958,13.5391915,,,bayern-260721
1279771699,,,1128,47.6015407,11.6441194,,,bayern-260721
6449540125,Bossenbühl,,1127,47.9801218,8.1845729,Q31804539,,baden-wuerttemberg
442701181,Guggenauer Köpfl,,1127,47.5981162,11.6298155,,,bayern-260721
797461041,Rießerkopf,,1127,47.4731003,11.088729,Q31556085,,bayern-260721
3558230019,Wespenkopf,,1127,47.6333643,11.430298,Q31558005,,bayern-260721
12593397507,,,1127,47.57766,10.09908,,,bayern-260721
1280463870,Düftberg,,1126,47.6375775,11.5188518,,,bayern-260721
11584451250,Hochsiedel,,1126,47.54099,10.06444,Q99652392,de:Hochsiedel,bayern-260721
7476998614,Ochsenberg,,1126,47.6002854,10.0986456,Q31529045,,bayern-260721
2749775070,Schwarzenberg,,1126,47.7811282,12.3772688,,,bayern-260721
11584505137,,,1126,47.6224578,10.4070353,,,bayern-260721
401677244,Keilkopf,,1125,47.6953903,11.6023771,Q16832392,,bayern-260721
2389014575,Wagnerspitze,,1125,49.1376826,13.1466086,,,bayern-260721
8043758136,,,1125,48.9107125,13.5395297,,,bayern-260721
7658516064,Knöpflesbrunnen,,1124,47.8266524,7.9131948,Q13406695,,baden-wuerttemberg
11635664573,Rauhenberg,,1124,47.51582,10.19731,Q130495289,,bayern-260721
5503372191,Čekání,,1124,49.1970464,13.1299546,,,bayern-260721
1280475392,,,1124,47.6128437,11.5296766,,,bayern-260721
1770485973,Haindorfer Berg,,1123,47.7802161,12.3517898,Q31542642,,bayern-260721
906943119,Katzenkopf,,1123,48.5969425,8.1976876,,,baden-wuerttemberg
2661065968,Kitzberg,,1123,47.5436541,10.7097938,,,bayern-260721
11479191206,Änger,,1123,47.7171338,10.1598644,Q19312176,de:Änger,baden-wuerttemberg
2621339815,,,1123,47.6162612,11.773181,,,bayern-260721
12441319911,Buchmühlkopf,,1122,48.9622437,13.5899377,,,bayern-260721
7541694394,Breitnauer Kopf,,1121,47.8553734,7.840762,Q31560272,,baden-wuerttemberg
323839344,Einödriegel,,1121,48.9281686,13.0276745,Q1310425,de:Einödriegel (Bayerischer Wald),bayern-260721
697403235,Hohenkapf,,1121,47.6906354,10.1796091,Q642357,de:Hohenkapf,baden-wuerttemberg
4725851399,Hornkopf,,1121,48.0731821,8.0719435,Q31537969,,baden-wuerttemberg
12305158318,Angerkopf,,1120,47.5608497,10.6276106,Q133288151,,bayern-260721
2943516127,Großer Turm,,1120,47.7416118,12.7685402,,,bayern-260721
2638231133,Hohwarth,,1120,47.944353,8.0587504,,,baden-wuerttemberg
8538272917,Rossberg,,1120,47.9444666,8.0801878,Q2171320,,baden-wuerttemberg
1431131528,Sagrinnenköpfl,,1120,47.5899307,11.4166619,,,bayern-260721
6622125148,Silberkopf,,1120,47.6892028,13.0084653,,,bayern-260721
3233350793,,,1120,47.7155602,12.2207079,,,bayern-260721
3886039689,,,1120,48.9943148,13.3775051,,,bayern-260721
1716003937,Schwarzer Grat,,1119,47.6923338,10.1257576,Q882913,de:Schwarzer Grat,baden-wuerttemberg
311986503,Sulzberg,,1119,47.7446177,12.0626694,Q2365083,de:Sulzberg (Mangfallgebirge),bayern-260721
10089952616,Bistenkopf,,1118,47.9059146,8.068074,Q31560776,,baden-wuerttemberg
457009524,Kalzhofner Höhe,,1118,47.58015,10.06248,Q124356322,,bayern-260721
3105308096,Haßlberg,,1117,47.7530532,12.6132077,Q30616355,,bayern-260721
3189002246,Ramseneck,,1117,47.7406071,12.3819563,,,bayern-260721
3231691753,Sulzbergschneid,,1117,47.7461484,12.0598487,,,bayern-260721
2796312770,Tannenbühl,,1117,47.7073952,12.2036231,,,bayern-260721
12666322275,,,1117,47.6001588,10.3607941,,,bayern-260721
12666391295,,,1117,47.6133076,10.3842258,,,bayern-260721
10274001105,Hochberg,,1116,47.9718417,8.208024,Q31561478,,baden-wuerttemberg
779036332,Stuhlskopf,,1116,47.8112079,7.80978,Q31518146,,baden-wuerttemberg
11584409448,,,1116,47.5725023,10.1125033,,,bayern-260721
410663833,Falkenstein,,1115,47.5913426,10.2930379,Q130732704,,bayern-260721
11610261989,Kratzenköpfl,,1115,47.4449075,11.2400809,,,bayern-260721
697403242,Kreuzleshöhe,,1115,47.7233478,10.1593108,Q124323190,,baden-wuerttemberg
700907767,Kundl,,1115,47.7256963,12.177601,,,bayern-260721
12860450885,Sperrbühl,,1115,48.8679259,13.6592532,Q31314669,,bayern-260721
323850384,Breitenauriegel,,1114,48.906548,13.0300211,Q906089,de:Breitenauriegel,bayern-260721
3345555284,Eckle,,1114,47.8838671,8.0969919,Q31560806,,baden-wuerttemberg
3141428734,Maiswand,,1114,47.7675192,12.3486288,,,bayern-260721
779036780,Sirnitz,,1114,47.8016921,7.7675529,Q31520599,,baden-wuerttemberg
1620313007,Vorderköpfle,,1114,47.8918321,7.9055878,,,baden-wuerttemberg
4172283014,,,1114,47.7635701,12.5436485,,,bayern-260721
3233329548,Auereck,,1113,47.7112511,11.695073,,,bayern-260721
4573583039,Glaserkopf,,1113,47.7705447,8.1593886,,,baden-wuerttemberg
889074205,Zugberg,,1113,47.7196296,12.061521,Q31513961,,bayern-260721
440952232,Zwergelberg,,1113,47.6988794,11.7045932,,,bayern-260721
1472279573,Anklspitz,,1112,47.6952837,11.8708218,,,bayern-260721
5354099556,Hündlekopf,,1112,47.5405962,10.0577923,Q31556479,de:Hündlekopf,bayern-260721
10265802337,Kohlwasen,,1112,48.014358,8.2143521,Q31561618,,baden-wuerttemberg
10924123953,Ramselehöhe,,1112,47.8841436,8.0705193,,,baden-wuerttemberg
4102377017,Rinneleck,,1112,47.5629542,10.9576572,Q31525742,,bayern-260721
6449380909,Wolfsgrubenkapf,,1112,48.0811312,8.0345313,Q31514514,,baden-wuerttemberg
3860709589,Danzingschneid,,1111,47.7077725,12.6931075,,,bayern-260721
11638909261,Schrattenberg,,1111,47.4905072,10.3958774,Q31521803,,bayern-260721
12860450884,Schwarzkopf,,1111,48.8750276,13.657453,,,bayern-260721
10089941605,Winterberg,,1110,47.9932999,8.2707948,Q31561558,,baden-wuerttemberg
7142420884,,,1110,47.7489839,8.0678007,,,baden-wuerttemberg
13401910176,,,1110,48.0976209,8.1629795,,,baden-wuerttemberg
11584505155,,,1110,47.6354438,10.4173136,,,bayern-260721
1770485974,Mösererwand,,1109,47.7694041,12.3864263,,,bayern-260721
11367248809,,,1109,47.692976,10.1636959,Q132669721,,baden-wuerttemberg
11584505112,,,1109,47.5850262,10.4210415,,,bayern-260721
4104477135,Aschauer Berg,,1108,47.6353081,11.1046659,Q30725277,,bayern-260721
12472566810,Duschlberg,,1108,48.8189166,13.6905527,,,bayern-260721
12325406492,Gugelhupf,,1108,49.0172418,13.3814335,Q31543150,,bayern-260721
2996234032,Hahnenriegel,,1108,49.0649172,13.1631459,,,bayern-260721
12320926200,Schranzschrofen,,1108,47.55113,10.47253,Q21876669,,bayern-260721
911292781,Teufelsschüssel,,1108,48.7567957,13.8344408,,,bayern-260721
773235643,Zirmerskopf,,1108,47.4720169,10.9784272,Q31514013,,bayern-260721
323457407,,,1108,47.5384381,10.7192173,,,bayern-260721
1913828076,Brunnerköpfl,,1107,47.6251162,12.0085146,,,bayern-260721
4785637790,Ochsenberg,,1107,47.9210633,7.8906442,,,baden-wuerttemberg
703831947,Rabenkopf,,1107,47.5519791,11.1135889,Q31527436,,bayern-260721
3233350789,Gscheuerwand,,1106,47.7204933,12.4340155,,,bayern-260721
7142420881,Hochkopf,,1106,47.741403,8.0790324,,,baden-wuerttemberg
1738763687,Kleintegernseer Berg,,1106,47.707434,11.7782249,,,bayern-260721
7576112375,Sonneneck,,1106,47.6618071,10.1569864,Q130416140,,baden-wuerttemberg
7141528091,Wagnersberg,,1105,47.7947244,8.1942796,Q31567632,,baden-wuerttemberg
3100777692,,,1105,47.7310076,8.0189337,,,baden-wuerttemberg
1279771722,,,1105,47.5966529,11.6489191,,,bayern-260721
5614147165,,,1105,48.9811233,13.3405805,,,bayern-260721
457009525,Hüttenberg,,1104,47.5654489,10.0696005,Q31556792,de:Hüttenberg (Allgäuer Alpen),bayern-260721
6449424360,Michelshöhe,,1104,48.0169434,8.2254695,,,baden-wuerttemberg
8358514395,,,1104,47.5992841,11.5082023,,,bayern-260721
11478807799,,,1104,47.57972,10.05569,,,bayern-260721
11609613135,,,1103,47.5375071,10.4394472,,,bayern-260721
731807184,Brunnenberg,,1102,47.6081028,11.4626765,Q31551002,,bayern-260721
576647358,,,1102,49.226964,13.0891868,,,bayern-260721
1082083963,Kienstein,,1101,47.6224664,11.4481812,,,bayern-260721
1303914379,Pflumberg,,1101,47.8537063,8.1932087,,,baden-wuerttemberg
3233329687,Semmelberg,,1101,47.7105567,11.7034539,Q31520990,,bayern-260721
12475515467,Weberberg,,1101,48.8463328,13.7174177,Q31515639,,bayern-260721
2982989360,,,1101,47.7443118,8.0434167,,,baden-wuerttemberg
13110321885,,,1101,47.8344139,8.1942225,,,baden-wuerttemberg
1431131345,,,1101,47.5927088,11.3929081,,,bayern-260721
2996255522,Alzenberg,,1100,48.895165,13.6269428,Q450685,,bayern-260721
1279802975,Hochenkopf,,1100,47.61353,11.4786087,Q31540051,,bayern-260721
576647349,Jägerhübel,,1100,49.2157789,13.1144227,,,bayern-260721
7142379379,,,1100,47.780827,8.2087959,,,baden-wuerttemberg
1254353626,Brunnstein,,1099,47.6665999,11.5484419,Q102442083,,bayern-260721
540194843,Dietenschwander Kopf,,1099,47.7204829,7.9462791,Q31561133,,baden-wuerttemberg
12351040840,Holzschuhriegel,,1099,48.9681463,13.3696318,,,bayern-260721
2075183469,Stockenbichl,,1099,47.5820889,10.5237515,Q130748679,,bayern-260721
714142225,Unterreidla,,1099,47.4963746,11.1824603,,,bayern-260721
6489431903,Dietschenberg,,1098,47.946771,8.1465409,Q31561573,,baden-wuerttemberg
3230066911,Schalmeiereck,,1098,47.6243725,11.8883125,,,bayern-260721
7142420879,,,1098,47.7341268,8.0444315,,,baden-wuerttemberg
4583008305,Brendenkopf,,1097,47.7525699,8.0713477,,,baden-wuerttemberg
323839655,Geißkopf,,1097,48.9240769,13.0374226,Q163484,de:Geißkopf,bayern-260721
126449979,Riesenbühl,,1097,47.8288623,8.1792581,Q31920456,,baden-wuerttemberg
3833514794,,,1097,47.6735195,12.146983,,,bayern-260721
12437092363,,,1097,47.5340013,10.4194486,,,bayern-260721
2347267334,Schuppenhörnle,,1096,47.8766818,8.1225545,Q31561415,,baden-wuerttemberg
942667605,Schürfenkopf,,1096,47.7223741,11.6007828,Q31521735,de:Schürfenkopf,bayern-260721
321669631,Doldenbühl,,1095,47.966452,8.1311291,,,baden-wuerttemberg
295661960,Hirschenstein,,1095,48.9643769,12.8800093,Q1402730,de:Hirschenstein (Bayerischer Wald),bayern-260721
11584505151,,,1095,47.6392175,10.4242229,,,bayern-260721
7142379383,Hochstaufen,,1094,47.7863775,8.2110533,Q31539771,,baden-wuerttemberg
11360747840,,,1094,47.6897017,10.1556537,,,baden-wuerttemberg
957035363,Altsteigerskopf,,1093,48.5784725,8.226609,Q82910600,,baden-wuerttemberg
11479191194,Sephenhöhe,,1093,47.7088375,10.1471614,Q124537836,,baden-wuerttemberg
1891813231,Weißer Riegel,,1093,49.2147288,13.1144343,,,bayern-260721
12309332708,Wiesfleckriegel,,1093,49.0305668,13.3577657,,,bayern-260721
4104522074,Bruchköpfel,,1092,47.6393042,10.8642742,,,bayern-260721
323838844,Dreitannenriegel,,1092,48.8972514,13.022115,Q1258188,de:Dreitannenriegel,bayern-260721
8040963501,Falkenstein Nordgipfel,,1092,47.7511701,12.7600816,,,bayern-260721
11360747843,Schmalenberg,,1092,47.7088555,10.1688766,Q124537788,,bayern-260721
11479191198,,,1092,47.7126347,10.1511097,,,bayern-260721
12666391296,,,1092,47.6075935,10.3728908,,,bayern-260721
5056921225,Lovečná,,1091,49.2192167,13.1207068,Q23824209,,bayern-260721
5418374763,Obergrind,,1091,48.6054065,8.2159685,,,baden-wuerttemberg
11584451256,,,1091,47.539738,10.0773061,,,bayern-260721
957042687,Geißkopf,,1090,48.5829938,8.2272635,,,baden-wuerttemberg
540194842,Obere Hohle Tanne,,1090,47.7193881,7.9364931,,,baden-wuerttemberg
8913179171,Rote Fluh,,1090,47.6966628,10.1379221,Q124323025,,baden-wuerttemberg
10090000417,Rufeneck,,1090,48.0133819,8.2625395,,,baden-wuerttemberg
8913179172,,,1090,47.6982058,10.1205486,,,baden-wuerttemberg
13104136495,,,1089,47.6955665,10.1355529,,,baden-wuerttemberg
12431590471,Auf der Nase,,1087,47.4253,10.2322465,Q131467441,,bayern-260721
4573583040,Gießbacherkopf,,1087,47.7681297,8.1690515,Q31567666,,baden-wuerttemberg
600871115,Haldenbuck,,1087,47.9354679,8.0527623,Q31542540,,baden-wuerttemberg
12472566811,Kiesberg,,1087,48.8182243,13.6975693,,,bayern-260721
11570604769,,,1087,47.60324,10.30826,,,bayern-260721
702262362,Geißeck,,1086,47.638161,11.0954684,,,bayern-260721
1620311851,Hinterköpfle,,1086,47.8896552,7.9107692,,,baden-wuerttemberg
12741959324,Pichlerberg,,1086,47.6706949,12.7398999,,,bayern-260721
9893597704,Rechberg,,1086,47.7782218,8.0613099,Q31560976,,baden-wuerttemberg
715720534,,,1086,47.4970379,11.1996476,,,bayern-260721
11570587868,,,1086,47.6065,10.31432,,,bayern-260721
12422926157,,,1086,47.5167025,9.9898928,Q136682195,,bayern-260721
13306742726,Kainzenberg,,1085,47.6378957,13.0657968,,,bayern-260721
13110321886,Reutberg,,1085,47.8499913,8.1380531,,,baden-wuerttemberg
1372838902,Wolfsbichel,,1085,47.5399335,10.3407585,Q31556447,,bayern-260721
7969131117,,,1085,47.5924411,11.3899618,,,bayern-260721
3637961577,Hochstätter,,1084,49.1374752,13.0890264,,,bayern-260721
448453182,Hohwildsberg,,1084,47.7520686,7.7389312,Q31538341,,baden-wuerttemberg
778602686,Höhlenstein,,1084,47.6755356,12.1156565,,,bayern-260721
4354662596,Tafelbühl,,1084,48.1283082,8.0841917,Q31517925,,baden-wuerttemberg
1279783249,Adamskopf,,1083,47.5829838,11.5304582,,,bayern-260721
3827247962,,,1083,47.6594436,10.1484487,,,baden-wuerttemberg
13072652723,Sandberg,,1082,48.951636,13.5757006,,,bayern-260721
4583201780,Wachtbühl,,1082,47.744804,8.0536385,,,baden-wuerttemberg
13464257268,,,1082,48.1022955,8.1908356,Q137806575,,baden-wuerttemberg
1280475342,,,1082,47.6023446,11.5316975,,,bayern-260721
2120529712,Hundsrücken,,1081,48.61765,8.2185,Q30662595,,baden-wuerttemberg
1280475390,,,1081,47.615704,11.5700859,,,bayern-260721
11361327020,,,1081,47.666753,10.1673961,Q136800748,,bayern-260721
11584505128,,,1081,47.6268616,10.4322696,,,bayern-260721
5180857323,Glaserberg,,1080,47.7152176,8.0140735,,,baden-wuerttemberg
2909295485,Mitterberg,,1080,47.684567,12.7393142,,,bayern-260721
403315504,Mühlriegel,,1079,49.1569817,13.0149053,Q1958642,de:Mühlriegel (Bayerischer Wald),bayern-260721
7142420880,Ramse,,1079,47.7457054,8.0727798,,,baden-wuerttemberg
2482160659,Schwarzriegel,,1079,49.2339887,12.9349776,Q31521349,,bayern-260721
12243726434,,,1079,47.44196,10.43152,Q130484192,,bayern-260721
4316949760,Bärenriegel,,1078,49.1373421,13.0762288,,,bayern-260721
4725851400,Hochkopf,,1078,48.0584511,8.0479098,Q31539955,,baden-wuerttemberg
3106095669,Neustadler Berg,,1078,47.7814228,12.6219052,Q31299401,,bayern-260721
6492207917,Die Rauh,,1077,47.9442812,8.1817783,,,baden-wuerttemberg
4168301889,Dürrer Bühl,,1077,47.7310595,10.2136862,Q130480140,,bayern-260721
534762222,Zeller Blauen,,1077,47.7342111,7.8517311,Q14531851,,baden-wuerttemberg
1755940590,Aschauer Kopf,,1076,47.7801999,12.2982666,Q31553382,,bayern-260721
11262493970,Halden,,1076,47.7358453,8.079456,,,baden-wuerttemberg
1843315194,Hausleite,,1076,47.7563485,12.4261707,,,bayern-260721
27257372,Schachenberg,,1076,47.7126605,12.2943687,Q31523854,,bayern-260721
6159012053,Sommerberg,,1076,48.0310549,8.2421733,,,baden-wuerttemberg
1509089286,Steinköpfle,,1076,47.51387,10.37113,Q130734106,,bayern-260721
3230301409,Westerberg,,1076,47.7675283,12.6148137,Q30510601,,bayern-260721
3212848219,Hohfelsen,,1075,47.8059303,8.0650495,,,baden-wuerttemberg
12504973726,Hüttenbichel,,1075,47.5583414,10.1712746,Q138647318,,bayern-260721
7541675069,Kuhkopf,,1075,47.7906669,8.111575,Q31560884,,baden-wuerttemberg
4221191156,Schultiskopf,,1075,48.1089585,8.0944123,Q15128028,de:Schultiskopf,baden-wuerttemberg
11478543713,Schönbühl,,1075,47.695575,10.124159,Q124323426,,baden-wuerttemberg
12298799737,,,1075,47.60006,10.30576,,,bayern-260721
582519959,Fahrenberg,,1074,47.5339474,11.291617,Q31547668,,bayern-260721
1279783260,Falkenberg,,1074,47.579903,11.532113,Q31547573,,bayern-260721
7658554168,Hohspirn,,1074,47.8629871,8.1351502,,,baden-wuerttemberg
11584505166,Rottachberg,,1074,47.6100751,10.3156893,Q131520251,,bayern-260721
12469735004,Schönberg,,1074,48.850936,13.712182,Q31522042,,bayern-260721
4104522072,Sonneneck,,1074,47.6517561,11.041175,,,bayern-260721
7079313030,Stockberg,,1074,47.7834328,7.7171395,,,baden-wuerttemberg
540194841,Bergkopf,,1073,47.7090912,7.9371513,,,baden-wuerttemberg
290221627,Eckstein,,1073,49.2372852,12.9329665,,,bayern-260721
10924117934,Steiertenkopf,,1073,47.8780072,8.0774887,Q31560822,,baden-wuerttemberg
697403243,Blender,,1072,47.7293044,10.2251697,Q883779,de:Blender (Adelegg),bayern-260721
4559832389,,,1072,47.7708653,8.1321237,,,baden-wuerttemberg
13401949165,,,1072,48.0877465,8.1915962,,,baden-wuerttemberg
12423303116,,,1072,47.48673,10.3760397,,,bayern-260721
3101680939,Kleines Kienbergl (Kreuzspitz),,1071,47.7472806,12.7378819,,,bayern-260721
779037022,Raukopf,,1071,47.7916967,7.7607739,Q31561294,,baden-wuerttemberg
1272834691,Gefällberg,,1070,47.7313486,11.657078,Q31545349,de:Gefällberg,bayern-260721
457009520,Muttner Höhe,,1070,47.5777194,10.0489306,Q31557023,,bayern-260721
7142420882,,,1070,47.7379352,8.0979939,,,baden-wuerttemberg
13112783105,,,1070,47.5969466,10.3002834,,,bayern-260721
306505633,Gießhübel,,1069,47.898984,7.8638424,,,baden-wuerttemberg
521844099,Hochberg,,1069,47.5425853,9.8031382,Q1621684,de:Hochberg (Allgäuer Alpen),baden-wuerttemberg
6389627616,Passeck,,1069,48.1415107,8.1214693,Q31528394,,baden-wuerttemberg
705251831,Teufelskapelle,,1069,47.5665333,11.1818637,Q31517610,,bayern-260721
11570613434,Vorderer Hüttenberg,,1069,47.51442,10.23137,Q31516285,,bayern-260721
12917740611,,,1069,48.0917153,8.2538179,Q137158070,,baden-wuerttemberg
1256843905,Görglköpfl,,1068,47.6932798,11.482152,Q31558734,,bayern-260721
1817738050,Rieder Vorberg,,1068,47.6760936,11.4221573,,,bayern-260721
576733426,Strickberg,Strickberg,1068,48.9303779,13.6328293,,,bayern-260721
506997962,Vorderer Brandkopf,,1068,47.598579,13.0129459,,,bayern-260721
778979617,Schattann,,1067,47.7697093,7.7916932,Q31523459,,baden-wuerttemberg
914583279,Stoffelberg,,1067,47.637024,10.2238117,Q31518458,,bayern-260721
12243726433,Kanzel,,1066,47.44834,10.43563,Q130484214,,bayern-260721
12593821835,,,1066,47.68852,10.14713,,,baden-wuerttemberg
6731475483,Klausbichel,,1065,47.6051559,13.0253203,,,bayern-260721
5092752013,Luchsstein,,1065,48.9235567,13.5007109,Q31531479,,bayern-260721
914554950,Ochsenkopf,,1065,47.6562738,10.137306,Q130416111,,baden-wuerttemberg
2213748620,Pfliegeleck,,1065,47.7070306,11.7706673,,,bayern-260721
412479655,Riedholzer Kugel,,1065,47.6375961,10.0634245,Q785368,de:Riedholzer Kugel,baden-wuerttemberg
3106094204,Zellerberg Hauptgipfel,,1065,47.7651152,12.6700262,Q31514270,de:Zeller Berg (Ruhpolding),bayern-260721
6492207912,Fehren,,1064,47.9326916,8.2113107,Q31547285,,baden-wuerttemberg
11479191120,Feurers Höhe,,1064,47.7290191,10.1599073,Q131443700,,baden-wuerttemberg
7830129784,Gscheidkopf,,1064,47.770179,7.9223093,Q31561181,,baden-wuerttemberg
3912536730,Wetterkreuz,,1064,47.6826069,12.457229,,,bayern-260721
461042428,Hofener Berg,,1063,47.6483859,10.100968,Q130416041,,baden-wuerttemberg
4573592049,Hohberg,,1063,47.7466334,8.0845712,Q31560930,,baden-wuerttemberg
6492207916,Wintersberg,,1063,47.9550418,8.1835597,Q31561446,,baden-wuerttemberg
540194938,Herrenkopf,,1062,47.7399217,7.9832624,Q31561101,,baden-wuerttemberg
5145536205,Kleiner Illing,,1062,47.6250919,11.2536348,Q31534569,,bayern-260721
3230301408,Walmberg,,1062,47.6837,12.4940417,Q31515889,,bayern-260721
3495555772,Dachsenberg,,1061,47.6723962,11.4261658,,,bayern-260721
3230301396,Mühlalpkopf,,1061,47.7863561,12.6013492,Q31304318,,bayern-260721
2996255524,Schwarzkopf,,1060,48.8563241,13.6549035,Q1568605,,bayern-260721
7142420878,,,1060,47.730176,8.0446272,,,baden-wuerttemberg
7576112379,,,1060,47.6639964,10.1674067,,,baden-wuerttemberg
11479191190,Ochsenberg,,1059,47.7063251,10.1589524,Q124537830,,bayern-260721
6449380906,Staatsberg,,1059,48.0533127,8.1761003,Q31519835,,baden-wuerttemberg
1264141073,Wurzelberg,,1059,50.4287731,12.9178047,Q30503674,,sachsen-260721
7142379378,Eck,,1058,47.7723745,8.2021902,,,baden-wuerttemberg
6489431907,Schneeberg,,1058,47.969122,8.1705811,Q31561462,,baden-wuerttemberg
6441535354,Spitzberg,,1058,48.0756911,8.2116071,,,baden-wuerttemberg
2962212596,Spitzberg,,1058,49.1301691,13.1120544,,,bayern-260721
6389580383,Watzeck,,1058,48.1502104,8.139814,,,baden-wuerttemberg
4582925289,,,1058,47.7392339,8.0511373,,,baden-wuerttemberg
995773459,,,1058,47.5538225,10.7126531,,,bayern-260721
4573583042,Ahornkopf,,1057,47.7612565,8.0943712,Q31560914,,baden-wuerttemberg
534837172,Hirschkopf,,1057,47.7503538,7.8480482,Q31561389,,baden-wuerttemberg
12290714776,Hochplattel,,1057,49.0643346,13.3201718,,,bayern-260721
6622620727,Sackgrabenrücken,,1057,47.7186451,12.674321,,,bayern-260721
957044313,Schwarzkopf,,1057,48.5907295,8.2203004,Q30609080,,baden-wuerttemberg
11570582714,Bachschwandeneck,,1056,47.5824965,10.0823807,Q124526502,,bayern-260721
309432989,Knogl,,1056,48.995904,12.8571683,Q1554016,de:Knogl (Vorderer Bayerischer Wald),bayern-260721
956996788,Vogelskopf,,1056,48.5582324,8.2127076,Q31294243,,baden-wuerttemberg
7576112348,,,1056,47.6514025,10.1200497,,,baden-wuerttemberg
10933584056,,,1056,48.9825969,12.8741946,,,bayern-260721
11584458828,,,1056,47.6003686,10.1755393,Q132529808,,bayern-260721
529449076,Auerberg,,1055,47.7352959,10.7357434,Q759244,,bayern-260721
3008227733,Buch / Zwieselberg,,1055,47.6435033,10.6930316,,,bayern-260721
1161731438,Eselberg,,1055,47.475042,11.1254269,Q31547857,,bayern-260721
712982666,Raggenhorn,,1055,47.6854443,10.1333024,Q2127225,de:Raggenhorn,baden-wuerttemberg
260481197,Schliffkopf,,1055,48.535347,8.2151898,Q881889,de:Schliffkopf,baden-wuerttemberg
615102682,Hoher Ochsenkopf,,1054,48.6425269,8.2687302,Q1623922,,baden-wuerttemberg
6389594839,Hohkopf,,1054,48.1574041,8.1367906,,,baden-wuerttemberg
297356515,Seekopf,,1054,48.5703514,8.2332277,Q835657,,baden-wuerttemberg
11361327019,,,1054,47.6381331,10.2161372,,,bayern-260721
11584458814,,,1054,47.6311348,10.1942879,Q138666977,,bayern-260721
12475515466,Großer Lichtenberg,,1053,48.8371251,13.7180185,Q31543560,,bayern-260721
1416318813,Kälberbuckel,,1053,48.9756895,12.887782,Q186253,,bayern-260721
4102158242,,,1053,47.4916401,11.2338196,,,bayern-260721
9919626076,,,1053,47.5447966,9.8130348,,,bayern-260721
12574622301,,,1053,47.6128736,10.5902088,Q138873864,,bayern-260721
6449424373,Bosberg,,1052,48.0561432,8.2342112,Q31561667,,baden-wuerttemberg
3250067927,Scheibenfelsen,,1052,47.8132828,8.0318859,,,baden-wuerttemberg
4104489592,Simmersberg,,1052,47.6363117,11.2664221,,,bayern-260721
12860488966,Steinkopf,,1052,48.8997274,13.6383503,Q31518797,,bayern-260721
13639454679,,,1052,47.5388905,10.0852816,,,bayern-260721
11416724272,Axelstein,,1051,47.6221276,11.4426596,,,bayern-260721
2641018246,Huberspitz,,1051,47.7376374,11.8342723,Q31537823,,bayern-260721
10265802336,Kesselberg,,1051,48.0285998,8.2750017,,,baden-wuerttemberg
185749986,Schneeberg,,1051,50.052465,11.8534185,Q314166,de:Schneeberg (Fichtelgebirge),bayern-260721
11631715934,,,1051,47.6508767,10.1161391,,,baden-wuerttemberg
11609730240,,,1051,47.441067,10.018206,,,bayern-260721
12574607800,,,1051,47.6138057,10.587666,,,bayern-260721
13612621799,,,1051,47.6138591,10.5879235,,,bayern-260721
775651325,Ahornriegel,,1050,49.2348824,12.9440756,,,bayern-260721
4583201782,Geisberg,,1050,47.7297423,8.0774312,,,baden-wuerttemberg
2848573065,Plattenriegel,,1050,49.1268435,13.0458981,,,bayern-260721
414734287,Rauher Kulm,,1050,48.9485091,12.8988447,Q1319170,,bayern-260721
2996234834,Rote Höhe,,1050,49.0598649,13.1781651,,,bayern-260721
3212848205,,,1050,47.8047575,8.0682548,,,baden-wuerttemberg
4573592050,,,1050,47.7367379,8.0888847,,,baden-wuerttemberg
12475515455,Hackelberg,,1049,48.8015213,13.7005734,Q31542875,,bayern-260721
412733947,Iberger Kugel,,1049,47.6394074,10.0771832,Q1655793,de:Iberger Kugel,baden-wuerttemberg
13313336128,,,1049,47.6618034,13.0676579,,,bayern-260721
1279783247,Brünstkopf,,1048,47.5906737,11.5182822,Q31557417,,bayern-260721
1407484391,Klausenstein,,1048,48.9503368,12.8961756,Q212723,de:Klausenstein (Bayern),bayern-260721
323451786,Kroatenbühl,,1048,48.155088,8.1398709,,,baden-wuerttemberg
3230301395,Möserberg,,1048,47.6837801,12.4418242,,,bayern-260721
295668282,Pröller,,1048,49.0219662,12.8211454,Q880452,de:Pröller,bayern-260721
7576112388,Schönberg,,1048,47.6700476,10.1798522,Q130416185,,bayern-260721
11360747834,,,1048,47.6531,10.12563,,,baden-wuerttemberg
3230301384,Breitenberg,,1047,47.7803721,12.4088171,Q31559078,,bayern-260721
4799361344,Gifthüttenberg,,1047,50.4448555,12.9509508,Q31545299,,sachsen-260721
2388719374,Haibühler Spitz,,1047,49.1631148,13.0265857,,,bayern-260721
10265802335,Rappeneck,,1047,48.0639712,8.2662105,Q31561685,,baden-wuerttemberg
1776502896,Rohnerkopf,,1047,47.7835459,12.2931444,,,bayern-260721
382409477,Senkelekopf,,1047,47.6359414,10.6584983,Q31558021,,bayern-260721
11352083903,,,1047,47.5998,10.16179,,,bayern-260721
10274001104,Hinterberg,,1046,47.9305485,8.1098867,,,baden-wuerttemberg
1280463877,Kohlberg,,1046,47.6386977,11.5533863,,,bayern-260721
3233329551,Breiteneck,,1045,47.6322445,12.0207883,,,bayern-260721
5414739847,Geißberg,,1045,48.1563021,8.1450979,Q31561881,,baden-wuerttemberg
7576112378,,,1045,47.6674,10.17961,,,baden-wuerttemberg
11298589474,Grundberg,,1044,47.97631,8.26447,,,baden-wuerttemberg
4303323743,Gschasikopf,,1044,48.1806146,8.1291387,Q31543297,,baden-wuerttemberg
12448340010,Reifenspitz,,1044,48.941403,13.62118,,,bayern-260721
12458883371,Brenntgupf,,1043,48.780769,13.7761473,,,bayern-260721
538378363,Eschenberg,,1043,48.9342375,13.2792772,Q1366997,de:Eschenberg (Kirchdorf im Wald),bayern-260721
987564984,Geißriegel,,1043,48.9033901,13.0081744,Q1499141,de:Geißriegel (Bayerischer Wald),bayern-260721
4573583071,Sackköpfle,,1043,47.7709467,8.0516067,Q31560961,,baden-wuerttemberg
12666322276,,,1043,47.5894941,10.3756213,,,bayern-260721
3229970779,Aschberg,,1042,47.7206684,11.8411545,,,bayern-260721
2452343798,Kleiner Riedelstein,,1042,49.1613125,12.974748,,,bayern-260721
173849656,Rauchröhren,,1042,49.1702078,12.960519,Q31566010,,bayern-260721
2996252971,Rollmannsberg,,1042,48.7958348,13.800833,Q2164241,,bayern-260721
12461732131,Spitzenberg,,1042,48.7993235,13.7848377,Q31519940,,bayern-260721
457010350,Staufner Berg,,1042,47.5544921,10.0360901,Q23794199,de:Staufner Berg,bayern-260721
5838488010,Steinberg,,1042,47.714942,10.1355824,Q130480102,,baden-wuerttemberg
11592720061,,,1042,47.7328683,10.2093338,,,bayern-260721
1254353253,Eselauberg,,1041,47.6516132,11.5430831,Q31547876,,bayern-260721
12726452158,Heinrichshöhe,,1041,51.7898914,10.6298407,Q1599773,de:Heinrichshöhe,sachsen-anhalt-260721
6391855389,Katzenbühl,,1041,48.0903529,8.17363,,,baden-wuerttemberg
1280463872,Kohlberg,,1041,47.6386176,11.5444112,,,bayern-260721
5343422707,Otten,,1041,47.9540077,8.0435496,Q31528507,,baden-wuerttemberg
8898356015,,,1041,47.6919327,10.1066859,,,baden-wuerttemberg
11478543764,,,1041,47.6887547,10.1122693,,,baden-wuerttemberg
3274189693,Hochsträss,,1040,47.53801,9.93995,Q124329168,,bayern-260721
7142420883,Hoheck,,1040,47.7395946,8.1127431,,,baden-wuerttemberg
4189224694,,,1040,47.7297113,8.0763764,,,baden-wuerttemberg
2996241294,Hirschberg,,1039,49.0215876,13.3553605,Q1620374,,bayern-260721
2119920095,Hochkopf,,1039,48.6349429,8.2085481,Q1621924,de:Hochkopf (Nordschwarzwald),baden-wuerttemberg
6449424362,Kapfenberg,,1039,48.0262743,8.0933098,Q31536258,,baden-wuerttemberg
5853405347,Lehenkopf,,1039,47.7510653,8.1247362,Q31560945,,baden-wuerttemberg
9900651675,Mosenberg,,1039,48.1031756,8.2408404,,,baden-wuerttemberg
778981370,Tannenkopf,,1039,47.7913954,7.8051686,,,baden-wuerttemberg
9922294843,Trögerhöhe,,1039,47.5402328,9.8104893,Q21876718,,bayern-260721
11584451243,,,1039,47.5439241,10.0474745,,,bayern-260721
6492207910,Feuerberg,,1038,47.927531,8.172479,Q31547008,,baden-wuerttemberg
8651580782,Gebersberg,,1038,47.7037456,12.8205813,,,bayern-260721
12461732135,Steinberg,,1038,48.8063936,13.7973422,,,bayern-260721
6449424371,,,1038,48.0672722,8.2678208,,,baden-wuerttemberg
12300199814,,,1038,47.59787,10.43953,,,bayern-260721
6449540126,Glasberg,,1037,47.9917946,8.1380606,Q31561605,,baden-wuerttemberg
3229970781,Krainsbergkogel,,1037,47.7214732,11.8483596,,,bayern-260721
6449424374,Sonnenberg,,1037,48.0607515,8.2140207,Q31561651,,baden-wuerttemberg
6903811064,Staufenkopf,,1037,47.7580849,8.2038067,Q18028128,,baden-wuerttemberg
1679498700,Gaisköpfle,,1036,47.8404064,7.9467202,,,baden-wuerttemberg
4248130320,Kopfriegel,,1036,49.109989,13.1599046,,,bayern-260721
10089952615,Winterhalde,,1036,47.8947081,8.1217074,,,baden-wuerttemberg
11478543718,,,1036,47.7027187,10.12366,,,baden-wuerttemberg
13590404075,,,1036,47.533111,9.934813,,,bayern-260721
5416904978,Hohkopf,,1035,47.7026308,10.0996697,Q124323311,,baden-wuerttemberg
11352083904,Kühberg,,1035,47.5981042,10.1464185,Q31804527,,bayern-260721
5416877709,Pfrimackerkopf,,1035,48.6402673,8.212089,,,baden-wuerttemberg
12469729821,Steinberg,,1035,48.8702902,13.6772704,,,bayern-260721
11360747845,Kanzel,,1034,47.7318569,10.1718673,Q124537041,,bayern-260721
287462344,Königsberg,,1034,51.7888889,10.5994444,Q1796271,de:Königsberg (Brocken),sachsen-anhalt-260721
173849666,Mittagstein,,1034,49.1732347,12.9422827,Q602013,de:Mittagstein (Bayerischer Wald),bayern-260721
12860450883,Spitzigstein,,1034,48.8798341,13.6471474,,,bayern-260721
12416121573,Streuberg,,1034,48.9489216,13.5866654,Q31518259,,bayern-260721
6489431909,Fohrenbühl,,1033,47.9713014,8.3029304,,,baden-wuerttemberg
12593764322,,,1033,47.63753,10.07271,,,baden-wuerttemberg
12613410627,,,1033,47.4707628,10.3041994,,,bayern-260721
534837173,Bubshorn,,1032,47.750728,7.8589572,Q31550783,,baden-wuerttemberg
576539054,Hubertky,Deutsch Gehau,1032,50.422138,12.9059685,Q12020857,cs:Hubertky,sachsen-260721
8913179174,Wegmannshöhe,,1032,47.7085505,10.1034856,Q124323357,,baden-wuerttemberg
3274185619,,,1032,47.5239074,9.9161017,,,bayern-260721
11570582700,,,1032,47.593546,10.1085378,Q132457108,,bayern-260721
1256843924,Brandenberg,,1031,47.6756758,11.4573057,Q31558622,,bayern-260721
6159012054,Großer Hausberg,,1031,48.0406434,8.2025573,Q31561634,,baden-wuerttemberg
11479185213,,,1031,47.7246348,10.140987,Q132672408,,baden-wuerttemberg
11584458825,,,1031,47.600828,10.1815205,,,bayern-260721
11592720058,,,1031,47.7315825,10.2017034,,,bayern-260721
12216652540,,,1031,47.6044053,10.1848196,,,bayern-260721
9205150162,Geschirrkopf,,1030,47.6538746,12.9911398,,,bayern-260721
7576112355,,,1030,47.65397,10.13453,,,baden-wuerttemberg
11584458804,,,1030,47.6350461,10.2079564,,,bayern-260721
12456701669,,,1030,47.5334933,9.9291113,,,bayern-260721
1268539491,Durhamer Berg,,1029,47.7349931,11.968144,Q31549046,,bayern-260721
555138876,Eisenberg,,1029,50.4419505,12.9713717,Q1312640,,sachsen-260721
6622407934,Kienberg,,1028,47.6768548,12.8054258,Q31535293,,bayern-260721
2996257320,Lichtenberg,,1028,48.8394565,13.7390168,Q1823346,,bayern-260721
4290979071,,,1028,49.1364876,13.0989979,,,bayern-260721
1817738064,Zwieselschrofen,,1027,47.6559033,11.3957278,Q31513791,,bayern-260721
11479185246,,,1027,47.7118046,10.140177,,,baden-wuerttemberg
4576072266,Bühl,,1026,47.7167131,8.0864272,,,baden-wuerttemberg
702260990,Grünbichl,,1026,47.6191664,11.0539958,,,bayern-260721
565690550,Kesselberg,,1026,48.0993722,8.2724716,Q31535485,,baden-wuerttemberg
291983945,Vilser Berg,,1026,47.5594134,10.6566007,Q21876608,,bayern-260721
5538516518,,,1026,47.6626612,7.971011,,,baden-wuerttemberg
12473729002,Eibenberg,,1025,48.8358963,13.7403881,Q31548561,,bayern-260721
1782773755,Giersbühl,,1025,47.8231138,8.187388,,,baden-wuerttemberg
3345557601,Glasberg,,1025,47.910012,8.1875455,,,baden-wuerttemberg
1491248965,Hochberg,,1025,49.0004257,12.8556089,Q25392603,,bayern-260721
10089971620,Kapf,,1025,47.9705219,8.2869462,,,baden-wuerttemberg
1011372360,Schrofen,,1025,47.7330311,12.0652001,Q31521765,,bayern-260721
11584505171,,,1025,47.61668,10.3272,,,bayern-260721
13639454683,,,1025,47.541038,10.0848108,,,bayern-260721
12300193666,Halden,,1024,47.59352,10.40597,Q130739390,,bayern-260721
21730747,Ochsenkopf,,1024,50.0307669,11.809654,Q2013620,de:Ochsenkopf (Fichtelgebirge),bayern-260721
295667592,Predigtstuhl,,1024,49.0023398,12.8488065,Q871060,de:Predigtstuhl (Vorderer Bayerischer Wald),bayern-260721
9922294844,Tatzen,,1024,47.553986,9.81683,Q21876717,,bayern-260721
6492207913,Tennenberg,,1024,47.9188112,8.2273391,Q31561526,,baden-wuerttemberg
11603009012,,,1024,47.6695418,10.166012,,,bayern-260721
1433623269,Bettelmannskopf,,1023,48.6321785,8.222953,Q30701049,,baden-wuerttemberg
2796312569,Bruthennkopf,,1023,47.6502608,12.4647638,,,bayern-260721
2705892415,Eibberg,,1023,47.7747006,12.3644421,,,bayern-260721
3233350791,Kogl,,1023,47.7354988,12.1789524,,,bayern-260721
9453651855,Mühleberg,,1023,48.1083768,8.2222963,Q31561701,,baden-wuerttemberg
4375490147,Obere Hirschhörner,,1023,51.7903091,10.595669,Q132852239,,sachsen-anhalt-260721
11533658532,,,1023,47.7083362,10.0980239,,,baden-wuerttemberg
11592720035,,,1023,47.7406798,10.1936496,Q132676866,,bayern-260721
6449424359,Dürrenberg,,1022,48.022903,8.302741,,,baden-wuerttemberg
534837200,Honeck,,1022,47.7761313,7.8428082,Q31538098,,baden-wuerttemberg
7356533127,Söldenköpfl,,1022,47.6188156,12.9335773,Q31316815,,bayern-260721
1272507425,Vogelsang,,1022,48.9343916,12.9435651,Q1300942,de:Vogelsang (Bayerischer Wald),bayern-260721
11559264010,,,1022,47.36235,10.26091,Q138034935,,bayern-260721
11570582701,Goldberg,,1021,47.5909955,10.1173407,Q124526498,,bayern-260721
6449424372,Hirschbühl,,1021,48.0522014,8.2780293,Q31540434,,baden-wuerttemberg
2406897291,Jugetköpfle,,1021,47.58648,10.159,Q124356299,,bayern-260721
270092058,Špičák,Spitzberg,1021,48.8076374,13.8037216,,,bayern-260721
2982989352,,,1021,47.7195386,8.0557441,,,baden-wuerttemberg
6391871485,Gitschbühl,,1020,48.1370527,8.1771109,,,baden-wuerttemberg
7141512541,Seehalde,,1020,47.8041438,8.1793344,,,baden-wuerttemberg
11592719922,,,1020,47.7455858,10.1843369,Q132677136,,bayern-260721
3230301383,Aschauer Zipf,,1019,47.7777795,12.5088002,,,bayern-260721
10299573492,Abhau,,1018,47.6521966,7.9664361,,,baden-wuerttemberg
134053267,Auersberg,,1018,50.4561414,12.6470165,Q759277,de:Auersberg,sachsen-260721
5114561790,Geißberg,,1018,48.912214,13.6420522,Q31545810,,bayern-260721
12243743058,Kahlenberg,,1018,47.48322,10.31407,Q31556133,,bayern-260721
356767511,Kleiner Brocken,,1018,51.8094028,10.6068889,Q1746595,de:Kleiner Brocken (Wernigerode),sachsen-anhalt-260721
666254980,Kreuzbrückfelsen,,1018,50.4420354,12.983826,Q31564084,,sachsen-260721
447750542,Wildsberg,,1018,47.7429536,7.7345886,Q31561326,,baden-wuerttemberg
290221610,Bärenriegel,,1017,49.2401279,12.9264333,,,bayern-260721
12351040839,Hinterer Riegel,,1017,48.9648077,13.3640528,,,bayern-260721
4518931112,Rabenpalven,,1017,47.7071048,12.7678687,Q31527382,,bayern-260721
4104489593,Wagbichl,,1017,47.6317601,11.2636489,,,bayern-260721
4629829707,,,1017,47.6045742,11.393472,,,bayern-260721
4799692799,Biggertkopf,,1016,48.16485,8.126183,,,baden-wuerttemberg
1983472111,Lemberg,,1016,48.1505042,8.7503824,Q186527,de:Lemberg (Schwäbische Alb),baden-wuerttemberg
957018359,Melkereikopf,,1016,48.5561085,8.2007361,Q31308002,,baden-wuerttemberg
11367248818,,,1016,47.7102314,10.0977275,,,baden-wuerttemberg
1279771681,Hubertus,,1015,47.6140934,11.6595201,,,bayern-260721
2388746485,Hörndl,,1015,49.1420189,13.0897298,Q31538003,,bayern-260721
4057147750,Kesslerhöhe,,1015,47.8969347,8.1114848,Q31561430,,baden-wuerttemberg
4290014350,Schneiderberg,,1015,49.141771,13.1002423,,,bayern-260721
12469772371,Steinriegel,,1015,48.8568164,13.7021291,,,bayern-260721
4583201783,,,1015,47.7353527,8.0584554,,,baden-wuerttemberg
12422597685,,,1015,47.7180919,10.1446724,,,bayern-260721
3230301387,Geschwendkopf,,1014,47.7837036,12.5717501,,,bayern-260721
6622620726,Mahdeck,,1014,47.7144532,12.6728143,,,bayern-260721
1950454234,Pfälzerkopf,,1014,48.5633578,8.2515477,Q30609052,,baden-wuerttemberg
1798082657,Schweinkopf,,1014,48.5512107,8.2169783,,,baden-wuerttemberg
11478807773,,,1014,47.571117,10.0617572,,,bayern-260721
4697716905,,,1013,47.7452228,10.1920622,Q132676986,,bayern-260721
3928935164,Kahleklippe,,1012,51.8035599,10.5988647,Q1721166,,sachsen-anhalt-260721
13116654427,Rotenberg,,1012,48.1410402,8.1719887,,,baden-wuerttemberg
4576072265,Rütte,,1012,47.7125914,8.0863406,,,baden-wuerttemberg
635151695,Schneidberg,,1012,47.6624885,10.9068824,,,bayern-260721
4573583041,,,1012,47.7633591,8.1058221,,,baden-wuerttemberg
4581568368,,,1012,47.697335,8.0207512,,,baden-wuerttemberg
6391907780,,,1012,48.1410419,8.1719814,,,baden-wuerttemberg
11352083899,,,1012,47.5995762,10.0467393,Q132457270,,bayern-260721
10028377355,Scheuerkopf,,1011,47.7201058,7.9726517,,,baden-wuerttemberg
605503339,Steinberg,,1011,48.8873002,13.5310852,Q31519201,,bayern-260721
4571693379,,,1011,47.7110851,8.0739911,,,baden-wuerttemberg
5418381366,,,1011,48.6310888,8.2333764,,,baden-wuerttemberg
11360747820,,,1011,47.6344434,10.0595739,,,bayern-260721
13612621787,,,1011,47.6343449,10.6440353,,,bayern-260721
6449540134,Auf der Streiche,,1010,48.0077326,8.30764,,,baden-wuerttemberg
459569899,Brotjacklriegel,,1010,48.8170156,13.2167342,Q990851,de:Brotjacklriegel,bayern-260721
13339142247,Grandelberg,,1010,48.8694181,13.6443071,Q1542982,,bayern-260721
371018326,Oberhohenberg,,1010,48.1642066,8.760586,Q2009870,de:Oberhohenberg,baden-wuerttemberg
4627806404,Ochsenkapf,,1010,47.7055566,10.09406,Q124323350,,baden-wuerttemberg
1293318990,Rappeneck,,1010,47.9350677,7.9171578,Q2131639,,baden-wuerttemberg
11472776865,,,1010,47.5165559,9.9042258,,,bayern-260721
1983418988,Hochberg,,1009,48.1566903,8.7560615,Q1296562,de:Hochberg (Schwäbische Alb),baden-wuerttemberg
6441535355,Schlegelberg,,1009,48.081012,8.28303,Q31522828,,baden-wuerttemberg
8913179169,Steinbergele,,1009,47.71389,10.1013897,Q124323363,,baden-wuerttemberg
11361327022,,,1009,47.6761486,10.1958946,Q132489876,,bayern-260721
4642385436,Erlenberg,,1008,47.7008452,7.9954121,,,baden-wuerttemberg
457009521,Kalzhofner Berg,,1008,47.57405,10.03829,Q31556942,,bayern-260721
10816354561,Katzenkopf,,1008,47.7336457,8.1213668,,,baden-wuerttemberg
1433615170,Mehliskopf,,1008,48.649208,8.2402479,Q1917268,de:Mehliskopf,baden-wuerttemberg
6389633736,Steinbühl,,1008,48.1348444,8.1423635,,,baden-wuerttemberg
642098609,Haldemooseck,,1007,47.6524635,10.9461103,,,bayern-260721
371018584,Wandbühl,,1007,48.1628182,8.8048019,Q2547916,de:Wandbühl,baden-wuerttemberg
942946928,Drachenköpfle,,1006,47.6147077,10.5964767,,,bayern-260721
371019463,,,1006,48.1793581,8.8088444,Q2127938,de:Fünfthöchste Erhebung der Schwäbischen Alb,baden-wuerttemberg
2982988932,,,1006,47.694527,8.0252762,,,baden-wuerttemberg
1826425904,Burgberg,,1005,47.4187286,10.2486164,Q130492190,,bayern-260721
1370150731,Felsen,,1005,47.6442663,10.7024459,,,bayern-260721
1680215742,Mittlerer Ochsenkopf,,1005,48.6323134,8.2739275,,,baden-wuerttemberg
8913179173,Schafberg,,1005,47.7073067,10.1209365,Q124323431,,baden-wuerttemberg
683292037,Silberberg,,1005,48.1575275,8.1795477,,,baden-wuerttemberg
371018927,,,1005,48.1691754,8.793885,Q16854728,de:Sechsthöchste Erhebung der Schwäbischen Alb,baden-wuerttemberg
1279802998,,,1005,47.6106509,11.4722222,,,bayern-260721
11465703794,Alpenrosenköpfle,,1004,47.4927038,10.3787649,Q31556218,,bayern-260721
6449380912,Hohe Steig,,1004,48.071143,8.1181803,Q31538656,,baden-wuerttemberg
11479191109,,,1004,47.73416,10.15425,,,baden-wuerttemberg
11360747841,,,1004,47.6855569,10.1708508,,,bayern-260721
1833449047,Arlesberg,,1003,47.4741917,10.929933,,,bayern-260721
371019166,Bol,,1003,48.1711252,8.8050143,Q39074239,de:Bol (Schwäbische Alb),baden-wuerttemberg
2119920101,Murkopf,,1003,48.6248,8.207,,,baden-wuerttemberg
371020886,,,1003,48.1330322,8.7752592,Q17322304,de:Siebthöchste Erhebung der Schwäbischen Alb,baden-wuerttemberg
123730904,Badener Höhe,,1002,48.6687895,8.2752536,Q798922,,baden-wuerttemberg
276941900,Hummelsberg,,1002,48.1178582,8.7639878,Q1637137,de:Hummelsberg (Schwäbische Alb),baden-wuerttemberg
335907254,Plettenberg,,1002,48.2133922,8.8072396,Q167378,,baden-wuerttemberg
281462170,Ranzen,,1002,47.5436689,10.6550726,Q21876607,,bayern-260721
1950470794,Riesenköpfle,,1002,48.5568394,8.2712193,Q31357184,,baden-wuerttemberg
2481436693,Seekopf,,1002,48.6654294,8.290268,Q1124685,de:Seekopf (Forbach),baden-wuerttemberg
793653043,Taufichtig,,1002,50.4564143,12.9038715,Q2396893,,sachsen-260721
1374971796,Wolfsberg,,1002,47.7364371,10.1484836,Q124323446,,baden-wuerttemberg
3542244600,,,1002,47.6672857,7.9632812,,,baden-wuerttemberg
3233329676,,,1002,47.7071194,11.9614183,,,bayern-260721
519462878,Dötzenkopf,,1001,47.709027,12.8882982,Q1271535,,bayern-260721
1300833979,Häusleberg,,1001,47.9280635,7.9971032,Q31560624,,baden-wuerttemberg
4574041889,Schellenberg,,1001,47.6913516,8.0120246,,,baden-wuerttemberg
4104522075,Schoberköpfl,,1001,47.6460448,10.8771648,Q31558182,,bayern-260721
276941899,,,1001,48.1284269,8.7751955,Q17322793,de:Elfthöchste Erhebung der Schwäbischen Alb,baden-wuerttemberg
4102158241,,,1001,47.4855932,11.2416523,,,bayern-260721
13461113320,Gespaltener Fels,,1000,48.2202999,8.8382435,Q2230022,de:Schafberg (Schwäbische Alb),baden-wuerttemberg
6639640065,Kuhberg,,1000,47.8872171,8.1800562,Q31202375,de:Kuhberg (Saig),baden-wuerttemberg
9196153697,Steinberg,,1000,48.9114981,13.00033,Q31519185,,bayern-260721
8824579186,Diebaukopf,,999,48.5993739,8.2871854,Q30609792,,baden-wuerttemberg
173853050,Kreuzfelsen,,999,49.1764528,12.9227995,Q1788267,de:Kreuzfelsen (Bayerischer Wald),bayern-260721
12469772368,Lichtenberg,,999,48.8531244,13.6828279,Q31531827,,bayern-260721
12448340011,Reifenkopf,,999,48.9455676,13.619796,,,bayern-260721
10859184955,Riedberg,,999,48.9442217,12.9019779,,,bayern-260721
8913179170,Rudershöhe,,999,47.7150044,10.1066668,Q124323367,,baden-wuerttemberg
360877160,Schafberg Nordgipfel,,999,48.2201305,8.8379543,Q137801858,,baden-wuerttemberg
10313301362,,,999,47.6346748,10.6520867,,,bayern-260721
11595441310,Kapf,,998,47.5493227,10.0032199,Q131301465,,bayern-260721
911186934,Kienbergkopf,,998,47.7158736,13.0287424,,,bayern-260721
6449380911,Kleiner Hornkopf,,998,48.075475,8.0604004,Q31560670,,baden-wuerttemberg
1868730821,Schusterstein,,998,48.989223,12.8951903,,,bayern-260721
12312388667,,,998,47.543047,10.652971,,,bayern-260721
534837256,Dachseck,,997,47.7693405,7.8546875,,,baden-wuerttemberg
7830139885,Schneckenkopf,,997,47.7707793,7.9094803,Q31561165,,baden-wuerttemberg
6374405263,,,997,48.0808283,8.0053191,,,baden-wuerttemberg
2621339828,,,997,47.649382,11.7344743,,,bayern-260721
3420287343,,Vorderscheibling,997,48.8810229,13.6709816,,,bayern-260721
11360747822,,,997,47.63326,10.05551,,,bayern-260721
1023521644,Buchberg,,996,47.7331856,11.7541109,,,bayern-260721
737164706,Gugel,,996,47.6792857,8.0224996,,,baden-wuerttemberg
534837185,Itterschwander Horn,,996,47.763788,7.8581693,,,baden-wuerttemberg
319471229,Kienberg,,996,47.5627616,10.7119082,Q31535302,,bayern-260721
1983500268,Ortenberg,,996,48.1788781,8.8003377,Q2031724,,baden-wuerttemberg
1264130967,Pfahlberg,,996,50.4489054,12.9147401,Q31528166,,sachsen-260721
10265802334,,,996,48.0508798,8.3176255,,,baden-wuerttemberg
11637885726,,,996,47.6500961,10.2141738,Q138665845,,bayern-260721
12243743047,,,996,47.4895865,10.3018498,Q138849560,,bayern-260721
12574622304,,,996,47.6197569,10.5678445,,,bayern-260721
11479185235,Gohrersberg,,995,47.7235738,10.1280105,Q124537122,,baden-wuerttemberg
1770518698,Reifenberg,,995,47.789563,12.3774602,,,bayern-260721
6405111952,Ruttenbühl,,995,48.1715237,8.1342828,,,baden-wuerttemberg
11592720015,,,995,47.7369012,10.2194675,,,bayern-260721
4571693378,Bruggrain,,994,47.7189684,8.0941199,,,baden-wuerttemberg
2120529711,Hintere Langeck,,994,48.60408,8.293,Q30737887,,baden-wuerttemberg
6449424367,Mühleberg,,994,48.0368523,8.29705,,,baden-wuerttemberg
486569835,Rotenberg,,994,47.462655,9.942839,Q131784135,,bayern-260721
11631747253,,,994,47.5961074,10.1818102,,,bayern-260721
542679126,Auf dem Köpfle,,993,47.7463819,7.9162537,Q31561149,,baden-wuerttemberg
2996336468,Brandtner Riegel,,993,49.0571097,13.1340578,,,bayern-260721
12188969700,Emahlenriegel,,993,49.0641378,13.1921124,Q31548092,,bayern-260721
6461848407,Großer Kochelsberg,,993,48.1013032,8.7854115,,,baden-wuerttemberg
2982988922,Höhberg,,993,47.6847112,7.9933881,,,baden-wuerttemberg
12305135497,Ländeberg,,993,47.55905,10.665924,Q133288228,,bayern-260721
2120483908,Nägeliskopf,,993,48.64422,8.30498,Q31300921,,baden-wuerttemberg
1913812961,Rabenwand,,993,47.6112457,12.0219769,,,bayern-260721
10270455218,Steinenberg,,993,48.1097,8.7752995,Q31307129,,baden-wuerttemberg
2120529713,Leinkopf,,992,48.57584,8.27884,Q31318068,,baden-wuerttemberg
2920306554,Zellerberg Nordgipfel,,992,47.7677411,12.6627866,,,bayern-260721
12475515459,Bramandlberg,,991,48.8166701,13.7128901,Q31551698,,bayern-260721
6461964542,Galgenberg,,991,48.0961029,8.7928015,Q30714206,,baden-wuerttemberg
1983462154,Dreifaltigkeitsberg,,990,48.0824689,8.7618977,Q1257595,de:Dreifaltigkeitsberg (Schwäbische Alb),baden-wuerttemberg
12300199813,Hochvogel,,990,47.59655,10.42822,Q130739346,,bayern-260721
2120545966,Wiesberg,,990,48.57669,8.26232,Q30508599,,baden-wuerttemberg
834477539,Hohloh,,989,48.7078,8.4164926,Q1624072,,baden-wuerttemberg
3542244601,Häusleberg,,989,47.7096381,8.0048067,,,baden-wuerttemberg
9238866263,Schafberg Südgipfel,,989,48.2113346,8.8334955,Q137797367,,baden-wuerttemberg
7318784060,Schornhöhe,,989,47.6533412,13.1008208,,,bayern-260721
281348900,Schönhaldenkopf,,989,47.43753,10.26578,Q130492229,,bayern-260721
7142420876,Sonnenmatt Kopf,,989,47.708363,8.0281627,,,baden-wuerttemberg
693555885,Streitmannskopf,,989,48.6782827,8.3164404,,,baden-wuerttemberg
7253374763,Großer Hauerskopf,,988,48.6156261,8.2456711,Q31542085,,baden-wuerttemberg
57802156,Hoher Peißenberg,,988,47.8009644,11.0132328,Q896781,de:Hoher Peißenberg,bayern-260721
299100625,Jägerbergl,,988,47.5780147,11.5586588,,,bayern-260721
778984437,Schlöttleberg,,988,47.7288647,7.7407124,,,baden-wuerttemberg
1570179550,Weichenwang,,988,48.1854308,8.9447106,Q2554873,,baden-wuerttemberg
11367248836,,,988,47.6994781,10.1021976,,,baden-wuerttemberg
11479185225,,,988,47.72474,10.13112,,,baden-wuerttemberg
1279802980,,,988,47.6152204,11.4867192,,,bayern-260721
9686600366,Brandenspitze,,987,47.8661631,7.8348532,,,baden-wuerttemberg
11360747830,,,987,47.7208549,10.1023302,,,baden-wuerttemberg
11478807820,,,987,47.59588,10.04058,,,bayern-260721
12243743049,,,987,47.4850335,10.3065491,,,bayern-260721
12243743059,Kühberg,,986,47.48804,10.31333,Q130484406,,bayern-260721
11367381055,Binsberg,,985,48.1159168,8.7774018,Q30693966,,baden-wuerttemberg
11380438932,Kleiner Kochelsberg,,985,48.1049034,8.7850859,,,baden-wuerttemberg
1404357596,Anhangberg,,984,48.9036526,13.0453947,,,bayern-260721
8464126592,,,984,47.5641984,9.9862182,Q132492304,,bayern-260721
3230098741,Burgstallkopf,,983,47.6534166,12.0060778,,,bayern-260721
245383816,Großer Beerberg,,983,50.6584656,10.7434021,Q896523,de:Großer Beerberg,thueringen-260721
409777748,Hohe Möhr,,983,47.6929053,7.8744711,Q880395,,baden-wuerttemberg
416678030,Kronberg,,983,49.0369388,13.1053062,Q1634170,de:Kronberg (Niederbayern),bayern-260721
7399760580,,,983,47.7663359,7.737027,,,baden-wuerttemberg
10270447268,,,983,48.1428594,8.8513073,,,baden-wuerttemberg
11479191102,Höhe,,982,47.7373175,10.1398176,Q124537086,,baden-wuerttemberg
555155112,Korec,Scheffelsberg,982,50.4023439,12.6948148,Q2232399,,sachsen-260721
1980004034,Oberer Berg,,982,48.2016401,8.9470685,Q137797151,,baden-wuerttemberg
6441526741,Ochsenberg,,982,48.1258336,8.1612689,,,baden-wuerttemberg
11380454703,Bergle,,981,48.1213156,8.7777465,,,baden-wuerttemberg
7399639018,Federlisberg,,981,47.7327879,7.7368778,Q31561342,,baden-wuerttemberg
635281335,Großbicheleck,,981,47.6639591,10.9328543,,,bayern-260721
1950470842,Schlangenkirche,,981,48.55206,8.2846829,Q30609726,,baden-wuerttemberg
10971903392,Schlossberg,,981,48.0974434,8.2982398,,,baden-wuerttemberg
783669174,Sickersberg,,981,48.1825108,8.9455593,,,baden-wuerttemberg
449138047,Alter Berg,,980,48.0923864,8.8044665,Q437781,de:Alter Berg (Schwäbische Alb),baden-wuerttemberg
9705924219,Hirschenkopf,,980,48.8912703,13.045932,Q31540417,,bayern-260721
10967928716,Kohlenberg,,980,47.6619782,10.3813468,,,bayern-260721
8538042435,Streitmannskopf (West),,980,48.680203,8.3073788,,,baden-wuerttemberg
11479191103,,,980,47.73756,10.14229,,,baden-wuerttemberg
4102158240,,,980,47.4811489,11.2480616,,,bayern-260721
3712727227,Farrenruck,,979,49.2410441,12.9155616,,,bayern-260721
12472566835,Kienzelberg,,979,48.8247302,13.6421174,,,bayern-260721
1806401132,Wolfachhöhe,,979,48.538382,8.2408795,Q30504647,,baden-wuerttemberg
11439284988,,,979,47.7760752,12.4258128,,,bayern-260721
11592719886,,,979,47.747851,10.1794767,,,bayern-260721
5440873966,Fuchsriegel,,978,49.1440873,13.1362017,,,bayern-260721
1470641948,Hanichelriegel,,978,49.0386264,12.8126073,Q18412213,,bayern-260721
1470641950,Käsplatte,,978,49.0381908,12.8071797,Q1795479,de:Käsplatte,bayern-260721
6449424370,Langenbacher Eck,,978,48.0672128,8.3092199,,,baden-wuerttemberg
4642177938,Schneekopf,,978,50.6661292,10.7640612,Q2247357,de:Schneekopf,thueringen-260721
4177203271,Schwarzer Berg,,978,47.6738945,10.4618196,Q138827886,,bayern-260721
4313479611,,,978,47.7782279,12.2712873,,,bayern-260721
10924116005,Bühlberg,,977,47.8976271,8.1319509,,,baden-wuerttemberg
11367405412,Hirschbühl,,977,48.1355316,8.8045855,,,baden-wuerttemberg
2113632145,Lupfen,,977,48.0236429,8.6709727,Q1877593,,baden-wuerttemberg
2580031333,Baienberg,,976,48.191862,8.8975826,Q30714982,,baden-wuerttemberg
295409778,Burg,,976,48.2723413,9.0215672,Q30811489,,baden-wuerttemberg
290221611,Burgstall,,976,49.2494248,12.8908193,Q31550279,,bayern-260721
5092289928,Bärenkopf,,976,48.914705,13.5001755,,,bayern-260721
12243743061,Bärmbichel,,976,47.49561,10.32184,Q130484345,,bayern-260721
6028092149,Härterer Felsen,,976,48.0625656,7.9918839,,,baden-wuerttemberg
6441526740,Schönecklebühl,,976,48.133962,8.0805004,,,baden-wuerttemberg
11367248828,,,976,47.7042927,10.0912053,,,baden-wuerttemberg
1280463884,,,976,47.6366952,11.531335,,,bayern-260721
4216007166,,,976,47.6257725,11.4868458,,,bayern-260721
281349057,Herrenberg,,975,47.4410199,10.2315168,Q130492259,,bayern-260721
3268791192,Kesselklippe,,975,51.7851059,10.6089333,,,sachsen-anhalt-260721
703834463,Rauheck,,975,47.5974526,11.135447,Q31526851,,bayern-260721
11434872948,Schlegelhalden,,975,47.59485,10.03423,Q131115830,,bayern-260721
3703601160,Scheibenfelsen,,974,47.7437544,7.9980228,,,baden-wuerttemberg
10270471085,Schildhalde,,974,48.1929253,8.954514,,,baden-wuerttemberg
555159948,Schneehübel,,974,50.4264046,12.5739834,Q869708,en:Schneehübel,sachsen-260721
957014964,Schurkopf,,974,48.520808,8.2170266,Q30609623,,baden-wuerttemberg
4290185029,Sphinx,,974,49.1452531,13.0902383,,,bayern-260721
6405111954,Sturlekapf,,974,48.1755448,8.1770713,,,baden-wuerttemberg
1719396100,Sturmriegel,,974,48.8222031,13.2094237,,,bayern-260721
12456701668,,,974,47.5330967,9.9151732,,,bayern-260721
3734602764,Buchschachtelberg,,973,50.4103523,12.6813334,Q820215,,sachsen-260721
691465348,Hirnbuehl,,973,48.0836453,8.7814275,Q30735826,,baden-wuerttemberg
8651584861,Kranzlstein,,973,47.7128822,12.8275615,,,bayern-260721
1758888025,Vlčí kopec,Wolfshügel,973,50.4286667,13.0134539,,,sachsen-260721
2490047553,Engelstein,,972,47.7866732,12.5508081,,,bayern-260721
4021163408,Falscher Taufichtig,,972,50.4624172,12.8955794,,,sachsen-260721
3625017800,Kählesbühl,,972,48.1719065,8.9797326,,,baden-wuerttemberg
7142379375,Lerchenberg,,972,47.7314078,8.1843577,,,baden-wuerttemberg
25505793,Nußhardt,,972,50.0410072,11.8641655,Q1791699,de:Nußhardt,bayern-260721
6449424368,Ochsenberg,,972,48.0403822,8.326712,,,baden-wuerttemberg
5343422708,Freyel,,971,47.9585828,8.0587543,Q31546740,,baden-wuerttemberg
11378472394,Kirchberg,,971,48.1177714,8.8212525,Q1742458,,baden-wuerttemberg
6449424366,Simmelberg,,971,48.0339026,8.1288803,Q31520705,,baden-wuerttemberg
69655188,Wurmberg,,971,51.7565187,10.6182077,Q314735,de:Wurmberg (Harz),niedersachsen-260721
12607669862,,,971,47.74941,10.17696,,,bayern-260721
1983503081,Burgbühl,,970,48.1686869,8.8400929,,,baden-wuerttemberg
8297037581,Hahnenstein,,970,48.6975757,8.4372256,,,baden-wuerttemberg
1255480017,Hintereck,,970,47.6125945,10.0883433,Q31540840,,bayern-260721
3860550355,Hoher Draberg,,970,48.6939907,8.3958377,Q30795862,,baden-wuerttemberg
12298844296,Rauhenbichel,,970,47.51424,10.32008,Q130733944,,bayern-260721
6389614088,Tannbühl,,970,48.1674215,8.1490318,,,baden-wuerttemberg
11360747825,,,970,47.7124288,10.094107,,,baden-wuerttemberg
12571370765,,,970,47.66931,10.19513,,,baden-wuerttemberg
7424982144,Braunhardsberg,,969,48.2465694,9.0064358,Q901443,,baden-wuerttemberg
11478807863,Lüsseck,,969,47.628592,10.119408,Q31531379,,bayern-260721
4216052737,Meßnerberg,,969,47.6126611,11.4422054,Q31530854,,bayern-260721
7703857529,,,969,48.1228835,8.0697644,,,baden-wuerttemberg
11367405413,,,969,48.133885,8.8100435,,,baden-wuerttemberg
9453850412,Hauenstein,,968,48.1970255,8.1847796,,de:Karlstein (Hornberg),baden-wuerttemberg
6449424358,Hohe Wart,,968,48.0207129,8.328142,,,baden-wuerttemberg
414025338,Höhenberg,,968,47.5816578,11.1598674,Q31539263,,bayern-260721
2081253533,Kienstein,,968,47.6443372,11.3727532,,,bayern-260721
10270447265,Roßberg,,968,48.1466992,8.875279,Q31352982,,baden-wuerttemberg
12422902134,,,968,47.5688278,10.0531286,,,bayern-260721
13603506048,Einfangkopf,,967,47.542793,10.649825,Q138496154,,bayern-260721
322837063,Kappelhöhe,,967,47.772797,10.7708987,,,bayern-260721
4560842681,Philippenkopf,,967,48.6061561,8.2312692,,,baden-wuerttemberg
11570613426,Salzhalde,,967,47.5213914,10.2434421,Q30622685,,bayern-260721
534837170,Tannenkopf,,967,47.7603611,7.8427353,,,baden-wuerttemberg
5326212504,Teufelskreis,,967,50.6581312,10.7705577,Q89100139,,thueringen-260721
12472586353,,,967,48.1213,8.062781,,,baden-wuerttemberg
12574622303,,,967,47.6193845,10.5766582,,,bayern-260721
10274311565,Hochwälder Höhe,,966,48.1379677,8.2977285,Q31539668,,baden-wuerttemberg
6769694024,Lettstädter Höhe,,966,48.4341159,8.2578367,Q1119836,,baden-wuerttemberg
10950068357,Schöneck,,966,48.0670389,8.2877362,,,baden-wuerttemberg
2141793204,Wachtbühl,,966,48.2025151,8.986681,Q31292197,,baden-wuerttemberg
636024131,Eckberg,,965,47.6837122,10.9413805,,,bayern-260721
416644868,Hennenkobel,,965,49.0450716,13.1815386,Q1605368,de:Hennenkobel,bayern-260721
1279783257,Hennenköpfl,,965,47.583375,11.5445187,,,bayern-260721
2516425474,Jeřábí vrch,Stangenhöhe,965,50.4058529,12.6018799,Q23811994,,sachsen-260721
12438618628,Kühhüttenberg,,965,48.9066984,13.5502088,Q31532780,,bayern-260721
1950478212,Tomasberg,,965,48.5564981,8.2982023,Q30609759,,baden-wuerttemberg
11592719898,,,965,47.7526049,10.1663124,,,bayern-260721
11595441431,,,965,47.6872422,10.2280519,Q138035432,,bayern-260721
555162226,Brückenberg,,964,50.4529639,12.6085773,Q996339,,sachsen-260721
10270455217,Börnle,,964,48.1282125,8.8117832,,,baden-wuerttemberg
3887657698,Großer Josberg,,964,47.5981893,10.547153,Q130748834,,bayern-260721
1979976921,Heersberg,,964,48.2247987,8.9489293,Q1593614,de:Heersberg,baden-wuerttemberg
12458883380,Hieselberg,,964,48.7590568,13.8144439,,,bayern-260721
6391803534,Schiffherrenbühl,,964,48.1929822,8.1764876,,,baden-wuerttemberg
11002356412,Vorderer Ochsenkopf,,964,48.6288,8.27866,,,baden-wuerttemberg
4160049100,,,964,47.6852024,10.4241354,Q138827840,,bayern-260721
11472800979,,,964,47.5519416,9.9491649,,,bayern-260721
12422586157,,,964,47.6606111,10.1931775,,,bayern-260721
395276963,Großer Rammelsberg,,963,50.4023602,12.5256973,Q31543814,,sachsen-260721
503592460,Hohfelsen,,963,47.7253735,7.7485407,,,baden-wuerttemberg
1925813988,Lochenstein,,963,48.220019,8.849321,Q1359136,,baden-wuerttemberg
12243726432,Oibelskopf,,963,47.4659673,10.4143036,Q130484252,,bayern-260721
3420287346,Pomezní stráň,,963,48.9081607,13.6495549,,,bayern-260721
957017005,Rossbühl,,963,48.494352,8.2397782,Q31352659,,baden-wuerttemberg
11478807876,,,963,47.62797,10.12153,,,bayern-260721
3233329685,Reitberg,,962,47.6805761,12.0081736,,,bayern-260721
10270447267,Wittert,,962,48.1366435,8.8598997,,,baden-wuerttemberg
988143967,Schrofeneck,,961,47.5979141,10.5959043,Q138873747,,bayern-260721
8913179175,Ölberg,,961,47.7259699,10.1008558,Q124323399,,baden-wuerttemberg
11360747847,,,961,47.7627038,10.1454963,Q132677239,,baden-wuerttemberg
1270622562,,,961,47.6750661,11.6059641,,,bayern-260721
4290014347,,,961,49.14191,13.0981832,,,bayern-260721
6449540130,Aurüttenbühl,,960,48.0010737,8.1224596,,,baden-wuerttemberg
5537939852,Dreiberg,,960,50.4557771,12.8804043,Q31549249,,sachsen-260721
11615094170,Katzenbühl,,960,47.6265064,10.1071041,Q131444292,,bayern-260721
6622122550,Kiliansberg,,960,47.652733,13.0279427,Q1257338,,bayern-260721
2129687552,Kreuzbühl,,960,48.2262577,9.0026423,,,baden-wuerttemberg
12306698320,,,960,47.5638,10.64606,Q133288171,,bayern-260721
10972056215,Buchsberg,,959,48.0638,8.281,,,baden-wuerttemberg
9266706486,Falzköpfle,,959,48.5811357,8.2535648,,,baden-wuerttemberg
4102158243,Hirschbühel,,959,47.4867103,11.1948696,,,bayern-260721
1662597989,Jelení vrch,Grosser Hirschberg,959,50.3969457,12.5275908,,,sachsen-260721
11367405414,Kienbühl,,959,48.1309153,8.8088994,,,baden-wuerttemberg
3796363361,Röhrsberg,,959,48.541429,8.2571168,Q31354236,,baden-wuerttemberg
435237776,Wagensonnriegel,,959,48.9504287,13.2790963,Q2539113,de:Wagensonnriegel,bayern-260721
2453924202,Wendelberg,,959,47.6756751,12.7743934,Q31515299,,bayern-260721
11367405411,,,959,48.1291586,8.8216952,,,baden-wuerttemberg
11472776858,,,959,47.503611,9.8827789,,,bayern-260721
12422572512,,,959,47.748861,10.1725459,,,bayern-260721
12574622306,,,959,47.6153851,10.5735791,,,bayern-260721
5199258264,Kraví hora,Kühberg,958,50.4290684,12.8040189,,,sachsen-260721
7142379376,Labacherberg,,958,47.7428142,8.1764934,,,baden-wuerttemberg
6492207911,Schottenbühl,,958,47.927731,8.1970302,,,baden-wuerttemberg
11021576889,Zadní Ostružník,,958,50.399249,12.5572236,,,sachsen-260721
11592719894,,,958,47.754996,10.1588129,,,bayern-260721
11369492471,Bockenloch,,957,48.185479,8.8648179,,,baden-wuerttemberg
2482160663,Kohlriegel,,957,49.2418162,12.9037996,,,bayern-260721
2141793193,Sandbühl,,957,48.1952854,8.9700566,,,baden-wuerttemberg
11479191100,,,957,47.7367114,10.1348555,,,baden-wuerttemberg
463256614,Hörnle,,956,48.2225312,8.8783639,Q30669048,,baden-wuerttemberg
291402618,Raichberg,,956,48.3052794,8.9933615,Q594960,de:Raichberg,baden-wuerttemberg
13409190007,Stromelsberg,,956,48.1907313,8.8491074,,,baden-wuerttemberg
7278230279,,,956,47.7069169,8.1004511,,,baden-wuerttemberg
2141793180,Autenwang,,955,48.2030387,8.9697018,,,baden-wuerttemberg
9689890967,Hachenreutenschachen,,955,47.6626792,10.4469567,,,bayern-260721
11478807865,Nemlerspitz,,955,47.6281459,10.1136259,Q131444297,,bayern-260721
2457221319,Ramskopf,,955,47.6250885,11.3478623,,,bayern-260721
281997902,Silberberg,,955,49.0571546,13.1243106,Q2285737,de:Silberberg (Bodenmais),bayern-260721
9200555398,Staufenberg,,955,48.1163937,8.8934999,Q31311326,,baden-wuerttemberg
12439536793,,,955,47.5652843,10.5403733,,,bayern-260721
12574622307,,,955,47.6093168,10.5551469,,,bayern-260721
4559301620,Hohekopf,,954,48.6088439,8.3134197,,,baden-wuerttemberg
11595441416,Irgenkapf,,954,47.6374463,10.0797897,Q130437956,,bayern-260721
2129687553,Kugelbergle,,954,48.2277285,8.9805796,,,baden-wuerttemberg
778979294,Obere Buck,,954,47.7755355,7.7766728,,,baden-wuerttemberg
957016175,Sandkopf,,954,48.4978997,8.2284912,,,baden-wuerttemberg
10270420365,Zundelberg,,954,48.0544517,8.7414576,Q31513946,,baden-wuerttemberg
2621339829,,,954,47.6527717,11.7373638,,,bayern-260721
1950478207,Dürrenberg,,953,48.5610857,8.3111612,Q30792729,,baden-wuerttemberg
4102158239,Hochreut,,953,47.4917154,11.2596784,,,bayern-260721
319471227,Kalvarienberg,,953,47.56185,10.70435,Q133287750,,bayern-260721
1806392756,Langhardtkopf,,953,48.5541638,8.2277061,,,baden-wuerttemberg
728303213,Schlossfelsen,,953,48.2177149,9.0364536,Q21714946,,baden-wuerttemberg
528985836,Seehügel,,953,50.0315538,11.8753581,Q1424996,de:Seehügel,bayern-260721
13340930908,,,953,48.0518365,8.7407789,,,baden-wuerttemberg
11738937489,Brunnenbühl,,952,48.2872366,9.0285861,,,baden-wuerttemberg
11380438933,Kaiserbühl,,952,48.1111776,8.8010151,,,baden-wuerttemberg
418828920,Walkenberg,,952,47.7576432,10.1323853,Q31515937,,baden-wuerttemberg
1256843865,,,952,47.6861506,11.5328885,,,bayern-260721
11360747846,,,952,47.75896,10.1536,,,bayern-260721
4571693377,Dachsberg,,951,47.7107221,8.1029718,Q31549981,,baden-wuerttemberg
11738933947,Gockeler,,951,48.2968263,9.009696,,,baden-wuerttemberg
841768928,Gsengetstein,,951,48.9318145,13.2580614,Q1552497,de:Gsengetstein,bayern-260721
13460823340,Hörnle,,951,48.2435471,9.0451397,Q137797076,,baden-wuerttemberg
1976966183,Wenzelstein,,951,48.2154944,8.8419747,Q30511272,,baden-wuerttemberg
13409238875,,,951,48.2571342,9.0460548,Q137797039,,baden-wuerttemberg
9953219125,,,951,47.5644798,9.8267181,,,bayern-260721
3100784470,Hirnikopf,,950,47.7050261,8.0515216,,,baden-wuerttemberg
380936357,Hohentanne,,950,47.6471916,11.2724851,,,bayern-260721
1806392753,Kapellenbuckel,,950,48.5713636,8.2408274,,,baden-wuerttemberg
4571693367,Kohlensrütte,,950,47.6707302,8.0325837,,,baden-wuerttemberg
10270396791,Königswang,,950,48.1089,8.8431002,,,baden-wuerttemberg
2129687557,Wachtfels,,950,48.2227594,8.981818,,,baden-wuerttemberg
597327131,Wasserkuppe,,950,50.497647,9.9362893,Q247726,de:Wasserkuppe,hessen-260721
11378562423,,,950,48.1152523,8.9090702,,,baden-wuerttemberg
11478502846,,,950,47.6652826,10.1450077,,,bayern-260721
11595441343,,,950,47.5680569,9.9897319,,,bayern-260721
6769694025,Bauernkopf,,949,48.4561152,8.2661718,Q30610140,,baden-wuerttemberg
10032043128,Lindenberg,,949,47.9922353,8.6712888,,,baden-wuerttemberg
1983506638,Scheibenbühl,,949,48.1600113,8.8652923,Q104536885,,baden-wuerttemberg
277063958,Steineberg,,949,47.5043721,10.7241862,Q21876655,,bayern-260721
1327391481,Vorfeldkopf,,949,48.668151,8.2469223,Q31293456,,baden-wuerttemberg
11479191098,,,949,47.7377324,10.1307302,,,baden-wuerttemberg
11472776859,,,949,47.5052961,9.8872286,,,bayern-260721
10270420366,Ger,,948,48.0475022,8.734449,Q31567600,,baden-wuerttemberg
6769694036,Großer Hundskopf,,948,48.4041048,8.2372687,Q30661498,,baden-wuerttemberg
2129687549,Katzenbuckel,,948,48.2189806,9.0044866,,,baden-wuerttemberg
2673663781,Kroneck,,948,48.1405341,8.2218237,Q31533123,,baden-wuerttemberg
3734596979,Liščí hora,Schattenberg,948,50.40317,12.6829091,Q1686457,,sachsen-260721
4571693370,Wenni,,948,47.6779589,8.0430091,,,baden-wuerttemberg
11478543671,,,948,47.730152,10.0944186,,,baden-wuerttemberg
11478807875,,,948,47.6297394,10.13713,,,bayern-260721
11592720025,,,948,47.7439902,10.2127901,Q138534029,,bayern-260721
12574622308,,,948,47.6082752,10.5572069,,,bayern-260721
13065413901,Fuchsberg,,947,48.8969417,13.5858504,,,bayern-260721
13409238847,Haubenberg,,947,48.2662601,9.0656277,Q137796524,,baden-wuerttemberg
975872042,Lerchenstein,,947,48.7476113,8.4328194,,,baden-wuerttemberg
11623572776,Stierberg,,947,47.72466,10.1247704,Q124537112,,baden-wuerttemberg
11592719979,,,947,47.7528433,10.2038219,,,bayern-260721
12159808114,Bažiňák,,946,50.4042003,12.5825495,,,sachsen-260721
274307523,Brandenkopf,,946,48.3385936,8.1539491,Q885310,,baden-wuerttemberg
2141793182,Hornstein,,946,48.1959351,9.0129301,,,baden-wuerttemberg
5835157705,Immenstein,,946,48.6853523,8.2999203,,,baden-wuerttemberg
290192382,Platte,,946,49.9100726,12.0530379,Q2098706,,bayern-260721
6449540131,Scheibenkopf,,946,48.0033523,8.1446694,,,baden-wuerttemberg
12159808115,Vysoký vrch,,946,50.3958487,12.5877305,,,sachsen-260721
11738937491,Bennenbühl,,945,48.283838,9.0368428,,,baden-wuerttemberg
8297049327,Grandloh,,945,48.7332577,8.4358948,,,baden-wuerttemberg
3230301393,Gschlad,,945,47.7168051,12.4885934,,,bayern-260721
13606527387,Heiduke Köpfle,,945,47.559055,10.635432,Q138501818,,bayern-260721
11369492469,Hessenbühl,,945,48.1858924,8.8477645,,,baden-wuerttemberg
10924073667,Hirschbühl,,945,47.905678,8.1525599,,,baden-wuerttemberg
814886693,Oberfrauenwald,,945,48.6850001,13.6580499,Q2009651,de:Oberfrauenwald (Bayerischer Wald),bayern-260721
7253345689,Riesenkopf,,945,48.6531947,8.2480881,,,baden-wuerttemberg
6441526739,Schöneck,,945,48.1379127,8.0768988,Q31561897,,baden-wuerttemberg
1399081536,Fichtenkopf,,944,50.650603,10.7704178,Q30754976,,thueringen-260721
280841266,Großer Finsterberg,,944,50.63695,10.8001377,Q1548677,de:Großer Finsterberg,thueringen-260721
11282074009,,,944,47.561967,10.9857708,,,bayern-260721
12423303115,,,944,47.4843737,10.3808999,,,bayern-260721
542679164,Binzkopf,,943,47.7430445,7.9334535,Q31561072,,baden-wuerttemberg
11378562425,Brankbühl,,943,48.1270112,8.9000945,,,baden-wuerttemberg
5537939863,Bruchkamm,,943,50.4176163,12.649686,,,sachsen-260721
10270455216,Buchenberg,,943,48.1269521,8.8329703,,,baden-wuerttemberg
1976966181,Heimberg,,943,48.2020394,8.9201808,,,baden-wuerttemberg
10926883387,Kirchlebühl,,943,48.1469901,8.8676834,,,baden-wuerttemberg
1436533109,Wildekopf,,943,50.6618412,10.7252431,Q2570522,,thueringen-260721
10950068356,,,943,48.1534108,8.2848126,,,baden-wuerttemberg
13408188627,,,943,50.0358359,11.8692684,,,bayern-260721
1512928602,Aschenstein,,942,48.8176285,13.2570665,Q722492,de:Aschenstein,bayern-260721
12248153237,Fernberg,,942,47.6056762,10.0499093,Q130522569,,bayern-260721
606320617,Großer Madron,,942,47.7110102,12.1301792,,,bayern-260721
9266706491,Hoher Kopf,,942,48.5114943,8.2684135,Q30702287,,baden-wuerttemberg
293639600,Kiel,,942,50.4065801,12.4689898,Q1740952,,sachsen-260721
10873366103,Kühberg,,942,48.9763229,12.8960287,,,bayern-260721
1286706400,Langmartskopf,,942,48.7434082,8.4219445,Q30612925,,baden-wuerttemberg
2141793200,Schopfloch,,942,48.1984105,8.9930926,,,baden-wuerttemberg
11360747831,,,942,47.7155663,10.0918961,,,baden-wuerttemberg
4102158238,,,942,47.4868485,11.282219,,,bayern-260721
10031527440,,,942,50.4037048,12.6180014,,,sachsen-260721
1094894235,Himmelberg,,941,47.9962861,8.6541594,Q31540945,,baden-wuerttemberg
2669374024,Hochberg,,941,49.1079434,13.2062999,Q1621689,"de:Hochberg (Bayerischer Wald, Bayerisch Eisenstein)",bayern-260721
1436533100,Sommerbachskopf,,941,50.6665941,10.7269987,Q89111277,,thueringen-260721
2120529714,Vordere Langeck,,941,48.61745,8.31588,Q31293874,,baden-wuerttemberg
7399639019,,,941,47.7294696,7.7318823,,,baden-wuerttemberg
380918178,Hirschberg,,940,47.6530243,11.2831276,Q31540503,,bayern-260721
339259148,Kaibenkopf,,940,47.8154649,7.766258,Q31536617,,baden-wuerttemberg
7253187401,Kleiner Hauerskopf,,940,48.6142893,8.2587259,Q30609108,,baden-wuerttemberg
529936734,Kleiner Rammelsberg,,940,50.4014028,12.5448997,Q31534392,,sachsen-260721
4460919520,Martinsfels,,940,48.2258617,9.0203932,,,baden-wuerttemberg
11738937493,Pfulleshart,,940,48.2807234,9.0368317,,,baden-wuerttemberg
5438329538,Weißmandl,,940,49.2470091,12.892777,,,bayern-260721
10283097239,,,940,47.729521,7.8293155,,,baden-wuerttemberg
281467921,Burkenbichlberg,,939,47.563249,10.652,Q31550181,,bayern-260721
778983494,Hohe Stückbäume,,939,47.7164651,7.7222133,Q31538623,,baden-wuerttemberg
11634427764,Kapf,,939,47.6012449,10.1231014,Q131301366,,bayern-260721
253060059,Kösseine,,939,49.9876808,11.9798826,Q1796723,de:Kösseine,bayern-260721
3242646036,Mittelfeldkopf,,939,48.6689777,8.2566035,,,baden-wuerttemberg
4430331527,Plochá hora,Flachberg,939,50.4043799,12.6352652,,,sachsen-260721
1399081549,Rosenkopf,,939,50.6536369,10.7601636,,,thueringen-260721
7099371425,Smrčí,,939,49.3609834,12.7823747,,,bayern-260721
13211012057,Steinberg,,939,48.8482301,13.6305004,,,bayern-260721
11479191095,,,939,47.7371624,10.1267122,,,baden-wuerttemberg
11592826288,,,939,47.7556426,10.1830077,,,bayern-260721
2120545964,Großhahnberg,,938,48.57865,8.3409,Q30657388,,baden-wuerttemberg
10780303529,Kreuzfelsen,,938,49.3397918,12.7853212,,,bayern-260721
13960949666,Märzenberg,,938,48.9401909,13.2940042,,,bayern-260721
957015320,Plonkopf,,938,48.5112707,8.2186637,,,baden-wuerttemberg
12509770030,Rotenberg Nebengipfel,,938,47.460645,9.931552,Q131784141,,bayern-260721
13068416499,Sulzberg,,938,48.8290622,13.6617548,,,bayern-260721
11592719972,,,938,47.7550871,10.2007692,,,bayern-260721
11595441334,,,938,47.57337,9.9873447,Q132492577,,bayern-260721
12306698303,,,938,47.56474,10.6586,Q133288182,,bayern-260721
13960949667,Geiersberg,,937,48.9348136,13.3012462,,,bayern-260721
778981597,Spitzkopf,,937,47.7922027,7.8204465,,,baden-wuerttemberg
11378562422,Großer Kirschbühl,,936,48.1120126,8.8849405,,,baden-wuerttemberg
5199258419,Hraniční vrch,,936,50.4481934,12.8475134,,,sachsen-260721
3719069029,Kamenáč,Aschberg,936,50.3895367,12.5088262,Q722198,en:Aschberg,sachsen-260721
5200803385,Nad starou šachtou,Über dem alten Schacht,936,50.4370703,12.8662534,,,sachsen-260721
9266706493,Sperberhart,,936,48.5040237,8.2632637,Q31314837,,baden-wuerttemberg
8297049328,Stadtwälder Kopf,,936,48.7403684,8.4505826,,,baden-wuerttemberg
1743682072,Wallenburger Kogel,,936,47.744995,11.7966675,Q18334815,,bayern-260721
4104433163,Wetzstein,,936,47.6691,11.0164344,Q30510205,,bayern-260721
11378472395,Fohlenstein,,935,48.1180983,8.8108442,,,baden-wuerttemberg
12361475819,Hirschkopf,,935,48.937231,13.4463858,Q31540284,,bayern-260721
5038321381,Kleinleinkopf,,935,48.576639,8.2984967,Q30609155,,baden-wuerttemberg
7278230277,,,935,47.7026484,8.1031399,,,baden-wuerttemberg
2952542522,,,935,47.7242316,12.1741031,,,bayern-260721
2120545962,Bustert,,934,48.5889,8.19589,Q30609472,,baden-wuerttemberg
5086565960,Gibacht,,934,49.3342571,12.7828403,Q18624553,,bayern-260721
1407431204,Hochriedriegel,,934,48.9450348,12.9419822,Q30724413,,bayern-260721
6405111955,Kolbenkopf,,934,48.1607329,8.2128616,Q31334706,,baden-wuerttemberg
2389007421,Riesberg,,934,49.0391581,13.2892725,,,bayern-260721
11738937490,Sandbühl,,934,48.2835784,9.0321309,,,baden-wuerttemberg
12574607792,,,934,47.6214898,10.5333017,,,bayern-260721
11943042746,Albauer Kopf,,933,47.7120139,12.8024733,,,bayern-260721
2824826780,Brockenkinder,,933,51.79065,10.6496694,Q2144040,de:Renneckenberg,sachsen-anhalt-260721
10270447266,Hummelbühl,,933,48.1397007,8.879699,,,baden-wuerttemberg
8913179176,Herrenberg,,932,47.73391,10.1016335,Q124323419,,baden-wuerttemberg
2114909062,Hollerkopf,,932,47.7194665,11.4448587,,,bayern-260721
2141793190,Meßstetter Berg,,932,48.2020084,8.9936501,,,baden-wuerttemberg
555170379,Rehhübel,,932,50.4285228,12.6546128,Q1670985,,sachsen-260721
13460735422,Riedersberg,,932,48.2765234,9.095409,Q31357467,,baden-wuerttemberg
9235942777,Steinbichl,,932,47.6721385,13.0018435,,,bayern-260721
1806401131,Zinkenköpfle,,932,48.523717,8.2291754,,,baden-wuerttemberg
11592719978,,,932,47.7573168,10.199703,,,bayern-260721
8913179168,Bärenbühl,,931,47.7327109,10.0927865,Q124323414,,baden-wuerttemberg
1980017340,Hundsrücken,,931,48.279941,8.9291438,Q1637681,,baden-wuerttemberg
12437570125,Michels Höh,,931,47.6009944,10.6010824,,,bayern-260721
283523805,Obere Zeterklippe,,931,51.8029819,10.643031,Q134311016,,sachsen-anhalt-260721
13612621776,Sulzberg,,931,47.6541434,10.6501722,,,bayern-260721
1420287004,,,931,47.5974283,11.496225,,,bayern-260721
12574622309,,,931,47.6142062,10.5250096,,,bayern-260721
4375506546,Brandklippe,,930,51.806584,10.5950343,Q31551630,,sachsen-anhalt-260721
972202151,Friedrichsberg,,930,48.6545958,13.7963569,Q1464187,de:Friedrichsberg (Niederbayern),bayern-260721
11893405547,Fuchsloch,,930,48.1820134,8.9107108,,,baden-wuerttemberg
4763796236,Hoher Götschen,,930,47.6958067,13.0645275,,,bayern-260721
10265901313,Hoher Randen,,930,47.7867957,8.5564915,,,baden-wuerttemberg
11478807826,Kapf,,930,47.58739,10.02975,Q131115957,,bayern-260721
11380438936,Kirchbühl,,930,48.1004796,8.8336961,,,baden-wuerttemberg
2129687554,Kugelwäldle,,930,48.2338945,8.9935709,,,baden-wuerttemberg
1819170049,Stein,,930,47.6338174,11.3258868,Q1547343,,bayern-260721
4973997354,Klausgupf,,929,48.7748578,13.771184,,,bayern-260721
435152232,Weißmainfels,,929,50.0288395,11.8310583,,,bayern-260721
11360747832,,,929,47.7179386,10.0905347,,,baden-wuerttemberg
11378562424,,,929,48.1270011,8.9192025,,,baden-wuerttemberg
363933928,Dammersfeldkuppe,,928,50.3971946,9.8624936,Q1158648,,bayern-260721
428763908,Kreuzberg (Rhön),,928,50.3700691,9.9799858,Q464488,de:Kreuzberg (Rhön),bayern-260721
297562061,Schopf,,928,48.9547041,12.8429102,Q19294837,,bayern-260721
3233329688,Sillberg,,928,47.693036,11.7177073,Q137361360,,bayern-260721
11014846641,Tannschachen,,928,48.48916,8.2924,,,baden-wuerttemberg
10270396789,Wachtbühl,,928,48.0957216,8.8534246,,,baden-wuerttemberg
11478502864,,,928,47.7376577,10.093909,,,baden-wuerttemberg
287465050,Bruchberg,,927,51.7831541,10.4987064,Q878533,de:Bruchberg,niedersachsen-260721
6769694037,Kleiner Hundskopf,,927,48.3968463,8.24103,Q30610291,,baden-wuerttemberg
12177037676,Filzriegel,,926,49.0849975,13.1821775,,,bayern-260721
4104433140,Forchenbichel,,926,47.7446208,10.7389261,,,bayern-260721
1810085806,Heidelstein,,926,50.4605554,10.0066988,,,bayern-260721
9018620811,Heilandsbichl,,926,47.6010468,10.5897308,,,bayern-260721
13028595531,Leutbecher,,926,50.4033335,9.8653127,,,bayern-260721
619240391,Mühlegg,,926,47.7150662,10.9398997,,,bayern-260721
11369478342,Schafbühl,,926,48.1637041,8.8424582,,,baden-wuerttemberg
6397237598,Windkapf,,926,48.1836258,8.2929307,Q31514765,,baden-wuerttemberg
11592827423,,,926,47.6812484,10.1753354,,,bayern-260721
283527137,Achtermannshöhe,,925,51.760875,10.5689846,Q340960,de:Achtermannshöhe,niedersachsen-260721
9266706494,Hechliskopf,,925,48.4976683,8.2816958,,,baden-wuerttemberg
11943042745,Heuberg,,925,47.7179043,12.8105414,,,bayern-260721
12913106877,Scheuereckberg,,925,48.9053314,13.6174916,,,bayern-260721
13001897136,Scheuereckberg,,925,48.9066106,13.6172239,,,bayern-260721
4573535249,Sägenberg,,925,47.6834401,8.0540196,,,baden-wuerttemberg
3039936378,,,925,47.7068548,8.0328898,,,baden-wuerttemberg
11570613418,,,925,47.5200229,10.2458238,,,bayern-260721
12574622302,,,925,47.6172944,10.5902409,,,bayern-260721
13732020721,,,925,49.3590672,12.7825579,,,bayern-260721
206382773,Haberstein,,924,50.0461662,11.8443532,Q61053011,de:Haberstein (Schneeberg),bayern-260721
7503830694,Kaffenberg,,924,50.4452678,12.8591148,Q31536745,,sachsen-260721
1280463880,Langeneck,,924,47.6411807,11.5665219,Q31804523,,bayern-260721
9705949303,Schergenhöhe,,924,48.8819981,13.0343006,,,bayern-260721
4104433106,Weichberg,,924,47.780465,10.7732154,Q31289961,,bayern-260721
10032043131,Weilheimer Berg,,924,48.0309796,8.7421181,Q31515503,,baden-wuerttemberg
4484125074,,Jandaberg,924,49.1413463,13.2104186,,,bayern-260721
1986169544,Hangender Stein,,923,48.3064775,9.0001273,Q31542418,,baden-wuerttemberg
10032043127,Kohlberg,,923,47.9709045,8.6773814,,,baden-wuerttemberg
5440135922,Pürzerriegel,,923,49.2429536,12.9308331,,,bayern-260721
555174559,Riesenberg,,923,50.4611686,12.6706499,Q2152395,,sachsen-260721
11559229159,,,923,47.3873718,10.2909207,Q132801051,,bayern-260721
12306643586,,,923,47.56431,10.66126,,,bayern-260721
1906569414,Kleine Kösseine,,922,49.9905165,11.9822217,Q1746478,de:Kleine Kösseine,bayern-260721
7695506466,Osterberg,,922,47.9823864,8.6532996,,,baden-wuerttemberg
10286628179,Schramberg,,922,48.6530074,8.3960571,Q31323907,,baden-wuerttemberg
6542294786,Zeisiggesang,,922,50.4584223,12.5802182,Q31514320,,sachsen-260721
13460741233,,,922,48.2752816,9.0916774,,,baden-wuerttemberg
6769694023,Absbachhöhe,,921,48.4317774,8.2846117,Q30610202,,baden-wuerttemberg
1581702930,Balzenberg,,921,47.5920512,9.9700569,Q8553234,de:Balzenberg,bayern-260721
11374525320,Hinterer Berg,,921,48.0345838,8.7488003,,,baden-wuerttemberg
12669493137,Hutlersberg,,921,47.5616573,10.7001901,,,bayern-260721
6441526730,Höllkopf,,921,48.1039565,8.0851149,Q31561946,,baden-wuerttemberg
1980039720,Irrenberg,,921,48.2814148,8.9447796,Q1673183,,baden-wuerttemberg
12188969685,Kiesriegel,,921,49.0512437,13.1656122,,,bayern-260721
11378562420,Käpfle,,921,48.133377,8.8682561,,,baden-wuerttemberg
1777783073,Mitterscheibling,Mitterscheibling,921,48.8905042,13.6691268,,,bayern-260721
747347485,Rabenstein,,921,47.7858562,12.6183863,,,bayern-260721
12177052007,Spitzberg,,921,49.0795445,13.1864261,Q31520010,,bayern-260721
10265851696,,,921,47.8811984,8.5834981,,,baden-wuerttemberg
1279771707,,,921,47.5829449,11.6307978,,,bayern-260721
12247790040,,,921,47.5718047,9.8356042,,,bayern-260721
291414705,Böllat,,920,48.2424252,8.9250461,Q21714643,de:Böllat,baden-wuerttemberg
2673647869,Drähberg,,920,49.1142192,13.2217967,,,bayern-260721
12405793166,Rindelberg,,920,48.9024882,13.4993863,Q31525875,,bayern-260721
2753877369,Schnaitkapf,,920,48.1010668,8.9650693,Q2246935,,baden-wuerttemberg
2129687556,Schnecklesfels,,920,48.22064,9.0163937,,,baden-wuerttemberg
12486426251,Vysoký kámen,Hoher Stein,920,50.4617134,13.0324466,,,sachsen-260721
4879132556,,Haberg,920,50.4061531,12.6569714,,,sachsen-260721
13409238897,Bühl,,919,48.2676722,9.0398514,,,baden-wuerttemberg
1581739750,Laubenberg,,919,47.6237134,10.0207252,Q15118205,de:Laubenberg (Berg),bayern-260721
10764132472,Steinberg,,919,48.8882895,13.059622,Q31308060,,bayern-260721
11380438934,Äußerer Bühl,,919,48.1084794,8.8287468,,,baden-wuerttemberg
6769694029,Eichelberg,,918,48.4648006,8.2870645,Q30610172,,baden-wuerttemberg
2113638128,Fürstenberg,,918,47.8904359,8.5616925,Q162539,,baden-wuerttemberg
8209209315,Heidenkapf,,918,47.7325235,10.0857712,Q124323393,,baden-wuerttemberg
4104433161,Mähdige Leite,,918,47.6658135,10.9662586,,,bayern-260721
3106093355,Boiderköpfl,,917,47.7392018,12.6479314,,,bayern-260721
11439284989,Einöder Berg,,917,47.7800456,12.4223203,,,bayern-260721
2362228098,Hausstein,,917,48.870936,13.0705657,Q1591314,de:Hausstein,bayern-260721
12325406491,Herbstriegel,,917,49.0117883,13.3689344,,,bayern-260721
4157895220,Otterberg,,917,50.4245781,12.6027614,,,sachsen-260721
7099382526,Pfennigfelsen,,917,49.3439445,12.7844324,,,bayern-260721
205186452,Großer Inselsberg,,916,50.8511626,10.4665051,Q1548714,,thueringen-260721
13460725618,Heirich,,916,48.2844637,9.0742317,Q30761217,,baden-wuerttemberg
4177274836,Höhenegg,,916,47.71809,10.26344,Q131301299,,bayern-260721
928218659,Kapf,,916,47.6226057,10.0345968,Q124356405,,bayern-260721
281349077,Kleiner Herrenberg,,916,47.4464219,10.2332525,Q130492268,,bayern-260721
11378562421,Kleiner Kirschbühl,,916,48.1168583,8.8827281,,,baden-wuerttemberg
3625017801,Lastenbergle,,916,48.1793985,9.0054248,,,baden-wuerttemberg
12426918196,Seeberg,,916,48.8873936,13.5535455,,,bayern-260721
4104433146,Sonnenbichel,,916,47.7185618,11.0417739,,,bayern-260721
5283796710,Wolfswarte,,916,51.7902687,10.5028661,Q31514466,,niedersachsen-260721
4102158245,,,916,47.4903531,11.1293516,,,bayern-260721
5125956063,,,916,48.9461142,12.9408377,,,bayern-260721
11603330069,,,916,47.4171952,10.2389789,,,bayern-260721
12666718529,,,916,47.5103311,10.3263545,,,bayern-260721
7695506467,Blatthalde,,915,47.9666316,8.6344069,,,baden-wuerttemberg
704655526,Gräbelesberg,,915,48.2112498,8.9193204,Q1551267,de:Gräbelesberg,baden-wuerttemberg
4104433160,Kleinbicheleck,,915,47.6606488,10.9245132,,,bayern-260721
411674607,Sachsenstein,,915,50.6524555,10.7917302,Q89111303,,thueringen-260721
5438329540,Schmidtriegel,,915,49.2443179,12.9117946,,,bayern-260721
5537939859,Steinberg,,915,50.4423129,12.5838898,,,sachsen-260721
3719069046,Tři skalky,,915,50.3869718,12.5127247,,,sachsen-260721
5438329539,Wolfsriegel,,915,49.247208,12.9012404,,,bayern-260721
11592719838,,,915,47.7528983,10.1417717,,,bayern-260721
12574622305,,,915,47.6072698,10.5682146,,,bayern-260721
11388633048,Christusbühl,,914,48.1320478,8.9825783,,,baden-wuerttemberg
6324905696,Eichberg,,914,47.84878,8.51666,Q31554463,,baden-wuerttemberg
13689159079,Guggenbühl,,914,47.7688864,10.4441678,Q138827635,,bayern-260721
436158256,Harlachberger Spitze,,914,49.0494155,13.0806915,Q31542264,,bayern-260721
455932907,Hornberg,,914,48.7234685,8.4617114,Q30669953,,baden-wuerttemberg
11738937492,Remmetsenberg,,914,48.281846,9.0460213,,,baden-wuerttemberg
11592719965,,,914,47.7636315,10.1990778,,,bayern-260721
13612520377,,,914,47.7937984,10.3848696,Q138827580,,bayern-260721
10274310836,Geschwend,,913,48.0009429,8.33589,,,baden-wuerttemberg
3431165499,Heidelstein Schwabenhimmel,,913,50.4617191,10.0198453,,,bayern-260721
1719314030,Jägerriegel,,913,48.828833,13.2179358,,,bayern-260721
1512928578,Kleiner Aschenstein,,913,48.8133171,13.258588,,,bayern-260721
11374525317,Mittlerer Berg,,913,48.0209891,8.7430572,,,baden-wuerttemberg
555178402,Rabenberg,,913,50.4519444,12.7547222,Q1722429,,sachsen-260721
7721732989,Schlossfelsen,,913,49.9135888,12.0683205,,,bayern-260721
12401012941,Weinberg,,913,47.5464532,10.2890313,Q131398519,,bayern-260721
11592704837,,,913,47.7686753,10.1373737,,,baden-wuerttemberg
13460735421,,,913,48.2730116,9.0661268,,,baden-wuerttemberg
11592719809,,,913,47.75842,10.16471,,,bayern-260721
269232883,Hohenkarpfen,,912,48.0411831,8.7181534,Q1623737,de:Hohenkarpfen,baden-wuerttemberg
778982566,Hörnle,,912,47.7515056,7.7892041,,,baden-wuerttemberg
1979976922,Pfeffinger Böllat,,912,48.2532424,8.9391285,Q31291851,,baden-wuerttemberg
11615094173,Ruttersberg,,912,47.6291912,10.0978783,Q130437963,,bayern-260721
11360747836,Webersberg,,912,47.6710969,10.1444578,Q130416172,,bayern-260721
288591856,Zeller Horn,,912,48.3125187,8.9800224,Q187749,de:Zeller Horn,baden-wuerttemberg
12246882843,,,912,47.4513919,10.2558244,Q138035103,,bayern-260721
12601768767,,,912,47.55458,9.8339707,,,bayern-260721
1629346238,Hochplatte,,911,47.7100922,12.9042236,Q1621994,,bayern-260721
11374525319,Steinbühl,,911,48.0329254,8.7559615,,,baden-wuerttemberg
13409238828,,,911,48.2741624,9.0798172,Q137796699,,baden-wuerttemberg
13460823338,,,911,48.2666517,9.0752062,,,baden-wuerttemberg
4104433162,Brunnenbichel,,910,47.6790113,10.9588325,,,bayern-260721
13460628263,Burren,,910,48.3153746,9.1230749,Q137796266,,baden-wuerttemberg
253348578,Dandlberg,,910,47.766608,12.1768349,Q31549886,,bayern-260721
363932494,Eierhauckberg,,910,50.4059758,9.9012173,Q1302739,,bayern-260721
5149634893,Großer Gaiskopf,,910,48.5311185,8.2304677,,,baden-wuerttemberg
705251847,Heldenkreuz,,910,47.5989479,11.2005976,,,bayern-260721
2120582396,Hirschkopf,,910,48.66667,8.45,,,baden-wuerttemberg
3808025173,Hörnle,,910,47.5858115,10.5550794,Q130748931,de:Hörnle (Pfronten),bayern-260721
5538740194,Tannenriegel,,910,49.3315618,12.7798381,,,bayern-260721
11352083894,,,910,47.6198256,10.0236189,,,bayern-260721
12306643584,,,910,47.56453,10.66591,,,bayern-260721
2120477127,Eierkuchenberg,,909,48.69317,8.29674,Q30781599,,baden-wuerttemberg
10892645446,Geißberg,,909,48.9924326,12.9081953,,,bayern-260721
6389602007,Hoher Stein,,909,48.1647483,8.1131939,,,baden-wuerttemberg
11378562426,Käsberg,,909,48.1222403,8.9225137,,,baden-wuerttemberg
6622125151,Lattenberg,,909,47.7065673,12.91255,,,bayern-260721
4104433116,,,909,47.7857728,10.7729406,,,bayern-260721
13432623942,,,909,47.770034,10.1319876,,,bayern-260721
3927667315,,,909,51.778639,10.4944578,,,niedersachsen-260721
13409238815,Delisberg,,908,48.2822691,9.0874764,Q30802928,,baden-wuerttemberg
4166501785,Haarberg,,908,47.7831333,10.4427642,Q30654742,,bayern-260721
458895802,Schweizer Kopf,,908,48.7600165,8.4561653,Q31320856,,baden-wuerttemberg
773639922,Teufelsmühle,,908,48.753889,8.408333,Q2407178,,baden-wuerttemberg
1581700801,,,908,47.5755,9.93948,Q132589763,,bayern-260721
11638909255,,,908,47.4852727,10.3883242,,,bayern-260721
13686087926,Eigenberg,,907,49.0388808,12.8217315,,,bayern-260721
4573535251,Geissberg,,907,47.6975105,8.1019354,,,baden-wuerttemberg
1116260613,Großer Eisenberg,,907,50.6223068,10.7813783,Q1236712,,thueringen-260721
1741706529,Hoher Geiersberg,,907,50.650943,10.7502902,,,thueringen-260721
1512928601,Geißlstein,,906,48.8139896,13.2648902,Q1499139,de:Geißlstein,bayern-260721
521379491,Großer Winterberg,,906,51.7605833,10.6247778,Q29795,de:Großer Winterberg (Harz),niedersachsen-260721
187194270,Hörnleberg,Hörnleberg,906,48.127528,8.0459132,Q773086,,baden-wuerttemberg
797532005,Schönau,,906,47.4782435,11.1319009,,,bayern-260721
13460823337,,,906,48.2591835,9.0819325,,,baden-wuerttemberg
3886035288,,,906,49.0034687,13.3409899,,,bayern-260721
1891356995,Abtsrodaer Kuppe,,905,50.5041867,9.9382299,Q334624,,hessen-260721
11641945298,Dienersberg,,905,47.3946194,10.2892306,Q30623320,,bayern-260721
600495150,Eschenbühl,,905,47.7469613,10.928399,,,bayern-260721
4573583038,Goldebühl,,905,47.7541089,8.1625397,,,baden-wuerttemberg
1980049980,Heuberg,,905,48.2810008,8.9891303,Q30746275,,baden-wuerttemberg
448016997,Kahleberg,,905,50.7486953,13.7309282,Q1720762,,sachsen-260721
702260979,Kappelbichl,,905,47.6242235,11.0399631,,,bayern-260721
11360747838,Käpfle,,905,47.6841777,10.0981993,Q131261917,,baden-wuerttemberg
4104404191,Rainenberg,,905,47.5927227,11.079253,,,bayern-260721
6808629937,,,905,47.8625287,8.3253101,,,baden-wuerttemberg
12305135493,,,905,47.55971,10.67874,,,bayern-260721
10270396790,Baneck,,904,48.0580998,8.8125001,,,baden-wuerttemberg
6449540124,Hammerköpfle,,904,47.9919321,8.3208427,,,baden-wuerttemberg
10032043125,Hornenberg,,904,47.9359136,8.6791388,,,baden-wuerttemberg
13409231086,Oberer Berg,,904,48.304878,9.0760381,Q137796351,,baden-wuerttemberg
8381778849,Schützenberg,,904,50.7005556,10.7052778,Q1221536,de:Schützenberg (Thüringer Wald),thueringen-260721
2995445589,Auer Berg,,903,47.7596951,12.7019815,,,bayern-260721
11374525318,Berg,,903,48.0275137,8.7551962,,,baden-wuerttemberg
5095185114,Faulenberg,,903,47.6206209,10.6992613,Q30758800,,bayern-260721
473507869,Hocheck,,903,47.7715997,11.9763754,Q31559271,,bayern-260721
12215044522,Ludwigstein,,903,48.9249498,13.3123954,,,bayern-260721
4571693360,Riegelhalde,,903,47.6538148,8.0212811,,,baden-wuerttemberg
12361475820,Rotenberg,,903,48.9349898,13.4387684,,,bayern-260721
5077578470,Steinbühl,,903,47.654334,8.0038398,,,baden-wuerttemberg
3595999220,,,903,49.2322616,13.0561218,,,bayern-260721
11352083887,,,903,47.6260626,10.0638843,,,bayern-260721
3215534522,Köbele,,902,48.352529,9.1203447,Q31533857,,baden-wuerttemberg
5086565959,Reiseck,,902,49.3286097,12.785832,Q31566951,,bayern-260721
3542244597,Schafbühl,,902,47.6622595,8.0311199,,,baden-wuerttemberg
391489626,Stirnberg,,902,50.4913601,10.039333,Q2350355,,bayern-260721
6391892239,,,902,48.1977249,8.1447712,,,baden-wuerttemberg
11478543805,,,902,47.6748193,10.1251351,,,baden-wuerttemberg
13409231090,,,902,48.3030569,9.0825014,,,baden-wuerttemberg
1280463891,,,902,47.6338515,11.5334153,,,bayern-260721
12456398645,,,902,47.5677746,9.8437714,Q136008932,,bayern-260721
12571176920,,,902,47.5552715,9.9522212,,,bayern-260721
3927667314,,,902,51.7746371,10.4865975,,,niedersachsen-260721
3927667316,,,902,51.7817576,10.5057585,,,niedersachsen-260721
2383938510,Brand,,901,50.7098804,10.6557155,,,thueringen-260721
443242638,Entenbühl,,901,49.7578596,12.3980347,Q1344516,,bayern-260721
389908278,Greifenberg,,901,50.7133214,10.6747147,Q30666852,,thueringen-260721
9498853631,Huttenberg,,901,47.6729389,12.5004655,,,bayern-260721
3113167755,Leistenklippe,,901,51.7816617,10.6942223,Q31532032,,sachsen-anhalt-260721
1106670761,Schnalz,,901,47.7660414,10.9687771,,,bayern-260721
4576072245,Stutz,,901,47.7019759,8.1324527,,,baden-wuerttemberg
1378735198,Teufelstisch,,901,48.9326754,13.064643,Q2407268,de:Teufelstisch (Bayerischer Wald),bayern-260721
13460823339,,,901,48.2532967,9.0562393,,,baden-wuerttemberg
11352083890,,,901,47.6045969,9.9906022,Q132528981,,bayern-260721
816412004,Dietzen-Lorenz-Stein,,900,50.6598525,10.7328414,,,thueringen-260721
11472776856,,,900,47.5002824,9.8763924,,,bayern-260721
5537939876,Ellbogen,,899,50.4567017,12.6245977,Q31548160,,sachsen-260721
294938113,Großer Lugstein,,899,50.7325949,13.7440365,,,sachsen-260721
2686304899,Großer Rathberg,,899,48.656921,13.7444404,Q31543798,,bayern-260721
4104522073,Hüttenbichel,,899,47.6580017,11.0224595,,,bayern-260721
5038717749,Kleinhahnberg,,899,48.5850607,8.3470228,,,baden-wuerttemberg
6397237611,Kräherkapf,,899,48.198067,8.2761493,,,baden-wuerttemberg
853432063,Titusenköpfle,,899,48.3039531,9.1189579,Q31517343,,baden-wuerttemberg
11478543803,,,899,47.6761089,10.1291906,,,baden-wuerttemberg
12306643582,,,899,47.56498,10.67881,,,bayern-260721
12306643583,,,899,47.564839,10.67422,Q133288205,,bayern-260721
13409238819,Bernstein,,898,48.2792481,9.081368,,,baden-wuerttemberg
191043729,Bärenstein,,898,50.5083119,13.0188001,Q895907,de:Bärenstein (Berg im Erzgebirge),sachsen-260721
389907425,Finsterbachkopf,,898,50.7068999,10.6484218,Q89113356,,thueringen-260721
5537939840,Kuhbrückenberg,,898,50.4653652,12.9475692,Q31532812,,sachsen-260721
2583915739,Lindenbuck,,898,47.8160607,8.3501336,,,baden-wuerttemberg
992369032,Lindenhörnle,,898,48.29656,9.14036,Q31531710,,baden-wuerttemberg
3705518257,Reiherskopf,,898,48.3510436,8.1704318,Q31359148,,baden-wuerttemberg
2996229872,Weigelsberg,,898,49.0991072,12.9600509,Q2555272,,bayern-260721
389903928,Gebrannter Stein,,897,50.6895593,10.6700551,Q1497114,de:Gebrannter Stein,thueringen-260721
11014872621,Hinterer Heinzelberg,,897,48.48918,8.3283,,,baden-wuerttemberg
294938099,Kleiner Lugstein,,897,50.7314595,13.7478044,Q31310959,,sachsen-260721
11360747837,,,897,47.6798839,10.1069752,,,baden-wuerttemberg
11352083895,,,897,47.6166906,10.0169376,,,bayern-260721
2388611234,Bernhardsnagel,,896,49.0538336,12.7974831,Q57282041,,bayern-260721
1175790837,Hohbühl,,896,47.9129706,7.8557836,,,baden-wuerttemberg
305653551,Taubenberg,,896,47.8274704,11.7494514,Q2396498,de:Taubenberg,bayern-260721
305937429,Hermersberg,,895,48.4070788,8.2014366,Q30752918,,baden-wuerttemberg
10969844884,Tannschachen,,895,48.5137,8.27578,,,baden-wuerttemberg
6769694022,Winterbergkopf,,895,48.4391822,8.3022009,,,baden-wuerttemberg
9900590551,,,895,48.1505262,8.2539832,,,baden-wuerttemberg
11352083891,,,895,47.60194,9.99016,,,bayern-260721
12328844739,,,895,47.6531388,10.2464139,Q138665836,,bayern-260721
349135925,Ebene,Ebene,894,49.5242978,12.6328762,Q31548895,,bayern-260721
12364669778,Hahnenmissbergle,,894,48.5100758,8.2310827,,,baden-wuerttemberg
267272087,Havran,Großer Rabenberg,894,49.7426235,12.4099095,Q282632,,bayern-260721
292954565,Hohe Hölle,,894,50.4291321,9.9616322,Q1623468,de:Hohe Hölle,bayern-260721
1765147286,Kreuzbüchel,,894,47.7645006,10.7587926,,,bayern-260721
6405111956,Storeck,,894,48.1733029,8.247163,,,baden-wuerttemberg
11374525316,,,894,48.0198761,8.7504516,,,baden-wuerttemberg
7142379374,Berneck,,893,47.7255697,8.2016972,,,baden-wuerttemberg
9266706489,Burgkopf,,893,48.5243218,8.2919311,Q30810588,,baden-wuerttemberg
285756576,Donnershauk,,893,50.7224641,10.6388948,Q30797571,,thueringen-260721
12197240266,Fahrenberg,,893,49.2299155,13.0387223,,,bayern-260721
288596084,Heiligenkopf,,893,48.2941997,8.9555325,Q1537277,,baden-wuerttemberg
287465051,Rehberg,,893,51.7397052,10.536957,Q871155,de:Rehberg (Harz),niedersachsen-260721
12118166455,Spitzigköpfle,,893,48.546359,8.3198663,Q30609830,,baden-wuerttemberg
10876305557,Wacht,,893,47.8254899,8.3411873,,,baden-wuerttemberg
2386222152,Wartstein,,893,47.6106069,12.8678231,Q27882378,,bayern-260721
4104433141,,,893,47.7520532,10.7481577,,,bayern-260721
8667734919,Berzenkopf,,892,47.5551766,10.7313263,,,bayern-260721
11641986556,Burgberg,,892,47.4519786,10.2838375,Q124616720,,bayern-260721
10148602936,Kienberg,,892,48.4963891,8.3321551,,,baden-wuerttemberg
3230098745,Mühlbacher Berg,,892,47.6389937,12.1558799,,,bayern-260721
1817738051,Stutzenstein,,892,47.6537339,11.388213,Q114646466,de:Stutzenstein (Kocheler Berge),bayern-260721
12305135487,,,892,47.56133,10.69004,,,bayern-260721
8300646770,Dreispitz,,891,47.8076689,7.7309336,,,baden-wuerttemberg
3949933637,Fastenberg,,891,50.4407104,12.6972993,Q1397733,de:Fastenberg,sachsen-260721
3233329553,Fuchsstein,,891,47.6606102,12.1023731,,,bayern-260721
2124124974,Grenzertkopf,,891,48.76108,8.41488,Q30666482,,baden-wuerttemberg
414258455,Neuhäuser Hügel,,891,50.6031013,10.7683481,Q31529575,,thueringen-260721
13116955196,Rannaberg,,891,48.6692285,13.7243103,,,bayern-260721
2124124975,Rosskopf,,891,48.76391,8.46007,Q30612968,,baden-wuerttemberg
1404364857,Stadelberg,,891,48.9336584,13.0888894,,,bayern-260721
1741706565,Unterer Beerberg,,891,50.6538899,10.73696,Q31516757,,thueringen-260721
7776277655,Geißbichl,,890,47.6514007,10.8049895,,,bayern-260721
5537938606,Hirtstein,,890,50.5340894,13.1900736,Q1620589,,sachsen-260721
1845701589,Mühlberg,,890,48.8458696,13.6427333,,,bayern-260721
1431131402,,,890,47.5965566,11.4150158,,,bayern-260721
1764379755,,,890,47.7522966,10.7483429,,,bayern-260721
1763101765,Buchberg,,889,47.6499066,10.771351,Q31550757,,bayern-260721
9266706490,Farnkopf,,888,48.5196176,8.2846141,,,baden-wuerttemberg
759792010,Heuberg,,888,47.690341,12.097604,Q31541102,,bayern-260721
292954275,Himmeldunkberg,,888,50.4227778,9.9597222,Q940736,de:Himmeldunkberg,bayern-260721
285757345,Hohe Möst,,888,50.711796,10.6363392,Q30713171,,thueringen-260721
365958641,Königshöhe,,888,50.4151364,12.4956601,Q31533584,,sachsen-260721
5257693023,Rasinakopf,,888,47.7777042,7.7256461,,,baden-wuerttemberg
449550057,Signalberg,,888,49.4639885,12.5374499,Q30134235,,bayern-260721
391489621,Steinkopf,,888,50.478137,10.0182403,Q2341219,,hessen-260721
1374578485,Regeleskopf,,887,48.363667,8.1770333,Q31360010,,baden-wuerttemberg
844078724,Toskabank,,887,50.4680653,13.0044786,,,sachsen-260721
288591275,Blasenberg,,886,48.2979989,8.9609221,Q881796,,baden-wuerttemberg
591818020,Dattinger Berg,,886,48.8749128,13.1103491,,,bayern-260721
1188857384,Grenzklippe,,886,51.7829866,10.6882311,,,sachsen-anhalt-260721
271857173,Heuberg,,886,47.6352748,7.9398681,,,baden-wuerttemberg
1175790813,Hörnle,,886,47.9211989,7.8501571,,,baden-wuerttemberg
12307579890,Jungmaierberg,,886,49.0384658,13.3142924,,,bayern-260721
1235310382,Kapf,,886,48.0708606,8.861498,,,baden-wuerttemberg
8913179167,Kapf,,886,47.7482558,10.1029609,Q124323440,,baden-wuerttemberg
304104370,Kornbühl,,886,48.3544958,9.0982095,Q1784500,de:Kornbühl,baden-wuerttemberg
8381742227,Schmalkalder Loibe,,886,50.7391111,10.5814306,Q31564680,,thueringen-260721
4463038861,Sollerberg,,886,49.1429779,13.1150216,,,bayern-260721
11374525321,Vorderer Berg,,886,48.0369659,8.7635399,Q31567616,,baden-wuerttemberg
3233329673,,,886,47.6861505,11.9675581,,,bayern-260721
3233329683,,,886,47.7773019,11.9677971,,,bayern-260721
3359952006,Brand,,885,50.6681596,10.7797908,,,thueringen-260721
446719804,Platte,,885,50.0184043,11.8901594,Q2098704,,bayern-260721
12570682213,,,885,47.5781976,9.9820018,,,bayern-260721
1374588871,Hahnenkopf,,884,48.392022,8.2083002,Q30610422,,baden-wuerttemberg
2141793187,Malesfelsen,,884,48.2023275,9.036199,Q6743122,,baden-wuerttemberg
11738937495,Markenberg,,884,48.2703805,9.011573,,,baden-wuerttemberg
3215534521,Monkberg,,884,48.3612755,9.1051555,Q31530388,,baden-wuerttemberg
302045924,Na Skále,Meiersberg,884,50.7181628,13.7324526,,,sachsen-260721
10265679967,Tanzbühl,,884,48.0055999,8.6263993,,,baden-wuerttemberg
11021576880,,,884,50.389235,12.531147,,,sachsen-260721
10265851494,Amtenhauser Berg,,883,47.9501906,8.6981426,,,baden-wuerttemberg
8339807222,Bachberg,,883,50.4535482,13.0130613,,,sachsen-260721
12361475823,Guglöder Riegel,,883,48.9311274,13.4306574,,,bayern-260721
9266706492,Rappenberg,,883,48.5059572,8.2850647,Q31361127,,baden-wuerttemberg
4839575485,Schneckenstein,,883,50.4133462,12.4513541,Q1167022,de:Schneckenstein (Fels),sachsen-260721
5537939862,Schöne Aussicht,,883,50.4404727,12.630187,,,sachsen-260721
4375490148,Untere Hirschhörner,,883,51.7910295,10.593836,Q31540367,,sachsen-anhalt-260721
1459693830,Brandkopf,,882,48.4700617,8.2403638,,,baden-wuerttemberg
8576790807,Heimenerbichl,,882,47.6257186,10.6435335,,,bayern-260721
6492207909,Köpfle,,882,47.9308107,7.9893899,,,baden-wuerttemberg
1964677954,Quitschenberg,,882,51.7961111,10.5777778,Q2123514,de:Quitschenberg,niedersachsen-260721
2450057591,Riesberg,,882,49.0929436,12.9649528,Q31566873,,bayern-260721
9266706488,Sandköpfle,,882,48.5136905,8.2508826,Q30609215,,baden-wuerttemberg
470522347,Sperrhügel,,882,50.7436626,10.5740853,,,thueringen-260721
434711526,Spitziger Berg,,882,50.6742194,10.7028092,,,thueringen-260721
1904614577,Wittelsbacher Höhe,,882,47.49952,10.25632,Q124609283,,bayern-260721
305299497,Bolberg,,881,48.3985299,9.1431171,Q891267,,baden-wuerttemberg
13409231095,Köpfle,,881,48.3027851,9.0886083,,,baden-wuerttemberg
6397237637,Mooswaldkopf,,881,48.240892,8.3012013,Q1947025,,baden-wuerttemberg
4424104282,Taubenkopf,,881,47.9342288,7.8898186,Q31560362,,baden-wuerttemberg
11534910179,,,881,47.6532942,10.0744951,,,baden-wuerttemberg
13458689786,,,881,48.4012377,9.1354134,,,baden-wuerttemberg
2996218122,Fürberg,,880,48.8702326,13.2132403,Q1482602,,bayern-260721
26863034,Großer Feldberg,Großer Feldberg,880,50.2318229,8.4568286,Q677873,de:Großer Feldberg,hessen-260721
1841412900,Kapellenberg,,880,49.0033459,12.8159007,,,bayern-260721
3230098743,Kl. Audorfer Berg,,880,47.6485471,12.1415763,,,bayern-260721
13612421558,,,880,47.7662579,10.2196884,Q138532200,,bayern-260721
5325798000,Brandleite,,879,50.6847551,10.7247135,,,thueringen-260721
331032370,Burgstein,,879,49.9983209,11.9938163,Q1015992,de:Burgstein (Fichtelgebirge),bayern-260721
6769694028,Heimenberg,,879,48.4554284,8.2982361,,,baden-wuerttemberg
12356376927,Hüttenriegel,,879,48.9441724,13.3944261,,,bayern-260721
3431101986,Mittelberg,,879,50.4100433,9.9143704,Q1940054,,bayern-260721
1272834694,Platten,,879,47.7490516,11.6502786,Q236127,de:Platten,bayern-260721
6405111957,Sommerberg,,879,48.1663328,8.3186824,,,baden-wuerttemberg
6489431906,Spirzenkopf,,879,47.9720014,8.0831696,,,baden-wuerttemberg
564965776,Hessenstein,,878,48.9146856,13.3040868,Q946935,de:Hessenstein,bayern-260721
2129687548,Hornau,,878,48.2395951,8.980549,,,baden-wuerttemberg
6441526729,Kapf,,878,48.0998134,8.098329,Q31561962,,baden-wuerttemberg
2129687551,Kornberg,,878,48.2468445,8.9814052,Q31332572,,baden-wuerttemberg
3215534529,Nähberg,,878,48.322188,9.108093,Q31529765,,baden-wuerttemberg
13706324838,Paukenriegel,,878,49.0063906,13.3371878,,,bayern-260721
2166251631,Siedigkopf,,878,48.4481541,8.0945344,Q31520872,,baden-wuerttemberg
11072510587,Skelný vrch,,878,50.5089441,13.2016161,,,sachsen-260721
11638021054,Wohlfahrtsbichel,,878,47.475027,10.2420473,Q30622795,,bayern-260721
11352083893,,,878,47.6138844,10.0107175,,,bayern-260721
4102642402,Döttenbichl,,877,47.5867272,11.0705836,,,bayern-260721
907919717,Falkenberg,,877,47.7003483,12.1357401,Q31547557,,bayern-260721
393295677,Großer Waldstein,,877,50.129034,11.8545429,Q1549066,de:Großer Waldstein,bayern-260721
5537939853,Katzenstein,,877,50.4730042,12.9208403,Q31535909,,sachsen-260721
5038717750,Lieberg,,877,48.5785625,8.3680702,,,baden-wuerttemberg
12178147520,Ochsenberg,,877,49.1247248,13.0345273,,,bayern-260721
8336193854,Steinberg,,877,50.4605142,13.0127901,,,sachsen-260721
4498616552,Vogtsbuck,,877,47.8373621,8.2909883,,,baden-wuerttemberg
531356555,Buchberg,,876,47.8304627,8.5202761,,,baden-wuerttemberg
11637697332,Burgberg,,876,47.4759063,10.2843243,Q130401568,,bayern-260721
2940945897,Cinovec,,876,50.7291795,13.757477,,,sachsen-260721
13929687878,Hollerriegel,,876,48.9739355,13.2766342,,,bayern-260721
13409231075,Nähberg,,876,48.3122408,9.0841726,,,baden-wuerttemberg
4576072242,Rossbühl,,876,47.6912019,8.0929535,,,baden-wuerttemberg
1839444562,Wolfgangriegel,,876,49.0700545,13.039963,Q31566888,,bayern-260721
11021576856,,,876,50.7175638,13.7479604,,,sachsen-260721
5325919569,Finsterberger Köpfchen,,875,50.642004,10.8064228,Q1746614,,thueringen-260721
7722269774,Frauenstein,,875,49.4654919,12.5320637,,,bayern-260721
274105890,Heidenkopf,,875,48.5107928,8.2476005,Q30609244,,baden-wuerttemberg
13120308082,Kleiner Rathberg,,875,48.6494389,13.7472172,,,bayern-260721
7448554047,Leistnerhübel,,875,50.4348307,12.63895,Q549278,,sachsen-260721
4225718388,Pestrý,,875,50.6621518,13.5365068,,,sachsen-260721
281179688,Pferdskopf,,875,50.490996,9.9207853,Q586210,,hessen-260721
12913106878,Saureibenhänge,,875,48.9111867,13.6144947,,,bayern-260721
2268278345,Steinberg,,875,48.8515811,13.4582633,Q31519219,,bayern-260721
13688768313,,,875,47.8413111,10.3173745,Q138824451,,bayern-260721
4911464738,Dorfer Kapf,,874,48.2011487,8.1463038,,,baden-wuerttemberg
6397237612,Falkenhöhe,,874,48.2117553,8.312361,,,baden-wuerttemberg
2464735926,Goldlauterberg,,874,50.6408455,10.7715722,,,thueringen-260721
4225718334,Jelení hlava,,874,50.6664075,13.5462313,,,sachsen-260721
2700639580,Jägerhausberg,,874,50.7019203,10.6641801,,,thueringen-260721
1701766001,Omerskopf,,874,48.6423014,8.1776548,Q31295940,,baden-wuerttemberg
348027982,Reichenstein,,874,49.5145866,12.6207487,Q2797881,,bayern-260721
2296798195,Römerstein,,874,48.5102373,9.5436123,Q1436941,de:Römerstein (Schwäbische Alb),baden-wuerttemberg
12306643579,,,873,47.56519,10.6851,,,bayern-260721
6757406324,Bärleichkopf,,872,48.4218433,8.31711,,,baden-wuerttemberg
10148578676,Ellbachkopf,,872,48.5016121,8.3070132,Q30776010,,baden-wuerttemberg
12349016995,Hinterer Bocksberg,,872,48.940501,13.3667779,,,bayern-260721
1079153676,Hohfleck,,872,48.38393,9.2367024,,,baden-wuerttemberg
11599282141,Langenberg,,872,47.7849324,10.1335112,Q131444153,,bayern-260721
6397237636,Moosenkapf,,872,48.2567188,8.2965721,Q31530323,,baden-wuerttemberg
7278230278,,,872,47.6895469,8.1087452,,,baden-wuerttemberg
11592827428,,,872,47.680555,10.1652851,,,bayern-260721
6449540123,Hochschirm,,871,47.9972134,8.3665708,,,baden-wuerttemberg
287780179,Mooskopf,,871,48.4527332,8.093562,Q31530289,,baden-wuerttemberg
1407404121,Rosenberg,,871,48.9576042,13.0334777,Q31525348,,bayern-260721
1364744703,Schanze,,871,50.1285531,11.8591005,,,bayern-260721
10032043130,Unterer Berg,,871,48.0057425,8.7466247,Q31516742,,baden-wuerttemberg
11599282143,,,871,47.7827804,10.1362771,,,bayern-260721
4528436532,Eschbacher Höchst,,870,48.0234044,7.9689467,,,baden-wuerttemberg
2940946603,Husův vrch,Gänsehügel,870,50.7230268,13.7734049,,,sachsen-260721
535979310,Kühberg,,870,48.9763298,13.2292152,Q31566903,,bayern-260721
3431112118,Rückberg,,870,50.392851,9.8797163,Q31563631,,bayern-260721
12178011573,Woferlberg,,870,49.089304,13.0778284,,,bayern-260721
3233329666,,,870,47.626757,12.126951,,,bayern-260721
10274391015,Blankenhalde,,869,48.0408945,8.9921649,,,baden-wuerttemberg
1720911033,Burgsteinfelsen,,869,50.0001404,11.994445,Q31550213,,bayern-260721
4104421916,Pfaffeck,,869,47.6418929,10.8003677,,,bayern-260721
3010259747,Roßberg,,869,48.4178811,9.1431693,Q1324131,,baden-wuerttemberg
3163583448,Ruberg,,869,48.69915,8.30708,Q31345139,,baden-wuerttemberg
5325760135,Saukopf,,869,50.7263393,10.6720482,Q31336376,,thueringen-260721
1161322926,Strohmannhanselhöhe,,869,49.0459941,13.0935857,,,bayern-260721
3733616217,Großer Farmdenkopf,,868,50.5053092,11.0343165,Q1548670,de:Großer Farmdenkopf,thueringen-260721
2129687547,Heubelstein,,868,48.2308284,8.9751496,,,baden-wuerttemberg
10270420367,Hummelskopf,,868,47.981573,8.7650971,Q137571082,,baden-wuerttemberg
3230098746,Nußlberg,,868,47.6250374,12.1582973,Q31529389,,bayern-260721
729417550,Oberer Hermannsbergstein,,868,50.700272,10.6139439,,,thueringen-260721
5326059488,Pfanntalskopf,,868,50.6900549,10.7235308,Q2082371,,thueringen-260721
2022014086,Rohrberg,,868,47.9954611,8.078621,,,baden-wuerttemberg
6449540122,Tierstein,,868,47.9855405,8.3666422,,,baden-wuerttemberg
7694798710,,,868,49.7507172,12.4013328,,,bayern-260721
248097778,Bleßberg,,867,50.4469785,11.0060534,Q883974,,thueringen-260721
5537939827,Eselsberg,,867,50.4799673,12.6767743,Q31547823,,sachsen-260721
11631779170,Galgenbühl,,867,47.6757572,10.1368621,Q131307530,,baden-wuerttemberg
729417567,Großer Hermannsberg,,867,50.7004986,10.6140216,Q1548697,,thueringen-260721
12495512663,Hirschberg,,867,48.8128268,13.7399053,,,bayern-260721
7123890503,Kieferle,,867,50.467911,11.0916751,Q1740904,,thueringen-260721
12570772356,Kreuzberg,,867,47.5763887,9.8494444,Q136804122,,bayern-260721
339259138,Rammelsbacher Eck,,867,47.8268513,7.7671337,Q31560302,,baden-wuerttemberg
10995852017,Süßenkopf,,867,48.6547,8.4298,Q31301659,,baden-wuerttemberg
13409231079,,,867,48.3096049,9.0827882,,,baden-wuerttemberg
11446276900,,,867,47.5845038,10.017364,Q136008504,,bayern-260721
379668819,Flaunser,,866,48.0219469,7.9539672,Q31546886,,baden-wuerttemberg
356767510,Hopfensäcke,,866,51.7906679,10.5649066,Q90014966,,niedersachsen-260721
388488066,Rudolfstein,,866,50.0720422,11.8767337,Q2174357,de:Rudolfstein (Fichtelgebirge),bayern-260721
293330542,Ruppberg,,866,50.6837958,10.6389353,Q2176639,de:Ruppberg,thueringen-260721
2120545965,Röter Kopf,,866,48.56562,8.37583,Q31346474,,baden-wuerttemberg
2321744286,Salzberg,,866,50.6199675,10.7643879,Q72548345,,thueringen-260721
6769694030,Teuscheneck,,866,48.4016622,8.2860111,Q31299417,,baden-wuerttemberg
1262288873,,,866,47.6676503,11.5571909,,,bayern-260721
9919626070,,,866,47.5770398,9.8497861,Q130516497,,bayern-260721
333638273,Auf dem Acker,,865,51.7488,10.4453,Q759347,de:Auf dem Acker,niedersachsen-260721
1128255332,Beilstein,,865,50.4034277,9.8898249,Q814753,,bayern-260721
2996244038,Bienstand,,865,48.8940025,13.3934814,Q857693,,bayern-260721
12995667143,Bühl,,865,48.3439726,9.100093,,,baden-wuerttemberg
3230301385,Bürgl,,865,47.6795513,12.5561204,,,bayern-260721
5438282044,Knockhügel,,865,49.3537945,12.7772531,,,bayern-260721
2961223801,Seiffartsburg,,865,50.6599271,10.7837432,,,thueringen-260721
12349016996,Vorderer Bocksberg,,865,48.9386687,13.3680439,,,bayern-260721
4839979031,Čupřina,,865,49.9519655,12.4861336,Q19595054,,bayern-260721
1478056632,,,865,47.9223756,7.8422385,,,baden-wuerttemberg
13410166819,,,865,48.5212511,9.5807093,Q137791543,,baden-wuerttemberg
378294411,Brombeerkopf,,864,48.0256149,7.9752477,Q31551109,,baden-wuerttemberg
12154310817,Raucheneck,,864,48.1443315,8.0801479,,,baden-wuerttemberg
2345348665,Ruine Weißenstein,,864,49.9137711,12.0831919,,,bayern-260721
981219964,Scheibenberg,,864,50.3949461,12.4883461,Q31523390,,sachsen-260721
1374588872,Schnurhaspel,,864,48.3896743,8.2042714,Q31325370,,baden-wuerttemberg
11388633049,Wachtbühl,,864,48.1088338,9.0144017,,,baden-wuerttemberg
6397237635,Waldhäuser,,864,48.2475727,8.2871014,,,baden-wuerttemberg
7399738270,Ammelenköpfle,,863,47.7612436,7.7100938,,,baden-wuerttemberg
1279803001,Fuchseneck,,863,47.59533,11.4589313,,,bayern-260721
444906141,Hohberg,,863,49.9910274,11.7469557,Q29015144,,bayern-260721
797515927,Kochelberg,,863,47.4800387,11.1065441,Q31336214,,bayern-260721
1834489559,Hohe Dalle,,862,50.44464,10.0197262,,,bayern-260721
10265679969,Huchnegg,,862,47.8820469,8.5403143,,,baden-wuerttemberg
428608605,Ruhmannsberg,,862,48.6474966,13.6858196,Q11825954,de:Ruhmannsberg,bayern-260721
4849561178,Traillingriegel,,862,49.1783095,13.0338255,,,bayern-260721
2905674375,Witthoh,,862,47.9358425,8.8267371,Q137570727,,baden-wuerttemberg
13104211334,,,862,47.6630174,10.0807392,,,baden-wuerttemberg
1602111444,,,862,50.7382774,10.6034333,,,thueringen-260721
2794670273,Bühl,,861,47.8832954,8.3159307,,,baden-wuerttemberg
7123890502,Dürre Fichte,,861,50.4633493,11.0462746,Q1272148,,thueringen-260721
1234589571,Edelmannskopf,,861,48.4622627,8.1155033,Q31804537,,baden-wuerttemberg
4104433111,Guckenbichel,,861,47.7776306,10.7239284,,,bayern-260721
3102004709,Gänsewag,,861,48.430237,9.5345796,Q31546105,,baden-wuerttemberg
277999664,Kickelhahn,,861,50.665834,10.8810649,Q1740822,de:Kickelhahn,thueringen-260721
7717901518,Kramberg,,861,49.3789922,12.7524232,,,bayern-260721
5336378269,Langeck,,861,48.0207673,8.0099109,Q31560746,,baden-wuerttemberg
7541694395,Schindelkopf,,861,47.8524721,7.8183924,Q31522981,,baden-wuerttemberg
1279756210,Schmickerstein,,861,47.6413769,11.6109811,,,bayern-260721
1271398992,,,861,47.7275104,11.5939175,,,bayern-260721
5438270107,Brombeerriegel,,860,49.342584,12.7948478,,,bayern-260721
302541634,Hoher Stein,,860,50.6967862,10.6446584,,,thueringen-260721
10265679970,Hornberg,,860,47.8799595,8.5255298,,,baden-wuerttemberg
427554232,Ochsenberg,,860,47.8836586,8.3269014,,,baden-wuerttemberg
7762428183,,,860,49.9004535,12.0385265,,,bayern-260721
12574607799,,,860,47.6090709,10.6026971,,,bayern-260721
3416579955,,,860,51.7395465,10.4257556,,,niedersachsen-260721
5283796714,,,860,51.7717189,10.4736169,,,niedersachsen-260721
6441526742,First,,859,48.1291624,8.2676812,,,baden-wuerttemberg
11013062577,Gissübelkopf,,859,48.6389,8.37451,,,baden-wuerttemberg
3230301390,Heuchenberg,,859,47.6588835,12.4643774,,,bayern-260721
4104433156,Hohenstock,,859,47.6693068,10.8347147,,,bayern-260721
10265681381,Schondelhöhe,,859,48.2374984,8.2435977,Q31522025,,baden-wuerttemberg
5326159724,Schüsslers Höhe,,859,50.5959834,10.7697937,Q104391772,,thueringen-260721
3215534525,,,859,48.3516472,9.15888,,,baden-wuerttemberg
12192139007,,,859,50.4475251,10.0170761,,,bayern-260721
416427242,Dreikögelriegel,,858,48.9694705,13.2555143,,,bayern-260721
1239104459,Ellenberg,,858,47.8898352,8.2820835,,,baden-wuerttemberg
635281331,Haareck,,858,47.6846376,10.8871256,,,bayern-260721
290192356,Hoher Saubadfelsen,,858,49.8924277,12.036937,,,bayern-260721
11584451238,Ifener Bühl,,858,47.54328,10.03641,Q130496482,,bayern-260721
10270444115,Kapf,,858,48.0012376,8.7926282,,,baden-wuerttemberg
4104421912,Kühberg,,858,47.634548,10.7828797,Q31532954,,bayern-260721
7018011436,Lauseck,,858,47.6356285,11.2539362,,,bayern-260721
13458725486,Riedernberg,,858,48.3864381,9.1246198,,,baden-wuerttemberg
2462901255,Saubadfelsen,,858,49.8919446,12.0368475,Q31567315,,bayern-260721
10969915865,Stiegköpfle,,858,48.519,8.23074,,,baden-wuerttemberg
1431131476,,,858,47.60194,11.42471,,,bayern-260721
7722260050,,,858,49.5183516,12.622886,,,bayern-260721
1252891684,Bergkopf,,857,50.14509,11.8779285,Q819929,,bayern-260721
2129720527,Buchberg,,857,47.7530437,11.5070295,Q20183860,,bayern-260721
2357828794,Hoher Stein,,857,50.1507181,11.8919196,Q1312019,,bayern-260721
3100704356,Köhlberg,,857,48.3352189,9.0564322,Q31533778,,baden-wuerttemberg
2705571048,Pferdekopf,,857,51.7828194,10.6708333,Q16738135,,sachsen-anhalt-260721
3431154705,Schachen,,857,50.4103585,9.9254672,Q31563679,,bayern-260721
11388633050,Staudenbühl,,857,48.0948788,9.0025006,,,baden-wuerttemberg
3100698899,Weilerwaldkopf,,857,48.3403443,9.0497285,,,baden-wuerttemberg
3416579977,,,857,51.7530526,10.4536968,,,niedersachsen-260721
11941768947,Kanzel,,856,48.513662,9.5760194,,,baden-wuerttemberg
3017837425,Kogel,,856,47.6092635,12.8891953,,,bayern-260721
1602112010,Oberlaudenberg,,856,50.7343926,10.5905919,,,thueringen-260721
988162262,,,856,47.5951898,10.6307693,,,bayern-260721
442708066,Achselköpfl,,855,47.584508,11.5857435,,,bayern-260721
4104404189,Auerberg,,855,47.580768,11.1538554,Q31553249,,bayern-260721
1272526925,Hohenzollern,,855,48.3236087,8.9671537,Q1374777,de:Hohenzollern (Berg),baden-wuerttemberg
10276808085,Höllkopf,,855,48.5418063,8.3661594,Q30683880,,baden-wuerttemberg
4104545536,Illasberg,,855,47.6480176,10.7535412,Q31537372,,bayern-260721
8620915790,Kühberg,,855,48.623218,13.7082724,Q31532938,,bayern-260721
4104421915,Pult,,855,47.6367892,10.8040155,,,bayern-260721
3699792285,Uhlištê,,855,50.7152973,13.7644649,,,sachsen-260721
7399738268,,,855,47.756241,7.7076744,,,baden-wuerttemberg
1719392901,,,855,48.8278727,13.2467101,,,bayern-260721
13606586830,,,855,47.556147,10.64816,,,bayern-260721
10265679971,Billibuck,,854,47.8678055,8.5199978,,,baden-wuerttemberg
302425389,Dreifürstenstein,,854,48.3729338,9.0441493,Q1257811,,baden-wuerttemberg
7423536807,Fritzschberg,,854,50.4547112,12.8089318,,,sachsen-260721
2429538073,Grandfelsen,,854,49.9066284,12.0273347,,,bayern-260721
290516553,Hoher Berg (Himberg),,854,48.3154853,9.0440441,,,baden-wuerttemberg
12405796209,Höhlenstein,,854,48.8982495,13.4914309,,,bayern-260721
4104433114,,,854,47.7665136,10.7423719,,,bayern-260721
7120222267,Eisenberg,,853,50.4878619,11.1138891,Q30779319,,thueringen-260721
69655220,Großer Sonnenberg,,853,51.7554812,10.5134419,Q2301837,de:Sonnenberg (Harz),niedersachsen-260721
102433304,Kleiner Sonnenberg,,853,51.7497808,10.526878,Q16738144,de:Sonnenberg (Harz),niedersachsen-260721
3426940448,Königskopf,,853,51.7539823,10.5593452,Q31533567,,niedersachsen-260721
3721908793,Siebenrücken,,853,48.9386461,13.4008495,Q31318480,,bayern-260721
13339965483,,,853,47.9610845,8.8223862,,,baden-wuerttemberg
4104433115,,,853,47.7631074,10.7412385,,,bayern-260721
8427270950,,,853,50.0691089,11.8358803,,,bayern-260721
5325760136,Alter Berg,,852,50.7205297,10.6841514,Q30596628,,thueringen-260721
380925755,Bromberg,,852,47.6538337,11.293084,,,bayern-260721
1594931141,Giebel,,852,47.8085949,8.3530831,,,baden-wuerttemberg
339239921,Großer Barmstein,,852,47.6911776,13.0751542,,,bayern-260721
2588060104,Hirschsprung,,852,50.4647124,12.7934746,Q31540234,,sachsen-260721
797461020,Katzenstein,,852,47.477763,11.0770331,,,bayern-260721
455932904,Lehenskopf,,852,48.7396539,8.4925596,,,baden-wuerttemberg
5200987867,Rudná,,852,50.4347569,12.7519342,,,sachsen-260721
1296626713,Feuerturm,,851,50.4819547,12.9996353,Q29564164,,sachsen-260721
3215534526,Käpfle,,851,48.3443917,9.1382782,,,baden-wuerttemberg
446195809,Reesberg,,851,50.41989,9.9216809,Q15125941,,hessen-260721
6769694026,Roßhardt,,851,48.4257711,8.3450715,,,baden-wuerttemberg
2777873648,Roßkopf,,851,50.7395318,10.6165733,Q31352457,,thueringen-260721
13706324839,Schmelzerriegel,,851,49.0072492,13.3325529,,,bayern-260721
6769694035,Staufenkopf,,851,48.3382793,8.2767044,Q31311310,,baden-wuerttemberg
12460542664,,,851,47.7846266,10.2030721,,,bayern-260721
13612841783,,,851,47.7830319,10.2041388,Q138533176,,bayern-260721
5537939878,,,851,50.4300645,12.4906847,,,sachsen-260721
303354650,Adlersberg,,850,50.5912322,10.7665851,Q358451,de:Adlersberg (Thüringer Wald),thueringen-260721
2120545963,Gefällterkopf,,850,48.55335,8.33025,Q30704083,,baden-wuerttemberg
13339941060,Pfaffenbühl,,850,48.0525058,9.0294439,Q137146954,,baden-wuerttemberg
12352407831,Rehhübel,,850,48.9335238,13.3958423,,,bayern-260721
3431154704,Rommerser Berg,,850,50.4143364,9.9072371,Q31563647,,hessen-260721
291641424,Vorderer Galgenbichel,,850,47.5776283,10.6972314,Q31546208,,bayern-260721
13692064644,Zeller Höhe,,850,49.0764382,12.7923024,,,bayern-260721
11021576866,Černopotocký vrch,,850,50.4952072,13.0935177,,,sachsen-260721
13339941061,,,850,48.0566583,9.0151326,,,baden-wuerttemberg
679042465,Augstberg,,849,48.2974122,9.2766841,Q573704,de:Augstberg,baden-wuerttemberg
4229971238,Heroldstatt,,849,48.4417427,9.6174478,,,baden-wuerttemberg
849375258,Kaltenbrunner Stein,,849,50.6863478,10.6692005,,,thueringen-260721
13606587017,Kleiner Zwischenberg,,849,47.556135,10.650728,Q138501862,,bayern-260721
4104421914,Kreuzbichel,,849,47.6329032,10.7936354,,,bayern-260721
2961223601,Mittelrain,,849,50.6454455,10.7856539,,,thueringen-260721
3431161486,Münzkopf,,849,50.4431773,9.9973733,Q31301276,,bayern-260721
9953219128,Roderbühl,,849,47.5833238,9.8654772,Q130524920,,bayern-260721
7120222266,Rollkopf,,849,50.4930629,11.1005896,Q31353993,,thueringen-260721
521379496,Erdbeerkopf,,848,51.7738889,10.6786111,Q1348980,de:Erdbeerkopf,sachsen-anhalt-260721
331030373,Haberstein,,848,50.0009714,11.9849666,Q1548689,de:Haberstein (Kösseine),bayern-260721
476450176,Hohe Haide,,848,50.0700911,11.8044465,,,bayern-260721
4258774465,Hundsmarter,,848,50.5111441,12.8730669,Q1637657,de:Hundsmarter,sachsen-260721
7399738262,Hundsrücken,,848,47.7535207,7.7038797,,,baden-wuerttemberg
694529409,Klammerfels,,848,49.3452058,12.7357536,,,bayern-260721
5462689385,Roßberg,,848,48.4010514,8.3355325,,,baden-wuerttemberg
988186753,Scherenberg,,848,47.6262647,10.7203832,Q31523187,,bayern-260721
12188971111,Dachsriegel,,847,49.0563413,13.2073045,,,bayern-260721
1855826972,Jordans Kapf,,847,47.653336,10.0901662,,,baden-wuerttemberg
13211012058,Schlichtenberg,,847,48.8407259,13.6266816,,,bayern-260721
3949944419,Silberberg,,847,50.4197709,12.7038309,,,sachsen-260721
681767561,Bornhügel,,846,50.5009268,11.1366789,Q30671041,,thueringen-260721
12346107626,Großer Geißberg,,846,48.9315009,13.3370483,,,bayern-260721
294938238,Hemmschuh,,846,50.7230837,13.6940578,Q30757032,,sachsen-260721
12306643581,Kobel,,846,47.56626,10.69026,Q130754389,,bayern-260721
391489615,Ottilienstein,,846,50.4694396,9.9914739,Q31294642,,hessen-260721
11534910182,,,846,47.6582048,10.0756859,,,baden-wuerttemberg
13410166816,,,846,48.5230536,9.5831931,,,baden-wuerttemberg
11293679518,,,846,47.6617276,10.0114042,Q132530193,,bayern-260721
7721732990,Knockfelsen,,845,49.9121171,12.0362173,,,bayern-260721
12346107620,Ochsenberg,,845,48.9191365,13.3302462,,,bayern-260721
3431101988,Rabenstein,,845,50.3997638,9.8866787,,,bayern-260721
290192413,Reiseneggerfelsen,,845,49.900162,12.0273358,,,bayern-260721
13952906626,Waldhüttenruck,,845,48.9600882,13.2786298,,,bayern-260721
3103292704,Westenberg,,845,48.5281874,9.6125055,Q31515160,,baden-wuerttemberg
1256843886,,,845,47.6973566,11.5277503,,,bayern-260721
13675806122,Abendberg,,844,48.9984513,12.9406929,,,bayern-260721
732260874,Breitenberg,,844,50.4415716,11.0916686,Q5408424,,thueringen-260721
2613182553,Dörrkopf,,844,50.6809917,10.7538083,,,thueringen-260721
5537939828,Fällberg,,844,50.4822542,12.695054,Q31547417,,sachsen-260721
5325947183,Geraweg,,844,50.6601841,10.7911638,,,thueringen-260721
3215534527,Hasenberg,,844,48.3331008,9.1492073,,,baden-wuerttemberg
2797465611,Langenberg,,844,51.2762945,8.5583958,Q314228,de:Langenberg (Rothaargebirge),hessen-260721
393240856,Sternberg,,844,48.3933669,9.3796616,Q1283257,,baden-wuerttemberg
2519269350,Teufelsberg,,844,50.4212756,9.9486854,Q21000050,,bayern-260721
3230301407,Torkopf,,844,47.7692941,12.4296624,Q31517205,,bayern-260721
2959032162,Arnsberg,,843,50.3945044,9.9614473,Q697321,,bayern-260721
11364795562,Erlenberg,,843,47.7284639,8.2496841,,,baden-wuerttemberg
316034402,Hegekopf,,843,51.2692366,8.5889691,Q1454503,,hessen-260721
60670837,Höchsten,,843,47.8227859,9.4011186,Q741838,de:Höchsten,baden-wuerttemberg
10274311566,Mittelberg,,843,48.1840094,8.3538061,Q31561736,,baden-wuerttemberg
4424104283,Prangenkopf,,843,47.9432254,7.8913793,,,baden-wuerttemberg
10276808083,Schöllkopf,,843,48.4349992,8.3891984,Q31325242,de:Schöllkopf (Freudenstadt),baden-wuerttemberg
446195198,Simmelsberg,,843,50.4292289,9.9386493,Q1531109,,hessen-260721
4879816087,Wurzelberg,,843,50.5174569,11.0382425,Q8553186,,thueringen-260721
11609613212,,,843,47.6677753,10.016554,,,baden-wuerttemberg
1764224955,,,843,47.734915,10.767063,,,bayern-260721
10270444113,Brennten,,842,47.9930997,8.8908008,,,baden-wuerttemberg
626869144,Eselsberg,,842,50.5104599,10.9702035,Q1367469,,thueringen-260721
1198671344,Fellberg,,842,50.4355149,11.1271423,Q1404021,de:Fellberg,thueringen-260721
3424484751,Finkenberg,,842,48.4640873,8.3780293,Q30753208,,baden-wuerttemberg
6391836170,Fisnachtkapf,,842,48.1923331,8.1239085,Q31561846,,baden-wuerttemberg
1200501391,Kaltenbrunner Eck,,842,47.7478702,11.7178535,,,bayern-260721
12405793176,Katzberg,,842,48.8781017,13.4866297,,,bayern-260721
6396756803,Mooskapf,,842,48.2607926,8.3085011,,,baden-wuerttemberg
736758343,Petersberg,,842,47.7118549,12.1251184,Q2079549,de:Kleiner Madron,bayern-260721
10265851695,Stoberg,,842,47.8524993,8.5599994,,,baden-wuerttemberg
1076401456,Čihadlo,Lauschhübel,842,50.5876409,13.2720357,Q341492,de:Čihadlo (Erzgebirge),sachsen-260721
13410166783,,,842,48.5346187,9.6315432,Q137791425,,baden-wuerttemberg
11021576857,,,842,50.7207959,13.7242043,,,sachsen-260721
10169325650,,,842,50.8109986,10.5048892,,,thueringen-260721
11014729574,Dammerskopf,,841,48.55391,8.37025,Q30804571,,baden-wuerttemberg
11186339620,Grimmelberg,,841,48.4358742,9.5704366,Q30665488,,baden-wuerttemberg
13120308084,Maierberg,,841,48.6521083,13.7689191,,,bayern-260721
13410166809,Rosswang,,841,48.5281655,9.594786,,,baden-wuerttemberg
11352083888,Staufenberg,,841,47.6340167,10.0218355,Q130425747,,bayern-260721
705251885,Zeilkopf,,841,47.6112658,11.2081834,,,bayern-260721
4104421913,Auf der Halde,,840,47.6301811,10.7704128,,,bayern-260721
1916876982,Bühl,,840,47.7572208,8.3225659,,,baden-wuerttemberg
4104433142,Guggenberg,,840,47.753911,10.7155391,,,bayern-260721
4104545534,Hainzenbichel,,840,47.6474155,10.8496993,,,bayern-260721
3113167757,Hohnekopf,,840,51.7770086,10.6986284,Q30690270,,sachsen-anhalt-260721
11638054007,Imberg,,840,47.4622044,10.2470094,Q124609428,,bayern-260721
6396756802,Kahlenberg,,840,48.2581342,8.3235517,,,baden-wuerttemberg
260982269,Kleiner Barmstein,,840,47.6888917,13.0777636,,,bayern-260721
614699483,Rohrberg,,840,47.9010509,8.3034162,,,baden-wuerttemberg
11013096044,Seekopf,,840,48.62189,8.434301,Q31319914,,baden-wuerttemberg
2301061157,Sternberg,,840,50.6856727,10.6945372,,,thueringen-260721
4104433108,,,840,47.7864161,10.7399818,,,bayern-260721
4102158244,Auf der Lache,,839,47.4896157,11.1238314,,,bayern-260721
5325978829,Großer Erleshügel,,839,50.6128907,10.7451142,Q30662752,,thueringen-260721
13340934621,Horn,,839,48.057111,8.7078484,Q137162351,,baden-wuerttemberg
6412097864,Pechleite,,839,50.4779728,10.9888477,,,thueringen-260721
2958543091,Totnansberg,,839,50.3212353,9.930053,Q15851275,,bayern-260721
975877130,Vogelhartskopf,,839,48.7446699,8.400071,Q31294547,,baden-wuerttemberg
431931405,Dreifeldskuppe,,838,50.4024644,9.8356409,,,bayern-260721
316035203,Ettelsberg,,838,51.2775018,8.5969349,Q1371746,,hessen-260721
6013472499,Feldberg,,838,48.4106679,9.2204676,Q30608335,,baden-wuerttemberg
10276785157,Gausberg,,838,48.4028,8.2691995,Q30610227,,baden-wuerttemberg
281416853,Großer Dreiherrnstein,,838,50.6057288,10.8983811,Q1548661,de:Großer Dreiherrnstein,thueringen-260721
7120222265,Habichtsberg,,838,50.4977704,11.0898561,Q30653730,,thueringen-260721
12184114206,Hüttriegel,,838,49.1797818,12.9836726,,,bayern-260721
444980727,Kreuzstein,,838,49.9766551,11.8055388,Q30604182,,bayern-260721
4375507883,Pflasterstoßklippe,,838,51.8185499,10.6104101,,,sachsen-anhalt-260721
3431101989,Zornberg,,838,50.4054282,9.9132896,,,bayern-260721
3520077232,Gütschkopf,,837,48.3783497,8.2522615,Q30610489,,baden-wuerttemberg
521379490,Kleiner Winterberg,,837,51.7559722,10.63475,Q130533,de:Kleiner Winterberg (Harz),sachsen-anhalt-260721
4129986784,Kohlberg,,837,50.671015,13.5218827,Q31335748,,sachsen-260721
6391946195,Martinsecke,,837,48.2025039,8.20001,,,baden-wuerttemberg
1735401443,Muckenreuther Rangen,,837,49.9672078,11.7855463,Q137606833,,bayern-260721
395277761,Runder Hübel,,837,50.4257421,12.4450594,Q31524507,,sachsen-260721
1774505763,Schwarzkopf (Kybfelsenkopf),,837,47.9635386,7.8872015,Q31535420,,baden-wuerttemberg
7798460492,Allmendhöhe,,836,48.3336764,8.3036596,,,baden-wuerttemberg
4377122050,Drechselberg,,836,49.5067145,12.5746053,Q2677521,,bayern-260721
10876256340,Galgenbühl,,836,47.8893847,8.3303753,,,baden-wuerttemberg
2444002156,Lysá hora,Kahler Berg,836,50.718282,13.8316405,,,sachsen-260721
470514908,Mittlerer Höhenberg,,836,50.7818089,10.5244926,Q31564631,,thueringen-260721
13613017006,Ruckel,,836,49.1061294,12.9750037,,,bayern-260721
993040446,Fehrenberg,,835,50.5168845,10.9510318,Q30758078,,thueringen-260721
285756783,Kachelofen,,835,50.7213432,10.6351233,,,thueringen-260721
2369678102,Klausenberg,,835,49.9649842,11.8347201,,,bayern-260721
1404351251,Kühberg,,835,48.9215624,12.9990247,Q31532892,,bayern-260721
73437289,Milseburg,,835,50.5447224,9.8981008,Q525001,de:Milseburg,hessen-260721
7120253737,Pappenheimer Berg,,835,50.4839554,11.1805173,Q8553180,,thueringen-260721
12492883886,Röhrndlberg,,835,48.7721857,13.7110233,,,bayern-260721
3150640788,Steinkopf,,835,51.7607701,10.460779,Q133819774,,niedersachsen-260721
12361475822,Taferlruck,,835,48.937823,13.4216666,,,bayern-260721
8700740693,Ziegelberg,,835,47.5730199,10.6938623,Q30502449,,bayern-260721
4002524342,,,835,48.4053534,9.1735665,,,baden-wuerttemberg
11388633051,Barlendorferbühl,,834,48.0726335,9.0496915,,,baden-wuerttemberg
4571693376,Berg,,834,47.6844868,8.0885441,,,baden-wuerttemberg
2369713791,Holzgrabenberg,,834,49.9582187,11.8333255,,,bayern-260721
604982337,Kluge-Hübel,,834,50.6582843,13.513691,,,sachsen-260721
301461332,Maistollen,,834,47.8800289,7.8012449,Q31531180,,baden-wuerttemberg
10265851493,Rossberg,,834,47.9372432,8.6436281,,,baden-wuerttemberg
7120253735,Sandberg,,834,50.4791499,11.0889156,Q31338618,,thueringen-260721
2958540251,,,834,50.3114762,9.9197812,,,bayern-260721
13613003091,Ameisberg,,833,49.116706,12.9503488,,,bayern-260721
6456533205,Enschenstein,,833,47.5541736,9.9077797,Q130520948,,bayern-260721
8700727380,Galgenbichel,,833,47.5661968,10.7143688,,,bayern-260721
13116975602,Geißberg,,833,48.7935764,13.5986154,,,bayern-260721
1223715722,Hainzenhöhe,,833,47.7445866,11.7131921,,,bayern-260721
12309332707,Kühberg,,833,49.0317556,13.3354282,,,bayern-260721
3873788210,Oberberg,,833,49.0128939,13.1338318,,,bayern-260721
13706887755,Ochsenberg,,833,48.9665827,13.3222747,,,bayern-260721
5537939850,Ochsenkopf,,833,50.4810549,12.8145138,Q1670204,,sachsen-260721
443906716,Pöbelknochen,,833,50.7574916,13.7105786,Q31290726,,sachsen-260721
11627672257,Rieder Höhe,,833,47.5874264,9.875911,Q130516612,,bayern-260721
988186646,Schöney,,833,47.6268079,10.7264908,,,bayern-260721
1961317289,,,833,47.7030237,11.2957069,,,bayern-260721
2700640020,Dürrer Kopf,,832,50.6997314,10.6737012,,,thueringen-260721
606248209,Feuerberg (Rhön),,832,50.3434112,9.9422508,,,bayern-260721
323203845,Hopperkopf,,832,51.2472312,8.5991,Q1627772,de:Hopperkopf,hessen-260721
12349020503,Jägerriegel,,832,48.9247692,13.3625078,,,bayern-260721
1165209564,Mathesberg,,832,50.4877053,9.9779462,Q1908375,,hessen-260721
13116975604,Ochsenberg,,832,48.7986228,13.5818837,,,bayern-260721
12405793173,Plaßlberg,,832,48.8666345,13.5028571,,,bayern-260721
1665046890,Schafstein,,832,50.5024977,9.9742742,Q1293566,de:Schafstein,hessen-260721
2959024213,Schwarzenberg,,832,50.3319354,9.9515339,Q31521608,,bayern-260721
6769694034,Schwarzer Bühl,,832,48.3531386,8.3103798,Q30609967,,baden-wuerttemberg
2129720526,,,832,47.7528089,11.5147404,,,bayern-260721
13410166777,Berg,,831,48.5361964,9.638317,,,baden-wuerttemberg
459569909,Büchelstein,,831,48.8082788,13.1754956,Q1020315,de:Büchelstein,bayern-260721
3393809915,Guppenloch,,831,48.3592389,9.1878894,,,baden-wuerttemberg
4560365563,Hasenberg,,831,47.6724559,10.0795505,Q124323989,,baden-wuerttemberg
9679893846,Hinterer Galgenbichel,,831,47.5777218,10.685618,Q138876321,,bayern-260721
366084694,Kalte Heide,,831,50.8316596,10.4945573,Q30642981,,thueringen-260721
3215534528,Mannenberg,,831,48.3228072,9.1343553,,,baden-wuerttemberg
5480088488,Moosbichel,,831,47.6061124,10.7024002,,,bayern-260721
13065360699,Mühlriegel,,831,48.8916609,13.6039474,,,bayern-260721
899380945,Platte,,831,49.9428836,11.81101,Q30604202,,bayern-260721
246547945,Pöhlberg,,831,50.5736438,13.0316194,Q882557,de:Pöhlberg,sachsen-260721
4104433145,Schloßbichel,,831,47.7112165,11.0499527,,,bayern-260721
4564844444,,,831,49.0338099,13.2916707,,,bayern-260721
7717744370,,,831,49.226062,13.1445407,,,bayern-260721
4104433155,Bichel,,830,47.6711283,10.8283194,,,bayern-260721
5038934929,Brucker Hölzle,,830,48.5712277,9.5082409,Q30608206,,baden-wuerttemberg
3678888819,Burgstein,,830,48.9337549,12.9053977,Q30810343,,bayern-260721
473769249,Fahrenberg,,830,47.8477559,10.8131089,,,bayern-260721
12179237835,Kühberg,,830,49.1391721,13.025794,,,bayern-260721
389535881,Oberer Beerberg,,830,50.8457339,10.4476029,Q31297821,,thueringen-260721
6622122551,Saurüssel,,830,47.647048,13.010716,,,bayern-260721
10276785158,Spitzkopf,,830,48.3418372,8.2939202,Q31312613,,baden-wuerttemberg
2389014566,Steinberg,,830,48.6822222,13.5875,Q288474,de:Steinberg (Niederbayern),bayern-260721
7128940782,Buhler,,829,50.4179857,11.0873279,Q30812896,,thueringen-260721
702602790,Dachenstein,,829,48.3388089,9.297541,Q31550017,,baden-wuerttemberg
5537939841,Großer Hemmberg,,829,50.4904068,12.8947716,Q31544165,,sachsen-260721
3431214364,Huckel,,829,50.4970493,10.065978,,,bayern-260721
453425435,Kleiner Waldstein,Kleiner Waldstein 829 m,829,50.1518556,11.882048,,,bayern-260721
810599101,Rangenberg,,829,47.7148862,10.0725861,Q124323455,,baden-wuerttemberg
7128940783,Reckberg,,829,50.423981,11.0934043,Q31360107,,thueringen-260721
10265851694,Wallenberg,,829,47.8673796,8.5520395,,,baden-wuerttemberg
540194743,Wegscheidekopf,,829,47.7183215,7.8939223,,,baden-wuerttemberg
12104386160,Windhoch,,829,48.8176662,13.2946157,,,bayern-260721
10540144144,Zillberg,,829,48.755216,13.7027891,,,bayern-260721
3452141151,,,829,48.3584681,9.1724929,,,baden-wuerttemberg
4104433153,Bichel,,828,47.6635345,10.8196821,,,bayern-260721
294927698,Biwak-Kuppe,,828,50.7486832,13.7632671,,,sachsen-260721
13515689517,Frather Riegel,,828,49.0769091,13.0332827,,,bayern-260721
280086813,Großer Helmsberg,,828,50.6221766,10.8877668,Q31544183,,thueringen-260721
274105508,Gruberkopf,,828,48.4845902,8.3607682,Q30656710,,baden-wuerttemberg
12346107623,Kleiner Geißberg,,828,48.9155055,13.3374238,,,bayern-260721
13116955200,Schlößberg,,828,48.7857836,13.6009898,,,bayern-260721
13211012055,Steinkopf,,828,48.8323576,13.6178635,,,bayern-260721
13410166725,,,828,48.5466728,9.6625187,Q137757760,,baden-wuerttemberg
3233329674,,,828,47.6962517,11.9594424,,,bayern-260721
12328844752,,,828,47.6570992,10.2647603,,,bayern-260721
12422652068,,,828,47.6557163,10.031879,Q131443936,,bayern-260721
13401375321,Duttenbühl,,827,47.89782,8.730634,Q137574013,,baden-wuerttemberg
10431738104,Galgenberg,,827,48.5062115,9.3450616,Q31546292,,baden-wuerttemberg
4104433150,Hartenberg,,827,47.6635829,10.736556,Q30623467,,bayern-260721
304061350,Högl,,827,47.8081355,12.8999496,Q1643517,,bayern-260721
5326145750,Schloßbergkopf,,827,50.7123789,10.7288599,Q31522570,,thueringen-260721
988176284,Schöne Buche,,827,47.5964091,10.6877566,,,bayern-260721
3258612963,Stierberg,,827,48.9866662,13.2593005,,,bayern-260721
4104545537,Straßberg,,827,47.6569288,10.7361503,Q31303842,,bayern-260721
4102642088,Vogelberg,,827,47.59915,10.7565583,Q31516509,,bayern-260721
1983420771,Wochenberg,,827,48.1841762,8.7540726,,,baden-wuerttemberg
294938226,Wüste Höhe,,827,50.7420059,13.7140066,,,sachsen-260721
3585940694,,,827,48.4035614,9.2584095,,,baden-wuerttemberg
11478543747,,,827,47.6785239,10.0981399,,,baden-wuerttemberg
684090202,Auchtert,,826,48.4344989,9.3151908,Q30608593,,baden-wuerttemberg
5086538077,Dachsriegel,,826,49.3183765,12.7889728,Q31549949,,bayern-260721
2958538970,Erlenberg,,826,50.3045268,9.9218133,Q31547935,,bayern-260721
5126065215,Großer Hummelberg,,826,48.6580247,8.4764589,,,baden-wuerttemberg
245011157,Großer Kornberg,,826,50.182636,12.020337,Q1548758,de:Kornberg (Berg),bayern-260721
1774951385,Grüdelberg,,826,48.8899763,13.4357554,,,bayern-260721
7888001521,Hoheneck,,826,47.6256944,8.0234996,Q30604159,,baden-wuerttemberg
13369755397,Kleiner Roßberg,,826,48.4176928,9.1375692,Q30608433,,baden-wuerttemberg
10276808084,Köpflesmüsse,,826,48.5043995,8.3949933,,,baden-wuerttemberg
445077392,Pfarrbühel,,826,47.8481966,10.8421694,,,bayern-260721
6913641470,Raupennest,,826,50.7588798,13.7563182,,,sachsen-260721
1709738473,Ruchberg,,826,48.3790356,9.1371859,Q31345125,,baden-wuerttemberg
687067677,Schellenberg,,826,49.7324105,12.3987446,,,bayern-260721
5325879872,Buchskopf,,825,50.693674,10.7366687,,,thueringen-260721
1163055150,Gabler Eck,,825,47.8318583,7.7568179,Q31560317,,baden-wuerttemberg
684312147,Hansberg,,825,48.4308732,9.3153028,Q30632368,,baden-wuerttemberg
10265167674,Hartskäpfle,,825,48.2458,8.3447,,,baden-wuerttemberg
705251677,Heuberg,,825,47.6142399,11.2109797,,,bayern-260721
10916727486,Höhe,,825,48.1244809,8.4000035,,,baden-wuerttemberg
332751871,Kleiner Dreiherrnstein,,825,50.6110064,10.8887622,,,thueringen-260721
39971979,Kleiner Feldberg,,825,50.221859,8.4467017,Q1746613,de:Kleiner Feldberg,hessen-260721
4104433152,Leberbichel,,825,47.66646,10.8094012,,,bayern-260721
366084671,Linsenkopf,,825,50.8272236,10.4912723,,,thueringen-260721
1612259307,Mühlberg,,825,50.4828029,12.5765255,Q31530095,,sachsen-260721
988162226,Pertlesbichel,,825,47.613807,10.655436,Q31293369,,bayern-260721
1374578486,Täschenkopf,,825,48.3991725,8.1220724,Q31517847,,baden-wuerttemberg
1363782731,Wackerstein,,825,48.4321468,9.2184879,Q57995230,,baden-wuerttemberg
603131472,Weinstein,,825,48.3864217,9.1752072,Q31288878,,baden-wuerttemberg
2136551775,,,825,47.7327639,11.524376,,,bayern-260721
3524356426,,,825,47.7272,12.1726592,,,bayern-260721
13725789211,Bametsberg,,824,48.8716733,13.2069611,,,bayern-260721
294926103,Geisingberg,,824,50.7717148,13.7728044,Q880766,en:Geisingberg,sachsen-260721
885182782,Gletscherblick,,824,47.6482196,12.1489342,,,bayern-260721
262186629,Großer Hundskopf,,824,50.608672,10.8721082,Q1320624,,thueringen-260721
1404363111,Hermannschopf,,824,48.9197435,13.0630651,,,bayern-260721
5086538076,Hoher Stein,,824,49.3448411,12.7280438,,,bayern-260721
6769694027,Kreuzkopf,,824,48.4356044,8.3298074,,,baden-wuerttemberg
7123890501,Rattelsberg,,824,50.4722686,11.0403921,Q31361000,,thueringen-260721
10435356809,Rosshäuptle,,824,48.3273081,9.3765986,Q31352551,,baden-wuerttemberg
399981503,Ahornberg,,823,50.6317441,13.4686076,Q30598676,,sachsen-260721
455932896,Gütersbergkopf,,823,48.7259575,8.5128345,,,baden-wuerttemberg
10969932274,Hornkopf,,823,48.48947,8.22182,,,baden-wuerttemberg
13960949660,Kohlauriegel,,823,48.951141,13.2660878,,,bayern-260721
5537939830,Kompaßberg,,823,50.5009055,12.6887443,Q31533631,,sachsen-260721
11627672256,Nadenberg,,823,47.6136077,9.8966647,Q136804027,,bayern-260721
5537939831,Ochsenkopf,,823,50.500815,12.7021799,Q31528933,,sachsen-260721
13120308090,Thurnreuther Berg,,823,48.6068495,13.7252079,,,bayern-260721
13401375399,,,823,47.9069581,8.7248782,Q137573858,,baden-wuerttemberg
7717901514,,,823,49.338616,12.7577448,,,bayern-260721
7717901515,,,823,49.3448514,12.744559,,,bayern-260721
13108837957,,,823,47.599732,9.843471,Q138675705,,bayern-260721
2757842061,Asch,,822,48.5575829,9.5067654,Q30725427,,baden-wuerttemberg
4574787950,Hinterer Märzenberg,,822,50.4736189,12.6980374,Q31540701,,sachsen-260721
2455697062,Kastenstein,,822,49.0493887,12.8309023,,,bayern-260721
12178011568,Pläßbetteck,,822,49.1063401,13.0646324,,,bayern-260721
7123890500,Rüttelsberg,,822,50.4665029,11.0207805,Q31339913,,thueringen-260721
12196501972,Turmberg,,822,49.046898,13.1037068,,,bayern-260721
2641023721,Vogelherd,,822,47.7966835,11.8635983,Q31559355,,bayern-260721
2758387284,Hohe Warte,,821,48.4924203,9.3309616,Q1623563,de:Hohe Warte (Schwäbische Alb),baden-wuerttemberg
361281002,Lerchenköpfe,,821,51.8019167,10.5328333,Q1820245,de:Lerchenköpfe,niedersachsen-260721
13116975601,Madlkopf,,821,48.792301,13.6116367,,,bayern-260721
12405793167,Mitterberg,,821,48.8930087,13.4941506,,,bayern-260721
3431101987,Ottersteine,,821,50.4102207,9.8621094,Q31566839,,hessen-260721
7717901517,Plattenberg,,821,49.3680174,12.7573693,,,bayern-260721
7096655340,Reischelberg,,821,50.5901804,10.9552676,,,thueringen-260721
7120253736,Steiniger Hügel,,821,50.4853255,11.1487207,Q31306502,,thueringen-260721
446194806,Eube,,820,50.478764,9.9189463,Q19962333,,hessen-260721
1217667419,Farrenberg,,820,48.3875071,9.0697681,Q1109437,,baden-wuerttemberg
12346107622,Geißbergriegel,,820,48.9182129,13.3406424,,,bayern-260721
7120222268,Großer Zigeunerberg,,820,50.4891665,11.130118,,,thueringen-260721
5486961849,Himmelberg,,820,48.3703668,9.1486824,Q30740331,,baden-wuerttemberg
4704220815,Hoher Stein,,820,48.8924503,13.4293207,,,bayern-260721
353074891,Judenstein,,820,48.3607902,9.2906033,,,baden-wuerttemberg
477445303,Kalvarienberg,,820,47.7985814,10.916207,,,bayern-260721
11361905555,Kellerhöhe,,820,47.8656632,8.6051842,,,baden-wuerttemberg
4355865394,Kienberg (Friedrichshöhe),,820,48.4472323,8.4056265,,,baden-wuerttemberg
2468531711,Kleines Hochgrainet,,820,48.9784846,13.2198435,,,bayern-260721
2656080432,Lämmerbuckel,,820,48.5473114,9.6307172,Q31322990,,baden-wuerttemberg
3541029727,Plößberg,,820,49.9232165,12.1001474,Q18629911,,bayern-260721
3233350795,Sattelberg,,820,47.7513709,12.1697622,,,bayern-260721
6492207915,Schellenberg,,820,47.9477015,8.4583988,Q31332554,,baden-wuerttemberg
387790427,Straußberg,,820,47.7650248,10.9441418,,,bayern-260721
3452126847,,,820,48.3587461,9.1803679,,,baden-wuerttemberg
2626416884,,,820,47.647018,11.7444616,,,bayern-260721
3233329665,,,820,47.6266026,12.1391113,,,bayern-260721
4104433107,,,820,47.7847151,10.7290886,,,bayern-260721
7120222270,Hoher Schuss,,819,50.4960559,11.220465,Q1623929,,thueringen-260721
4640456020,Kanzelstein,,819,50.4544181,12.7128715,Q31536288,,sachsen-260721
1629386277,Kleiner Flaunser,,819,48.0144397,7.9572961,,,baden-wuerttemberg
7120253734,Petersberg,,819,50.4734681,11.0796632,Q31293210,,thueringen-260721
1314215385,Pollmerfelsen,,819,50.4998534,12.9648247,,,sachsen-260721
1448374800,Počátecký vrch,Ursprungberg,819,50.3245523,12.4399914,Q1781182,,sachsen-260721
6397237613,Rampeck,,819,48.2226641,8.275672,,,baden-wuerttemberg
5086733578,Schlagsteinfelsen,,819,49.4457023,12.5451465,,,bayern-260721
9293796971,Steinriegel,,819,48.8755134,13.0941607,,,bayern-260721
3233329663,,,819,47.6220647,12.1324731,,,bayern-260721
6822120622,,,819,50.0011124,11.7576844,,,bayern-260721
9922294847,,,819,47.6144178,9.8999818,Q130447024,,bayern-260721
1407404123,Bornstein,,818,48.9526445,13.0456657,,,bayern-260721
459457513,Eulenberg,,818,49.5421494,12.5906608,Q15992106,,bayern-260721
281414554,Fürstenberg,,818,50.618285,10.9185047,Q31546344,,thueringen-260721
11072510599,Jestřábí vrch,,818,50.6962615,13.5474671,,,sachsen-260721
1758888020,Kalkberg,,818,50.4883749,12.9352073,Q31536527,,sachsen-260721
13116955195,Kramerberg,,818,48.6920533,13.7443315,,,bayern-260721
4104433154,Lobelbichel,,818,47.6712872,10.8184703,,,bayern-260721
5537939855,Morgenberg,,818,50.4788125,12.9505751,,,sachsen-260721
414025327,Sillerberg,,818,47.5916875,11.1518695,Q31520741,,bayern-260721
1839444558,Sternknöckel,,818,49.067519,13.0574965,Q31518630,,bayern-260721
10795248634,Tannbühl,,818,48.8860249,13.1077731,,,bayern-260721
5537938588,Teichhübel,,818,50.6500149,13.5079908,Q31300047,,sachsen-260721
10270444112,Wirtenbühl,,818,48.0026784,8.8979192,,,baden-wuerttemberg
13648475184,Wurzer Spitz,,818,49.1306643,12.9181838,,,bayern-260721
2715807678,,,818,47.5846379,10.6816866,,,bayern-260721
310179457,Bullachberg,,817,47.5673971,10.7338168,Q139742438,,bayern-260721
597691281,Großer Burgberg,,817,50.5916806,10.9072998,,,thueringen-260721
6028061207,Gullerkopf,,817,48.060972,7.979873,,,baden-wuerttemberg
280088178,Kleiner Hader,,817,50.6138047,10.8817106,,,thueringen-260721
3585947493,Linsenbühl,,817,48.4109149,9.2520055,,,baden-wuerttemberg
13120308072,Rabl,,817,48.6284754,13.7428135,,,bayern-260721
420268431,Steinhübel,,817,50.6146436,13.2723693,Q917207,,sachsen-260721
7798421870,Weberhöhe,,817,48.3280684,8.3027127,,,baden-wuerttemberg
11293679517,,,817,47.6777305,10.0194186,,,baden-wuerttemberg
7096487819,Edelmannskopf,,816,50.5926143,10.9465201,Q30790164,,thueringen-260721
3184580918,Ehrenberg,,816,50.513795,9.9900404,Q31548670,,hessen-260721
182766541,Erbeskopf,,816,49.7294826,7.0889916,Q314903,de:Erbeskopf,rheinland-pfalz-260721
1421269664,Geißberg,,816,49.9570546,11.8049819,Q30696040,,bayern-260721
10265679966,Gifiz,,816,48.0322009,8.6310972,,,baden-wuerttemberg
5537938607,Glösenstein,,816,50.5421191,13.1575266,Q31545138,,sachsen-260721
6028084396,Kranzkopf,,816,48.0633425,7.9716347,Q31533350,,baden-wuerttemberg
10032043132,Lomberg,,816,48.0600934,8.6756563,,,baden-wuerttemberg
3743382403,Na kamenci,,816,50.629405,13.5270688,,,sachsen-260721
6154436662,Pfaffenkogel,,816,47.6728489,12.9277298,,,bayern-260721
477445305,Schloßberg,,816,47.8045068,10.9154551,,,bayern-260721
3431214359,Schnitzersberg,,816,50.5581412,10.0803296,Q130223904,,thueringen-260721
6412097863,Schweinsberg,,816,50.4758711,11.0063216,Q31321114,,thueringen-260721
3971656535,Wölfeberg,,816,50.4496698,12.5524669,,,sachsen-260721
5078834098,Eckardtskopf,,815,50.7009117,10.752166,Q30791010,,thueringen-260721
3656785593,Feldberg,,815,50.4719638,9.9510358,Q1402355,,hessen-260721
316046026,Mühlenkopf,,815,51.2724205,8.6025095,Q1785477,,hessen-260721
6201407374,Salzkopf,,815,50.7472672,10.5614287,Q31338965,,thueringen-260721
12473197571,Spatbühl,,815,48.8053089,13.6551046,,,bayern-260721
7695111998,Tetřeví vrch,,815,49.771204,12.4487543,,,bayern-260721
13048847943,,,815,47.7349869,10.0262368,Q136006401,,baden-wuerttemberg
13458521950,,,815,48.549977,9.6718536,Q137791369,,baden-wuerttemberg
1764224954,,,815,47.7338611,10.7758679,,,bayern-260721
2959024212,,,815,50.33525,9.9490662,,,bayern-260721
8442113195,Ameisenberg,,814,48.3269,9.2709,,,baden-wuerttemberg
4104433143,Fuchsbichel,,814,47.7117109,10.7238436,,,bayern-260721
294927217,Fuchshübel,,814,50.7430471,13.7793508,Q30735344,,sachsen-260721
3431214363,Hintere Rhön,,814,50.5636222,10.0729772,,,thueringen-260721
7108832513,Hinterer Höhenberg,,814,50.7907522,10.530583,Q31564647,,thueringen-260721
366084426,Hohe Scharte,,814,50.8206901,10.4810585,Q30699334,,thueringen-260721
11161553346,Kalvarienberg,,814,47.8172306,10.7331517,,de:Kalvarienberg (Bidingen),bayern-260721
3683062476,Kamenec,,814,50.6305931,13.5255075,,,sachsen-260721
8901037639,Nad Vodárnou,,814,50.4750792,13.0265392,,,sachsen-260721
8532601693,Sommerberg,,814,49.0364331,12.7473026,,,bayern-260721
6769694031,Sulzerköpfle,,814,48.375255,8.3203039,Q31301870,,baden-wuerttemberg
10962511175,Sättelekopf,,814,48.3489434,8.3039627,,,baden-wuerttemberg
3215534524,,,814,48.3581201,9.1609381,,,baden-wuerttemberg
2757896584,Auchtert,,813,48.5826479,9.5170272,Q2013660,de:Ochsenwang,baden-wuerttemberg
3302602311,Bühl,,813,48.5746268,9.508987,,,baden-wuerttemberg
494007120,Ellenbogen,,813,50.57278,10.0819093,Q1331914,,thueringen-260721
1602075035,Großer Buchenberg,,813,50.7513045,10.6331875,Q30663389,,thueringen-260721
1991218153,Hochgericht,,813,48.0050863,8.0206263,,,baden-wuerttemberg
431771618,Hohe Matze,,813,49.998148,11.9318713,Q1623493,de:Hohe Matze,bayern-260721
690810625,Jagdschirm,,813,50.527489,11.0555291,Q8553184,,thueringen-260721
972731366,Killerberg,,813,48.3167737,9.071772,Q31535213,,baden-wuerttemberg
7694798716,Mraveniště,Glaserberg,813,49.7616132,12.4189281,,,bayern-260721
12346107625,Röhrlberg,,813,48.9285616,13.3223176,,,bayern-260721
12458883368,Scherzelberg,,813,48.7729422,13.7363112,,,bayern-260721
13120308085,Stephansberg,,813,48.6473615,13.7841576,,,bayern-260721
11627672255,,,813,47.611805,9.9050331,Q136008965,,bayern-260721
300622078,Ameisenbuck,,812,47.7610649,7.6833244,Q31553610,,baden-wuerttemberg
454637814,Breitenstein,,812,48.5833505,9.5014825,Q825221,de:Breitenstein (Schwäbische Alb),baden-wuerttemberg
281417085,Bühlsroder Kopf,,812,50.6015618,10.9063154,,,thueringen-260721
10933603495,Dachsberg,,812,48.9820935,12.8547281,,,bayern-260721
677441746,Kreuzberg,,812,48.3095586,9.2862179,,,baden-wuerttemberg
694107654,Lippertshorn,,812,48.33029,9.26774,,,baden-wuerttemberg
5326057001,Löffelbühl,,812,50.7061042,10.7350012,,,thueringen-260721
11018858615,Masselkopf,,812,48.43518,8.406037,,,baden-wuerttemberg
467168108,Morgenleithe,,812,50.5254992,12.7318509,Q1947729,,sachsen-260721
4104421911,Ob,,812,47.6267094,10.732873,,,bayern-260721
3215534523,Pfaffenberg,,812,48.3633028,9.1520524,Q30620386,,baden-wuerttemberg
677441748,Schneeberg,,812,48.3194,9.28733,Q31522317,,baden-wuerttemberg
1798075032,Schwabenkopf,,812,48.5457203,8.200252,Q30609692,,baden-wuerttemberg
11415748175,Steinbühl,,812,48.1705534,9.2390913,,,baden-wuerttemberg
5537939854,Steinkamm,,812,50.4798696,12.9404704,Q31518868,,sachsen-260721
1846787256,Stubenberg,,812,48.7591014,13.7212919,,,bayern-260721
2704139244,Älbe,,812,48.5101166,9.516718,Q30597701,,baden-wuerttemberg
6822117268,,,812,50.0071923,11.7550911,,,bayern-260721
6769694033,Bocksecke,,811,48.3613289,8.3190564,Q30678102,,baden-wuerttemberg
706232262,Braukopf,,811,50.6797495,10.6355322,,,thueringen-260721
232970858,Hanskühnenburg,,811,51.7281007,10.4031675,Q50328293,,niedersachsen-260721
1851727255,Hintere Haube,,811,50.576947,10.9518911,Q31542121,,thueringen-260721
7123897832,Mittelberg,,811,50.4346413,11.0691429,,,thueringen-260721
10920216277,Oberer Berg,,811,48.9640752,12.8473306,Q31297784,,bayern-260721
11592492549,,,811,47.7315593,10.0060022,,,baden-wuerttemberg
3585940693,Aufberg,,810,48.4050504,9.2477665,,,baden-wuerttemberg
7717933011,Ebenberg,,810,49.3976317,12.7395272,,,bayern-260721
4104433149,Eck,,810,47.6822547,10.7829683,,,bayern-260721
11274541705,Föhrenberg,,810,47.5764386,10.7271673,,,bayern-260721
12564825373,Kleiner Falkenstein,,810,50.7001447,10.6682489,,,thueringen-260721
5537939877,Mühlberg,,810,50.4260022,12.4672446,,,sachsen-260721
4104545535,Müllersbichel,,810,47.6445856,10.8347497,,,bayern-260721
5126065207,Schöllkopf,,810,48.6680623,8.4882056,Q30650358,,baden-wuerttemberg
7418537723,Sonniger Hermann,,810,50.7008737,10.6121895,,,thueringen-260721
3283485115,Spitzberg,,810,49.0156964,12.9405179,Q30620086,,bayern-260721
3431112116,Großer Auersberg,,809,50.3677276,9.8719264,Q1548594,,bayern-260721
7694670476,Kutscherberg,,809,49.7703485,12.3946903,,,bayern-260721
3431191251,Oberhauleite,,809,50.4735637,10.0592566,,,bayern-260721
1654256686,Stückberg,,809,49.5408111,12.5258532,Q2802212,,bayern-260721
11294773109,,,809,47.7281025,9.9989533,Q136682019,,baden-wuerttemberg
1805182056,,,809,47.7106534,11.3137114,,,bayern-260721
2658186355,Beerberg,,808,50.6045272,10.7350983,Q30707301,,thueringen-260721
353074889,Benzenberg,,808,48.3848009,9.2507242,Q31552638,,baden-wuerttemberg
4104433148,Bucheck,,808,47.6778426,10.7592616,Q30815479,,bayern-260721
4876804240,Hangenleithner Hügel,,808,48.8679743,13.1844604,,,bayern-260721
2685124040,Hettstädt,,808,50.5516347,11.1344458,Q1554249,,thueringen-260721
12197240267,Hoher Riegel,,808,49.2253473,13.0355358,,,bayern-260721
280087304,Hundsrück,,808,50.6183604,10.9015815,Q30662722,,thueringen-260721
7123897833,Kallenberg,,808,50.4339798,11.0861758,Q30644716,,thueringen-260721
849398619,Kleiner Auersberg,,808,50.3601269,9.8414381,Q1393390,,bayern-260721
2883551820,Kämmerle,,808,48.5502104,9.5228321,,,baden-wuerttemberg
7112906557,Langer Berg,,808,50.6187928,11.0197593,Q1253775,de:Langer Berg (Thüringer Schiefergebirge),thueringen-260721
3194373475,Leitenwaldhöhe,,808,48.9874629,13.2400056,,,bayern-260721
366085079,Trockenberg,,808,50.8395106,10.4915662,Q31297032,,thueringen-260721
13401375367,,,808,47.914633,8.7416465,Q137573802,,baden-wuerttemberg
6822118609,,,808,50.0063037,11.7477044,,,bayern-260721
1106331759,Baumberg,,807,47.7160725,11.2770198,,,bayern-260721
717887363,Belleck,,807,47.9764839,8.0493057,,,baden-wuerttemberg
4104433144,Dürrer Bichel,,807,47.7021343,10.7537123,,,bayern-260721
13265950881,Fentberg,,807,47.8429955,11.7869901,Q31559303,de:Fentberg,bayern-260721
1270615398,Herrnköpfl,,807,47.6613389,11.6039857,,,bayern-260721
4104433134,Hochbichel,,807,47.7297015,10.9855001,,,bayern-260721
9282812853,Hochoberndorfer Berg,,807,48.8781394,12.9930559,,,bayern-260721
13952906624,Kohlruck,,807,48.9556641,13.2626867,,,bayern-260721
10591401013,Mostberg,,807,50.4637207,9.9671884,,,hessen-260721
3268522762,Rabenberg,,807,50.6240171,13.2535099,Q31527484,,sachsen-260721
2658969413,Sandkopf,,807,49.7332368,7.098109,Q31567566,,rheinland-pfalz-260721
3431224434,Schafküppel,,807,50.5769092,10.0875334,,,thueringen-260721
294927778,Scharspitze,,807,50.7511801,13.7725222,Q31523544,,sachsen-260721
344116638,Scheibenberg,,807,50.537653,12.9253819,Q543899,de:Scheibenberg (Erzgebirge),sachsen-260721
1846783812,Spitzenberg,,807,48.7505129,13.7272164,Q31519957,,bayern-260721
10274323277,Staufelberg,,807,48.0637892,8.7015738,Q31519586,,baden-wuerttemberg
2351512053,Stiefelkopf,,807,50.61894,11.0143913,,,thueringen-260721
294926671,Traugotthöhe,,807,50.7308886,13.8209643,Q30652382,,sachsen-260721
11294773108,Braunenberg,,806,47.7398645,10.022546,Q131251691,,baden-wuerttemberg
13675834882,Daschenberg,,806,49.0041666,12.9428601,,,bayern-260721
366084861,Großer Jagdberg,,806,50.8361178,10.5002893,Q30661432,,thueringen-260721
13706887754,Großer Sauruck,,806,48.9572845,13.318305,,,bayern-260721
316046363,Hoher Eimberg,,806,51.3120287,8.6007054,Q1476134,,hessen-260721
2666777350,Kleiner Erleshügel,,806,50.6140432,10.7570427,,,thueringen-260721
276987758,Steinkuppe,,806,50.7195761,13.5991743,Q2341334,,sachsen-260721
4102642389,Dorniger Bichel,,805,47.6217882,10.7605089,,,bayern-260721
356214325,Drachenkopf,,805,50.7433313,13.6012652,Q30795716,,sachsen-260721
1798095983,Eselskopf,,805,48.5304677,8.174748,Q30609131,,baden-wuerttemberg
2757803298,Filsenberg,,805,48.3990173,9.1126338,Q1415497,de:Filsenberg,baden-wuerttemberg
5537939858,Hirtenberg,,805,50.4811378,12.8261587,,,sachsen-260721
280083456,Hohe Tanne,,805,50.6476051,10.8767137,Q30696185,,thueringen-260721
4166481649,Holzheuer Höhe,,805,47.9092507,10.4272116,,,bayern-260721
11294773107,Kapf,,805,47.7148163,10.010634,Q130481088,,baden-wuerttemberg
283526330,Landmannsklippe,,805,51.7893683,10.6774174,Q123327730,,sachsen-anhalt-260721
280085821,Pferdeberg,,805,50.6406263,10.9046323,Q15392025,,thueringen-260721
391489631,Querenberg,,805,50.5142225,10.0483226,Q31527570,,bayern-260721
2482507658,Schickels Höhe,,805,50.7449682,13.6376434,Q31331533,,sachsen-260721
6855251442,Schindelberg,,805,47.8247168,11.6076604,Q31523018,,bayern-260721
5537939829,Vorderer Märzenberg,,805,50.4840717,12.6862371,Q31516251,,sachsen-260721
11619624682,Zwerenberg,,805,47.6083982,10.0143706,Q130500630,,bayern-260721
1552571383,Banholz,,804,48.4549986,9.36559,Q30608582,,baden-wuerttemberg
11415748176,Breitenberg,,804,48.1663067,9.2368696,,,baden-wuerttemberg
316047226,Hoppernkopf,,804,51.295447,8.5740664,Q1476713,de:Hoppernkopf,hessen-260721
7120209735,Mittelberg,,804,50.5119873,11.1926284,Q1940062,,thueringen-260721
963480025,Mägerkinger Häule,,804,48.28259,9.29778,,,baden-wuerttemberg
1489569773,Stephanshöhe,,804,50.7764997,13.6836483,Q31305367,,sachsen-260721
677441747,Zwieselberg,,804,48.31274,9.28749,,,baden-wuerttemberg
1606992723,,,804,47.7767395,10.8946541,,,bayern-260721
12298778701,,,804,47.5674107,10.2551793,Q138667892,,bayern-260721
475981477,Boßler,,803,48.6086487,9.5943749,Q896224,de:Boßler,baden-wuerttemberg
7694723103,Hochried,,803,49.7291625,12.4084147,,,bayern-260721
2139808963,Hoher Brand,,803,50.3405245,12.3902909,Q1623884,,sachsen-260721
1983412702,Höchst,,803,48.2613589,8.9023959,Q30724228,,baden-wuerttemberg
8587266578,Moserstein,,803,47.6650963,13.0907478,,,bayern-260721
10274310835,Ochsenberg,,803,47.9932204,8.4251636,,,baden-wuerttemberg
492514499,Schubenstein,,803,51.8029495,10.5501257,,,niedersachsen-260721
692991293,Seimberg,,803,50.81084,10.4497681,Q31319491,de:Seimberg,thueringen-260721
3268561320,,,803,50.6223328,13.2762564,,,sachsen-260721
7466700030,,,803,50.3429375,12.4331263,,,sachsen-260721
8442113196,Goldberg,,802,48.3351,9.2701,,,baden-wuerttemberg
280088179,Großer Hader,,802,50.6180228,10.8773559,,,thueringen-260721
11033499267,Hilsenbühl,,802,48.3556,8.31795,,,baden-wuerttemberg
270091902,Hirzenberg,,802,48.6639265,13.8260181,,,bayern-260721
677441740,Ittenhalde,,802,48.31256,9.26996,,,baden-wuerttemberg
677441745,Mettlau,,802,48.31633,9.28025,,,baden-wuerttemberg
897096557,Rauhhügel,,802,50.5433926,11.2167899,Q1281647,,thueringen-260721
10969477050,Rußenkopf,,802,48.5101452,8.3922782,Q30609172,,baden-wuerttemberg
7100304003,Saarberg,,802,50.4812322,11.0148702,Q31339690,,thueringen-260721
6391953990,Schnallenkopf,,802,48.2126627,8.1983728,Q31566533,,baden-wuerttemberg
5537939883,Schwarzberg,,802,50.3792847,12.4289703,Q1768306,,sachsen-260721
1741184504,Steinberg,,802,49.8063056,12.4654949,Q23806690,,bayern-260721
7717901519,kl. Ebenberg,,802,49.3966053,12.7433467,,,bayern-260721
679928487,Bannholz,,801,48.30405,9.26586,,,baden-wuerttemberg
431925350,Dalherdakuppe,,801,50.4102361,9.8278846,Q2673000,,bayern-260721
670954261,Fahrenberg,,801,49.6675852,12.3657102,Q20999827,,bayern-260721
6822087234,Föllmarsberg,,801,50.0380605,11.7691342,,,bayern-260721
1777961560,Großes Dürrmaul,,801,49.8255448,12.4702016,,,bayern-260721
9290721329,Hochberg,,801,48.8744024,13.1233516,,,bayern-260721
7120222269,Igelskuppe,,801,50.4893723,11.1599755,,,thueringen-260721
6449540121,Kapf,,801,47.9976734,8.4245095,,,baden-wuerttemberg
361281003,Lerchenköpfe,,801,51.8082367,10.5348352,Q1820245,de:Lerchenköpfe,niedersachsen-260721
7120222264,Löschleitenberg,,801,50.4985363,11.0657143,Q31311632,,thueringen-260721
316046882,Mittelsberg,,801,51.2761808,8.5827664,Q1801470,,hessen-260721
1784672858,Schafbuckel,,801,48.5760003,9.538354,Q31523746,,baden-wuerttemberg
10962393606,Stirnle,,801,48.34421,8.30023,,,baden-wuerttemberg
5276187593,,,801,48.4195177,9.1236681,,,baden-wuerttemberg
9919626062,,,801,47.6122532,9.86774,,,bayern-260721
6819795689,Hirschhorn,,800,50.0293265,11.7583281,,,bayern-260721
3697083967,Marbling,,800,47.6094209,12.1513748,Q114837242,,bayern-260721
3060378641,Sommerberg,,800,50.5023083,10.9624106,,,thueringen-260721
1269794491,Weinberg,,800,47.6737426,11.5905144,,,bayern-260721
480468115,Winterleiten,,800,47.7938499,10.9812265,,,bayern-260721
1606992722,,,800,47.7729136,10.8917664,,,bayern-260721
7717901516,,,800,49.3428523,12.7502239,,,bayern-260721
7694798712,Buchberg,,799,49.7737123,12.409873,Q31550724,,bayern-260721
1087998544,Hellenberg,,799,50.7281066,10.6055249,Q30758414,,thueringen-260721
391489608,Kesselstein,,799,50.4448601,9.969175,Q30617438,,hessen-260721
10270444114,Leutenberg,,799,47.9890862,8.8400998,,,baden-wuerttemberg
11126251107,Ludwigshöhe,,799,48.4381055,9.5608446,,,baden-wuerttemberg
11294773106,Menelzhofer Berg,,799,47.7180052,10.0171388,Q130481186,,baden-wuerttemberg
897096575,Roter Berg,,799,50.4941983,11.2350761,Q8553181,,thueringen-260721
282268359,Rumpelsberg,,799,50.6873037,10.8406846,Q1805701,,thueringen-260721
1593649490,,,799,47.8538483,10.8221183,,,bayern-260721
11294773104,Aigeltshofer Berg,,798,47.7283479,10.0567496,Q131249014,,baden-wuerttemberg
59059732,Altkönig,,798,50.2125009,8.4815933,Q442204,de:Altkönig,hessen-260721
373135471,Berlachberg,,798,47.8225979,10.917586,,,bayern-260721
14006395522,Epprechtstein,,798,50.1459375,11.9171673,,,bayern-260721
2517400143,Gießhübel,,798,50.7302882,13.7111986,,,sachsen-260721
2369640930,Große Grube,,798,51.27175,8.5979204,,,hessen-260721
1106331899,Hohe Lüß,,798,47.7158247,11.2634319,Q30713268,,bayern-260721
3657556429,Limberg,,798,50.470461,11.1974426,,,thueringen-260721
3106093354,Menkenberg,,798,47.7373509,12.6583074,,,bayern-260721
3328243803,Mönchberg,,798,48.5654365,9.5289121,Q31305477,,baden-wuerttemberg
10434871408,Rommetsberg,,798,48.3402985,9.384256,,,baden-wuerttemberg
13675834879,Schönhöhe,,798,49.0114435,12.9375601,,,bayern-260721
10780600169,Tannenberg,,798,48.8652723,13.0514789,,,bayern-260721
7129263593,Wasserberg,,798,50.4134345,11.0967651,,,thueringen-260721
3431101984,Bremerkopf,,797,50.4141177,9.8645601,Q30664258,,hessen-260721
3431214361,Gerstenstein,,797,50.543972,10.0458386,,,hessen-260721
724273856,Grauhübel,,797,50.625395,13.4665253,Q30667286,,sachsen-260721
1314229370,Habichtsberg,,797,50.4948156,12.981131,Q31542895,,sachsen-260721
399575915,Meisenbühl,,797,48.4013813,9.1222062,,,baden-wuerttemberg
4885456188,Sauberg,,797,50.4576372,12.768876,Q2226997,,sachsen-260721
6391836171,Steinberg,,797,48.181302,8.1106818,Q31561830,,baden-wuerttemberg
851340421,,,797,48.3691676,9.2894705,,,baden-wuerttemberg
11478543750,,,797,47.676116,10.0939196,,,baden-wuerttemberg
11021576860,,,797,50.7245585,13.6493973,,,sachsen-260721
3431214362,Grabenberg,,796,50.5295907,10.0663375,Q30669940,ceb:Grabenberg,bayern-260721
5537938586,Hinterer Stangenberg,,796,50.6699187,13.5030958,Q30736776,,sachsen-260721
4216010617,Hoher Stein,,796,47.6228228,11.5000257,Q31538825,,bayern-260721
6653891186,Kastensteinhöhe,,796,47.6550841,12.965958,Q30628415,,bayern-260721
944258039,Killberg,,796,48.33746,9.2813,,,baden-wuerttemberg
10274391016,Kirchberg,,796,48.0220282,8.9435792,,,baden-wuerttemberg
10797352153,Kleiner Rachelberg,,796,48.858687,13.1729936,,,bayern-260721
2112817630,Schachen,,796,48.3585907,9.4586218,Q1755352,,baden-wuerttemberg
4526731172,Winterkapf,,796,47.9854322,8.0260727,,,baden-wuerttemberg
13401375374,,,796,47.9143781,8.739335,,,baden-wuerttemberg
1625869185,,,796,47.8519806,11.0211978,,,bayern-260721
7722309560,,,796,49.5153878,12.5805473,,,bayern-260721
7422296887,Bernecker,,795,50.5106294,12.7196913,Q31552595,,sachsen-260721
11033502314,Buchhöhe,,795,48.34523,8.32177,,,baden-wuerttemberg
9286591362,Eisenrichterstein,,795,47.690193,12.9362886,,,bayern-260721
13458729789,Gerstenberg,,795,48.4621548,9.2961731,Q137802222,,baden-wuerttemberg
1144239484,Höllersberg,,795,47.7836047,11.7294061,Q31538240,,bayern-260721
412937938,Kuhberg,,795,50.519938,12.498929,Q1791180,de:Kuhberg (Stützengrün),sachsen-260721
4104433151,Kögelhalde,,795,47.6633092,10.7593886,,,bayern-260721
435520709,Locherstein,,795,48.4099972,9.2691977,,,baden-wuerttemberg
8989067594,Luxberg,,795,50.4696608,13.0137455,,,sachsen-260721
800566603,Schießberg,,795,50.5050334,12.9527959,,,sachsen-260721
11592492494,,,795,47.7165617,10.0116724,,,baden-wuerttemberg
1607004546,,,795,47.7605519,10.8824585,,,bayern-260721
366524560,Alter Hau,,794,48.4485177,9.3543986,,,baden-wuerttemberg
258380648,Döbraberg,,794,50.2780483,11.6432467,Q883084,de:Döbraberg,bayern-260721
1243571613,Fürstenhöhe,,794,48.1225425,9.1597572,Q30733207,,baden-wuerttemberg
7123890504,Göritzberg,,794,50.4616483,11.1368721,Q30671277,,thueringen-260721
10434871407,Hausberg,,794,48.3089458,9.4024002,Q31542051,,baden-wuerttemberg
7110612097,Kleiner Münzeberg,,794,50.7335891,10.6890742,Q31340112,,thueringen-260721
3268561317,Ochsenkopf,,794,50.6157098,13.2583202,Q31528918,,sachsen-260721
7100286171,Pechseifenberg,,794,50.500425,11.0236562,,,thueringen-260721
7699476987,Plešský vrch,,794,49.5478982,12.5989881,,,bayern-260721
482895417,Roter Berg,Roter Berg,794,47.8269621,10.9430155,,,bayern-260721
13398525347,,,794,47.837389,10.2109538,Q137561502,,bayern-260721
2883119391,Hohe Pön,,793,51.2670791,8.6235952,Q1623501,,hessen-260721
5440135923,Kagerstein,,793,49.2351093,12.9690945,,,bayern-260721
3388586236,Lauh,,793,48.4895355,9.5084035,,,baden-wuerttemberg
277812731,Lausche / Luž,Lausche,793,50.8491131,14.6467694,Q159671,cs:Luž,sachsen-260721
3657555883,Limberg,,793,50.4765207,11.2035518,,,thueringen-260721
7695111994,Na Hranicích,Platte,793,49.7794282,12.4509752,,,bayern-260721
5457367750,Sannekopf,,793,48.3209365,8.3039123,,,baden-wuerttemberg
814886713,Saußberg,,793,48.70479,13.60592,,,bayern-260721
10431738103,Schönberg,,793,48.4396025,9.2270464,Q31522059,,baden-wuerttemberg
428608606,Staffelberg,,793,48.6510959,13.6513777,Q267491,de:Staffelberg (Niederbayern),bayern-260721
3520548523,Türnleberg,,793,48.0485054,8.5591095,Q2465114,,baden-wuerttemberg
7108864502,Vorderer Höhenberg,,793,50.7760399,10.5200746,Q31564663,,thueringen-260721
409009134,Wachbühl,,793,47.8729963,9.9706344,Q2538325,,baden-wuerttemberg
248779252,Wetzstein,,793,50.4461646,11.4515362,Q2566264,de:Wetzstein (Frankenwald),thueringen-260721
3431214366,,,793,50.5156161,10.0809036,,,bayern-260721
1777968664,Ahornberg,,792,49.85187,12.4431607,,,bayern-260721
6412085792,Heuberg,,792,50.4696904,10.9826224,Q30745435,,thueringen-260721
5126007070,Hohe Warte,,792,48.6757162,8.4925275,,,baden-wuerttemberg
4104433137,Roßkopf,,792,47.7275443,10.8825955,,,bayern-260721
10265681379,Ruxenkopf,,792,48.3164004,8.3074987,,,baden-wuerttemberg
12346107624,Schneiderhöhe,,792,48.9258125,13.3312011,,,bayern-260721
11618198251,Stanpfleiten,,792,47.7640466,11.9822916,,,bayern-260721
4104433159,Birkenbichel,,791,47.6931356,10.8432485,,,bayern-260721
6412085794,Frohnberg,,791,50.4795492,10.9578628,Q30743236,,thueringen-260721
7110612094,Hubenstein,,791,50.74258,10.6260988,,,thueringen-260721
851320258,Katzensteig,,791,48.3907728,9.2673749,,,baden-wuerttemberg
11369107791,Lippental Hochberg,,791,48.4333116,9.2424623,,,baden-wuerttemberg
2377882741,Lüttekefeld,,791,51.2610736,8.5878944,,,hessen-260721
1860567348,Nähertalskopf,,791,50.7410203,10.6443428,,,thueringen-260721
13069471258,Rendlberg,,791,48.8490304,13.5754026,,,bayern-260721
8972128793,Warmberg,,791,48.3124,9.3349,Q31290893,,baden-wuerttemberg
1240424084,,,791,47.8561735,8.7247929,,,baden-wuerttemberg
2662864797,,,791,48.4781059,9.3413524,,,baden-wuerttemberg
1606992720,,,791,47.767802,10.8720583,,,bayern-260721
3659514823,Billstein,,790,50.5419812,10.0436206,,,hessen-260721
1261947291,Bläsiberg,,790,48.5727968,9.6056839,Q30687778,,baden-wuerttemberg
7284872208,Boschel,,790,48.2489064,8.3127563,,,baden-wuerttemberg
2464722089,Kesselshaupt,,790,50.6507258,10.8696591,,,thueringen-260721
12426918195,Kleiner Spatberg,,790,48.8729153,13.5637593,,,bayern-260721
7096655339,Kohlhieb,,790,50.56496,10.9342221,Q1778659,,thueringen-260721
897130006,Spitzer Berg,,790,50.5526135,11.190954,Q2311582,,thueringen-260721
13120308073,Stiftberg,,790,48.6221766,13.7393659,,,bayern-260721
1851727252,Vordere Haube,,790,50.5804347,10.961533,Q135646319,de:Haube (Thüringer Wald),thueringen-260721
4104433157,Wilder Bichel,,790,47.658804,10.8032086,,,bayern-260721
728409145,,,790,48.2309563,8.1760516,,,baden-wuerttemberg
1817738049,,,790,47.6636816,11.3936458,,,bayern-260721
3942501807,,,790,48.9500169,13.2448311,,,bayern-260721
7722269778,,,790,49.5267335,12.6146114,,,bayern-260721
5104503967,Burgberg,,789,47.7843709,10.819529,,,bayern-260721
268390609,Farrenkopf,,789,48.2567099,8.1811352,Q1397118,de:Farrenkopf (Hausach),baden-wuerttemberg
366528666,Hirnberg,,789,48.4557917,9.3329378,Q31540583,,baden-wuerttemberg
11388520556,Irrleberg,,789,48.1254952,9.1373753,Q30656669,,baden-wuerttemberg
7096637922,Meisenhügel,,789,50.6024453,10.8562275,,,thueringen-260721
3118226549,Regenburren,,789,48.3924811,9.6139809,Q31359992,,baden-wuerttemberg
1593470031,Reischberg,,789,47.8702689,10.8226231,Q31804520,,bayern-260721
364416120,Schwartenberg,,789,50.6591578,13.4654937,Q2253260,,sachsen-260721
1261947307,Sickenbühl,,789,48.5866809,9.6073824,Q31318693,,baden-wuerttemberg
7722309561,,,789,49.518578,12.5734448,,,bayern-260721
1805181988,Aidlinger Höhe,,788,47.7157219,11.2558744,,,bayern-260721
927054548,Auchtertburren,,788,48.24705,9.29407,,,baden-wuerttemberg
7722269776,Buchsberg,,788,49.4689747,12.5622654,Q31550515,,bayern-260721
264395178,Gießstein,,788,48.4213329,9.2471103,Q31545315,,baden-wuerttemberg
7722312967,Greiner,,788,49.5301109,12.5197148,,,bayern-260721
8538347091,Hornbühl,,788,48.0835874,8.0620048,Q31560684,,baden-wuerttemberg
12188969661,Rote Höhe,,788,49.0375304,13.1797528,,,bayern-260721
247094611,Ursulahochberg,,788,48.4508802,9.2719766,,,baden-wuerttemberg
3528011896,,,788,48.4434856,9.6639303,,,baden-wuerttemberg
7722269775,,,788,49.4696022,12.5550127,,,bayern-260721
12247788980,,,788,47.6061197,9.9084717,,,bayern-260721
12175543866,,,788,50.7075506,13.5856367,,,sachsen-260721
586433592,,,788,50.6399836,10.9108838,,,thueringen-260721
12325711744,Amalienhöhe,,787,47.8222195,9.3199978,Q113994749,,baden-wuerttemberg
13136988093,Fuchsenhöh,,787,48.8528215,13.6040562,,,bayern-260721
6412085795,Grendel,,787,50.4783488,10.9387741,Q1535641,,thueringen-260721
2270497671,Hoffnungskopf,,787,50.6321229,10.7668625,,,thueringen-260721
10299573493,Häuelkopf,,787,47.6569006,7.9335998,,,baden-wuerttemberg
13725789207,Höchelberg,,787,48.8807194,13.2155871,,,bayern-260721
3431191249,Ilmenberg,,787,50.4772316,10.0753337,Q15646754,de:Ilmenberg,bayern-260721
437963582,Kogeri,,787,49.7563382,12.3420615,,,bayern-260721
1447200908,Rehhübel,,787,50.4224884,12.3653538,Q1670985,en:Rehhübel,sachsen-260721
11230920089,Wachtfelsen,,787,48.0163421,8.9017364,,,baden-wuerttemberg
10274323275,Wiedberg,,787,47.8739003,8.6388987,,,baden-wuerttemberg
13410166717,,,787,48.5405595,9.7018251,Q137791305,,baden-wuerttemberg
2065530201,Bol,,786,47.7768021,8.6249328,,,baden-wuerttemberg
2464722084,Bundschildskopf,,786,50.678276,10.8450863,,,thueringen-260721
2958534655,Farnsberg,,786,50.3144771,9.8977646,Q31547383,,bayern-260721
8569819697,Gsteinachhöhe,,786,49.0709112,12.8419805,,,bayern-260721
13758349626,Hamerský vrch,,786,50.4235991,12.7357174,,,sachsen-260721
10969573041,Hartmannssteig,,786,48.53193,8.41944,,,baden-wuerttemberg
13696088467,Hochleiten,,786,49.042675,13.2512283,,,bayern-260721
10746851344,Kohlerberg,,786,47.8819307,8.6456179,,,baden-wuerttemberg
277023683,Kohlhaukuppe,,786,50.7438669,13.7930069,Q1778657,,sachsen-260721
12197883817,Kronwithöhe,,786,49.2256941,13.0079976,,,bayern-260721
13448147156,Kälberstein,,786,47.6354477,12.9923663,,,bayern-260721
324788230,Meuselbacher Kuppe,,786,50.572948,11.1088261,Q1609662,,thueringen-260721
13341102258,Schafhausberg,,786,48.4811843,9.2955472,Q137162753,,baden-wuerttemberg
1086308195,Steinhauck,,786,50.6915338,10.6199465,,,thueringen-260721
364304203,Thierberg,,786,50.4460451,12.44278,Q142942,,sachsen-260721
6765027540,Weiherberg,,786,50.5189198,9.9122875,Q25392451,,hessen-260721
13410166712,,,786,48.5432268,9.7087059,Q137790268,,baden-wuerttemberg
3233329661,,,786,47.6190777,12.1376404,,,bayern-260721
13398570459,,,786,47.8484684,10.1943362,,,bayern-260721
7120209734,Apelsberg,,785,50.5150861,11.1558067,Q618170,,thueringen-260721
13650220903,Bichelberg,,785,49.1177383,12.9098743,,,bayern-260721
6242049337,Duchstetten,,785,48.5883447,9.7461127,Q30793782,,baden-wuerttemberg
2841312482,Hasenburren,,785,48.4060795,9.6437214,,,baden-wuerttemberg
2966455370,Krutenberg,,785,51.2553456,8.6170651,Q1435853,de:Krutenberg,hessen-260721
12405793175,Leitenberg,,785,48.8725201,13.4925413,,,bayern-260721
978662153,Schneidersberge,,785,50.3960286,12.4186822,,,sachsen-260721
1582443492,Sinkenberg,,785,47.59036,9.9445,Q130514751,,bayern-260721
6441535358,Tonisbühl,,785,48.0869528,8.4848276,Q31298173,,baden-wuerttemberg
1606992727,,,785,47.7817848,10.8865685,,,bayern-260721
292605547,Eichkopf,,784,47.9560117,7.8860581,Q31560378,,baden-wuerttemberg
2962508912,Kirchberg,,784,50.5765939,11.1501715,Q31352171,,thueringen-260721
3028461907,Leimbühl,,784,50.670108,10.8247928,,,thueringen-260721
639219875,Mitterberg,,784,49.6739582,12.4389099,Q31530563,,bayern-260721
13724175900,Mühlbauerberg,,784,48.9363923,13.1503773,,,bayern-260721
443090914,Pfarrhöhe,,784,50.7342314,13.8240037,,,sachsen-260721
2440120768,Roter Stein,,784,50.6234067,10.9076729,,,thueringen-260721
7722269779,Schillerberg,,784,49.5252989,12.6010716,Q31523051,,bayern-260721
2109390968,Schmiedswiesenkopf,,784,50.5551579,10.8604141,,,thueringen-260721
3028417911,Spielmannsleite,,784,50.6542124,10.8085299,,,thueringen-260721
4316250716,Springenkopf,,784,49.7219963,7.0709643,Q31312413,,rheinland-pfalz-260721
7123897829,Steger,,784,50.4384672,11.038772,Q31311025,,thueringen-260721
3164574053,Tobelkapf,,784,48.4003003,9.2670586,,,baden-wuerttemberg
1279756215,,,784,47.6406061,11.6029478,,,bayern-260721
1607004545,,,784,47.7534817,10.8704179,,,bayern-260721
6822213362,,,784,50.0211109,11.7659248,,,bayern-260721
12325693065,Berghalden,,783,47.8580443,9.3897231,,,baden-wuerttemberg
1259946772,Blauer Stein,,783,50.6381504,10.7878252,,,thueringen-260721
4168168624,Bock,,783,47.8425024,10.1968123,,,bayern-260721
7123897834,Breiter Berg,,783,50.4527964,11.1748559,Q30665025,,thueringen-260721
737323272,Buchberg,,783,50.5135371,12.6698746,Q31550708,,sachsen-260721
10772132881,Bumsenberg,,783,48.9577987,13.0167282,,,bayern-260721
2949180822,Dürrer Berg,,783,50.6300036,13.2953916,,,sachsen-260721
3283754218,Elisenberg,,783,49.7294646,12.4171038,,,bayern-260721
4430679873,Frauensteig,,783,47.9517026,8.0032556,,,baden-wuerttemberg
1261947304,Kirchweihbuckel,,783,48.5699637,9.6027174,,,baden-wuerttemberg
8293258110,Kuželový vrch,,783,50.3209103,12.417433,,,sachsen-260721
7120253732,Unterer Alsbachsberg,,783,50.4829978,11.0457647,,,thueringen-260721
7399738261,,,783,47.7478452,7.7042742,,,baden-wuerttemberg
11360747826,,,783,47.7252837,10.0555635,Q130485714,,baden-wuerttemberg
7722260052,,,783,49.5115078,12.5968981,,,bayern-260721
1166220930,,,783,50.5824475,10.0839029,,,thueringen-260721
7123897830,Blößberg,,782,50.44682,11.0544871,Q30682825,,thueringen-260721
11388520557,Ebnet,,782,48.104876,9.0997301,,,baden-wuerttemberg
6489431910,Eichbuck,,782,47.9698996,8.4470203,,,baden-wuerttemberg
12188969694,Klautzenbacher Birkenberg,,782,49.0471301,13.2125294,,,bayern-260721
1374578476,Rautschkopf,,782,48.4158516,8.1342607,Q31526682,,baden-wuerttemberg
1350051064,Sulzriegel,,782,49.0698076,13.2395398,,,bayern-260721
359987423,Traifelberg,,782,48.408062,9.2759156,,,baden-wuerttemberg
1625869181,,,782,47.8517356,11.0066842,,,bayern-260721
1817738045,,,782,47.6608125,11.3847368,,,bayern-260721
2464722212,,,782,50.6761992,10.8430632,,,thueringen-260721
5537938587,Brandhübel,,781,50.6404902,13.5183817,Q30667075,,sachsen-260721
10352517554,Butzen,,781,48.5447,9.7249991,,,baden-wuerttemberg
4104433158,Drachenleite,,781,47.6989099,10.8134364,,,bayern-260721
3889427160,Freibergl,,781,47.8229969,12.7313449,,,bayern-260721
560144446,Kaltes Feld,,781,48.7349109,9.8498379,Q1722694,de:Kaltes Feld,baden-wuerttemberg
8901037643,Nad Pivovarem,,781,50.4875476,13.0284862,,,sachsen-260721
1795639801,Poppenreuther Berg,,781,49.9050826,12.4970357,Q31527830,,bayern-260721
2980871507,Simmersberg,,781,50.5026877,10.893662,Q2287255,de:Simmersberg,thueringen-260721
960150986,Sohlberg,,781,48.5330276,8.1615269,Q31316967,,baden-wuerttemberg
1625869157,,,781,47.8398629,11.042921,,,bayern-260721
2364256897,Dreiskopf,,780,51.3255605,8.608687,Q1258122,,hessen-260721
432965387,Gupfen,,780,47.6686453,8.1621867,Q31543085,,baden-wuerttemberg
3210799963,Höheberg,,780,50.5105773,10.9081338,Q30718199,,thueringen-260721
422969540,Kornberg,,780,48.6201049,9.6330559,Q1784489,de:Kornberg (Gruibingen),baden-wuerttemberg
1602560075,Kreuzberg,,780,48.8945066,13.3528254,,,bayern-260721
8344917210,Langebachskopf,,780,50.654775,10.8821562,,,thueringen-260721
1942512671,Ofen,,780,48.570869,9.7112799,Q30608111,,baden-wuerttemberg
2686870591,Rehhübelfelsen,,780,50.4257713,12.3658049,,,sachsen-260721
5551151321,Schindelauberg,,780,49.2391926,13.0392141,,,bayern-260721
12177898874,Sternwiesberg,,780,49.0824397,13.0874848,,,bayern-260721
5077620387,Vorderer Hiener,,780,49.309495,12.7138076,,,bayern-260721
2450799077,Wetzstein,,780,50.0755779,11.7816585,Q31515025,,bayern-260721
1279756152,,,780,47.6454,11.5972117,,,bayern-260721
1616133065,,,780,47.7725712,10.9280708,,,bayern-260721
1778245074,,,780,47.8429688,11.0300777,,,bayern-260721
560144450,Bernhardus,,779,48.7500999,9.8873499,Q20738938,,baden-wuerttemberg
303606780,Hinterer Arolsberg,,779,50.5959067,10.8846824,Q30737681,,thueringen-260721
11369067021,Leimberg,,779,48.4848631,9.3508562,,,baden-wuerttemberg
7399760584,,,779,47.7656374,7.7185414,,,baden-wuerttemberg
7722260051,,,779,49.5157012,12.6051003,,,bayern-260721
1612259282,Adlerfelsen,,778,50.4845387,12.5953969,Q358328,de:Adlerfels (Erzgebirge),sachsen-260721
3258596862,Asberg,,778,48.9785582,13.2134709,,,bayern-260721
1795636730,Aschberg,,778,49.8604401,12.4625919,,,bayern-260721
11369194170,Bühl,,778,48.5481949,9.7209344,,,baden-wuerttemberg
979465903,Goldberg,,778,50.3954016,12.4585394,Q31545123,,sachsen-260721
2872851868,Grasberg,,778,48.4986244,9.2979598,Q31544906,,baden-wuerttemberg
4104433139,Grundelsberg,,778,47.7211177,10.7860786,,,bayern-260721
10274323276,Oberlen,,778,48.0599045,8.5833046,,,baden-wuerttemberg
12426918197,Ochsenberg,,778,48.873494,13.5489321,,,bayern-260721
2883551822,Steingebühl,,778,48.4833003,9.310748,,,baden-wuerttemberg
1616133060,,,778,47.7644627,10.9182972,,,bayern-260721
639229650,Altschloßfelsen,,777,49.7742955,12.3811957,,,bayern-260721
2118965357,Bolkopf,,777,47.8117387,8.5620528,,,baden-wuerttemberg
5766373118,Galgenberg,,777,47.7744531,9.7260815,Q137039194,,baden-wuerttemberg
3431191248,Hoher Dentschberg,,777,50.4506055,10.0438756,Q30704001,,bayern-260721
3408928267,Kaiserberg,,777,50.0148962,11.855356,,,bayern-260721
13116955194,Reutberg,,777,48.7048739,13.7439643,,,bayern-260721
6769694032,Torkopf,,777,48.3683871,8.3151601,Q30609999,,baden-wuerttemberg
1315365292,Zwerenberg,,777,48.7430563,9.8996873,,,baden-wuerttemberg
11465196001,,,777,47.680996,10.0325058,,,baden-wuerttemberg
9474399295,Asberg,,776,47.8437666,11.6625908,,,bayern-260721
4104433131,Auf der Platte,,776,47.7216074,11.1019212,,,bayern-260721
5537939882,Braunleite,,776,50.3905911,12.4648529,,,sachsen-260721
578307267,Falkenberg,,776,48.7494562,9.9094664,Q30760377,,baden-wuerttemberg
13069471259,Geißberg,,776,48.85335,13.5734533,,,bayern-260721
2328060124,Gemeinberg,,776,50.332386,12.4081399,Q31545626,,sachsen-260721
5478139898,Habersteinturm,,776,50.0019314,11.9844315,,,bayern-260721
5078834097,Hohe Warte,,776,50.7204173,10.7573061,,,thueringen-260721
12198482246,Oberer Berg,,776,49.2212972,12.9479241,,,bayern-260721
10925225585,Rettenberg,,776,47.7177823,12.4607434,,,bayern-260721
1612259743,Riedertberg,,776,50.4748205,12.5594736,Q31526171,,sachsen-260721
2519269352,Rockenstein,,776,50.4151017,9.9559531,Q31525600,,bayern-260721
11014877386,Rossköpfle,,776,48.48031,8.33893,,,baden-wuerttemberg
4104433135,Roßhurtenbichel,,776,47.7388101,10.8559238,,,bayern-260721
1434811350,Triberg,,776,47.9379893,8.4286064,,,baden-wuerttemberg
1616133072,,,776,47.7764081,10.9276837,,,bayern-260721
1399515171,Butzen,,775,48.906167,12.9476403,,,bayern-260721
925367399,Dehnenkopf,,775,51.8056359,10.521675,Q1183027,de:Dehnenkopf,niedersachsen-260721
1891277422,Fuchsküppel,,775,50.5202496,9.9195807,Q30619260,,hessen-260721
5537939880,Hanselberg,,775,50.3457103,12.4483627,Q31554269,,sachsen-260721
2514070515,Hochberg,,775,47.8412301,12.6560584,Q1321369,,bayern-260721
3431191250,Maihügel,,775,50.4585983,10.0458891,Q31309920,,bayern-260721
1088001583,Petersberg,,775,50.7225107,10.618694,,,thueringen-260721
1280684517,Teckberg,,775,48.5887886,9.4703216,Q538217,de:Teckberg,baden-wuerttemberg
5551151324,Vorderer Berg,,775,49.2406922,13.0099515,,,bayern-260721
5537938597,Wildsberg,,775,50.6180272,13.2147865,Q31514867,,sachsen-260721
5327192114,,,775,47.924385,8.417847,,,baden-wuerttemberg
13969234439,Eisenstein,,774,48.9075799,13.3001304,,,bayern-260721
7110612096,Großer Münzeberg,,774,50.740403,10.6819445,Q30660262,,thueringen-260721
437963580,Hohenstein,,774,49.752319,12.3413708,,,bayern-260721
13675834876,Hornberg,,774,49.0207879,12.9402423,,,bayern-260721
1806371599,Hundskopf,,774,48.5358788,8.188437,,,baden-wuerttemberg
316012887,Kahle Pön,,774,51.2643343,8.6628088,Q1584890,de:Kahle Pön,hessen-260721
280084606,Kienberg,,774,50.6499899,10.9313453,Q31535334,,thueringen-260721
5551151323,Oberer Berg,,774,49.2414207,13.0206159,,,bayern-260721
12196667180,Oberer Berg,,774,49.1966319,13.0853927,,,bayern-260721
10303534275,Scheinenberg,,774,48.1366914,9.2324601,Q31332741,,baden-wuerttemberg
373264767,Schwalbenstein,,774,47.8355515,10.9221127,,,bayern-260721
2966527088,Schwefelkopf,,774,50.5457247,10.9077641,Q2255398,de:Schwefelkopf,thueringen-260721
10863886438,Sollenberg,,774,48.9688647,12.9043114,,,bayern-260721
5537939851,Strobelberg,,774,50.4607811,12.8275512,,,sachsen-260721
2753882964,Zimmerkopf,,774,50.7306237,10.6207588,,,thueringen-260721
1625869167,,,774,47.8483656,11.0472045,,,bayern-260721
7466686635,,,774,50.3353846,12.4304709,,,sachsen-260721
7277466670,Anger,,773,48.5808181,9.5992452,,,baden-wuerttemberg
3431214360,Dungberg,,773,50.5285951,10.0384815,Q31549062,,hessen-260721
3184958176,Eiberg,,773,47.8220569,11.6632156,,,bayern-260721
11388602613,Genenberg,,773,48.1035793,9.0881906,,,baden-wuerttemberg
11034824701,Gütschkopf,,773,48.3719,8.33562,Q30654962,,baden-wuerttemberg
8714260252,Heiligenbühl,,773,48.2619444,9.2275,,,baden-wuerttemberg
6441535356,Hohe Mark,,773,48.0719245,8.4973214,,,baden-wuerttemberg
13675834878,Maierhofer Berg,,773,49.0165663,12.9302645,,,bayern-260721
3625080212,Reifersberg,,773,48.1917852,9.407452,Q31526518,,baden-wuerttemberg
3161728281,Rödelsburg,,773,47.8778811,7.7817769,Q31525567,,baden-wuerttemberg
3431224433,Salkenberg,,773,50.5521302,10.0949967,Q31339263,,bayern-260721
75082165,Taufstein,,773,50.5172055,9.2383834,Q895530,,hessen-260721
62955274,Vysoký kámen,Hoher Stein,773,50.3005798,12.4080543,Q101572654,,sachsen-260721
5325760138,Wadeberg,,773,50.7212145,10.7217894,,,thueringen-260721
5551151327,,,773,49.2597286,13.0334351,,,bayern-260721
7694697450,Drachselfels,,772,49.7240093,12.3992324,Q31549319,,bayern-260721
1435605888,Gabelbachskopf,,772,50.6721829,10.8050473,,,thueringen-260721
3328243804,Gereut,,772,48.5686314,9.5223729,,,baden-wuerttemberg
3028461906,Hirschkopf,,772,50.6666028,10.8384817,Q1462585,,thueringen-260721
2443572827,Hundsrück,,772,50.6860149,10.6538807,,,thueringen-260721
2471396220,Immelsbacherhöhe,,772,48.2063687,8.2473609,Q31566597,,baden-wuerttemberg
7695111995,Mokríny,,772,49.7708437,12.4317598,,,bayern-260721
2060032362,Oberer Berg,,772,48.9882608,13.0423875,,,bayern-260721
13650193897,Ochsenberg,,772,49.1289934,12.9086137,,,bayern-260721
6449424369,Stallberg,,772,48.0428218,8.4854004,,,baden-wuerttemberg
1106331978,Steinköpfel,,772,47.7090173,11.2864708,,,bayern-260721
1805182342,Stöcklesberg,,772,47.7155918,11.302976,,,bayern-260721
3106093356,,,772,47.7550622,12.6366712,,,bayern-260721
2454177970,Biß,,771,48.341868,9.5630075,,,baden-wuerttemberg
12874631776,Dachsstein,,771,49.05286,13.07441,,,bayern-260721
5325922238,Gabelkopf,,771,50.7124568,10.7459325,,,thueringen-260721
989078338,Himmelreichskopf,,771,50.6806323,10.8226952,,,thueringen-260721
13724176405,Hollerberg,,771,48.9398526,13.1288552,,,bayern-260721
2859742338,Kirchkopf,,771,48.3884682,9.1153857,Q31351457,,baden-wuerttemberg
7096637926,Rehmhügel,,771,50.6027444,10.9579319,Q31359425,,thueringen-260721
1610772627,Rufstein,,771,48.599515,9.6559345,Q30608174,,baden-wuerttemberg
7096637924,Silberberg,,771,50.6142632,10.9555611,Q8553213,,thueringen-260721
13399615315,Sturmberg,,771,47.8863164,9.3525695,Q2359306,de:Sturmberg (Berg),baden-wuerttemberg
3048687018,Vorderer Ringberg,,771,49.9962064,11.9229019,Q30625054,,bayern-260721
559721286,Bürgermeisterhöhe,,770,47.71471,12.85637,,,bayern-260721
7721764087,Dürrberg,,770,49.9899322,11.7932439,,,bayern-260721
2280896606,Eisenberg,,770,49.5409385,12.4023349,Q1310855,de:Eisberg (Oberpfälzer Wald),bayern-260721
2279555977,Falkenstein,,770,50.7458929,10.6434561,Q1394306,de:Falkenstein (Thüringen),thueringen-260721
5126004782,Kälberkopf,,770,48.6897397,8.5177998,,,baden-wuerttemberg
778985522,Köpfle,,770,47.7084954,7.7547002,,,baden-wuerttemberg
897096548,Mutzenberg,,770,50.5400543,11.2004265,Q1956137,,thueringen-260721
7096701081,Neubrunnskopf,,770,50.5572249,10.9327416,,,thueringen-260721
12188969660,Ochsenberg,,770,49.0354554,13.1915009,,,bayern-260721
13724176406,Ochsenberg,,770,48.9355677,13.1408393,,,bayern-260721
10969477049,Rosenberg,,770,48.51678,8.40297,Q31353527,,baden-wuerttemberg
7418537695,Sonnenplatte,,770,50.7013617,10.6097636,,,thueringen-260721
713346044,Stöckberg,,770,48.3339669,9.3232181,,,baden-wuerttemberg
2302563555,Tannenbichel,,770,47.7307013,10.8091641,,,bayern-260721
447765672,Teufelstein,,770,49.7632605,12.3708408,,,bayern-260721
5537939847,Zechenhübel,,770,50.4853219,12.7581937,Q31514337,,sachsen-260721
482895423,,,770,47.818333,10.9807709,,,bayern-260721
361276256,Abbenstein,,769,51.8132024,10.5624109,Q11823333,de:Abbenstein,niedersachsen-260721
11014801116,Bruckenberg,,769,48.52886,8.38376,,,baden-wuerttemberg
5537939868,Fastenberg,,769,50.4644185,12.7161998,,,sachsen-260721
5537938596,Goldkrone,,769,50.6236165,13.2303178,Q31545063,,sachsen-260721
12491976549,Haubügel,,769,48.7798358,13.6918402,,,bayern-260721
282267425,Heidelberg,,769,50.6887422,10.8567307,Q30769654,,thueringen-260721
851340393,Junkerkäpfle,,769,48.3734179,9.2833537,,,baden-wuerttemberg
10274310834,Kapf,,769,47.9829784,8.5317726,,,baden-wuerttemberg
1795636729,Kostenberg,,769,49.8629286,12.4787731,,,bayern-260721
5169290191,Laitschenbacher Kopf,,769,47.874616,7.7946174,,,baden-wuerttemberg
435520695,Rötelstein,,769,48.4147978,9.2649471,,,baden-wuerttemberg
365539351,Scharfenberg,,769,50.8547329,10.4519485,,,thueringen-260721
10876290739,Wolfgalgen,,769,47.8766944,8.4033527,,,baden-wuerttemberg
11737829452,,,769,48.6698409,8.2238358,,,baden-wuerttemberg
3028417909,Aschbach,,768,50.6592105,10.8159499,,,thueringen-260721
3796349918,Büttenkopf,,768,48.5305581,8.1943582,,,baden-wuerttemberg
10435356810,Eichelberg,,768,48.344548,9.3535562,,,baden-wuerttemberg
310364112,Großer Nallenberg,,768,50.4435158,9.8821508,Q15646884,,hessen-260721
5077620388,Hinterer Hiener,,768,49.3259441,12.7054338,,,bayern-260721
7100273641,Kalter Staudenkopf,,768,50.5400453,10.8549928,Q1722691,,thueringen-260721
1806374353,Kriesbaumkopf,,768,48.5516545,8.1817524,,,baden-wuerttemberg
1798095982,Kutschenkopf,,768,48.5249832,8.1683321,,,baden-wuerttemberg
10764697620,Kühberg,,768,48.9580523,13.0048406,,,bayern-260721
6176559759,Lehstenberg,,768,50.1280238,11.8907994,Q1813553,de:Lehstenberg,bayern-260721
13948576801,Ochsenberg,,768,48.970703,13.2287407,,,bayern-260721
7477018728,Samlischbuck,,768,47.6654293,8.1649836,,,baden-wuerttemberg
13334144477,Ziegelberg,,768,47.8761164,9.8830444,Q31514206,,baden-wuerttemberg
13399482000,Ziegelberg,,768,47.8761164,9.8830444,Q31514206,,baden-wuerttemberg
1314276903,,,768,48.7628231,9.9320264,Q137787497,,baden-wuerttemberg
7722312033,,,768,49.5287878,12.5262272,,,bayern-260721
1238258139,Bisberg,,767,47.8504052,8.7100188,,,baden-wuerttemberg
35454882,Bussen,,767,48.1623379,9.5560622,Q464548,de:Bussen,baden-wuerttemberg
2276701077,Hirschberg,,767,49.7657656,12.37343,,,bayern-260721
9286717924,Hornkopf,,767,47.7040016,13.0478221,,,bayern-260721
3817112861,Laubberg,,767,50.5040358,12.4724909,Q31532212,,sachsen-260721
11388520554,Mühlberg,,767,48.154134,9.1148504,,,baden-wuerttemberg
270091875,Ponzaun,,767,48.60153,13.7788112,,,bayern-260721
8820381423,Rüttekopf,,767,47.7964327,7.7147972,,,baden-wuerttemberg
595980997,Utzenberg,,767,48.7747181,9.9571525,Q137787413,,baden-wuerttemberg
11021576851,,,767,50.7425445,13.9083131,,,sachsen-260721
8312104347,An den zwei Steinen,,766,49.8347436,7.2264722,Q482556,de:An den zwei Steinen,rheinland-pfalz-260721
437980823,Ebertsheide,,766,50.8184398,10.4950489,,,thueringen-260721
6405111944,Eckle,,766,48.1498803,8.0751112,,,baden-wuerttemberg
280084766,Heidertalskopf,,766,50.6470099,10.9206443,,,thueringen-260721
11619211641,Hohenreute,,766,47.8361044,9.2799899,,,baden-wuerttemberg
2979181447,Kahlheid,,766,49.7485082,7.1133629,Q1671010,,rheinland-pfalz-260721
1719390861,Scheibenberg,,766,48.8380707,13.2375691,,,bayern-260721
13388746568,Sonnenkopf,,766,51.7633381,10.4940462,Q31520308,,niedersachsen-260721
5537939885,Waldgutsberg,,766,50.36882,12.4825123,,,sachsen-260721
14022191634,,,766,48.6846284,8.2458615,,,baden-wuerttemberg
449335186,Altenschneeberg,,765,49.4373259,12.5474833,,,bayern-260721
1719388195,Brauerriegel,,765,48.8305919,13.2365928,,,bayern-260721
13399481999,Haidgauer Berg,,765,47.9198778,9.8240281,Q137567009,,baden-wuerttemberg
4799883718,Hohe Warte,,765,50.6961743,10.8305376,Q1623552,de:Hohe Warte (Elgersburg),thueringen-260721
11427466044,Kohlberg,,765,48.135172,9.2489784,,,baden-wuerttemberg
392047261,Krämerod,,765,50.7652843,10.5621894,,,thueringen-260721
3431112117,Lösershag,,765,50.3540102,9.9025659,Q31531527,,bayern-260721
757445160,Mauzenberg,,765,48.8086171,8.409214,Q31530955,,baden-wuerttemberg
3780876277,Rüstmeisterberg,,765,50.775002,13.7337256,,,sachsen-260721
13399432420,,,765,47.9198778,9.8240281,Q137567009,,baden-wuerttemberg
2561241266,,,765,50.5662999,10.8965783,,,thueringen-260721
7123897831,Brandkuppe,,764,50.4444009,11.0712948,,,thueringen-260721
13969209263,Flanitzhübel,,764,48.9476885,13.3215558,,,bayern-260721
4104433136,Franzenbichel,,764,47.7291521,10.8451233,,,bayern-260721
6449540136,Froschberg,,764,48.0192813,8.4867808,Q30742733,,baden-wuerttemberg
3577415681,Großes Riesenhaupt,,764,50.5761093,10.8553564,Q30659825,,thueringen-260721
11369196184,Hahnenbühl,,764,48.5600143,9.7091777,,,baden-wuerttemberg
75082070,Hoherodskopf,,764,50.5111488,9.2272504,Q1290651,de:Hoherodskopf,hessen-260721
10969477048,Kienberg,,764,48.51936,8.42492,Q31353552,,baden-wuerttemberg
281419452,Kleine Hohe Warte,,764,50.6102261,10.8509389,,,thueringen-260721
2454177962,Kreuzberg,,764,48.3439273,9.549159,Q31329623,,baden-wuerttemberg
11427466042,Mettenberg,,764,48.1429775,9.232266,,,baden-wuerttemberg
13116955173,Mühldemmelberg,,764,48.6717028,13.8079816,,,bayern-260721
12196970402,Rotschwanzelhöhe,,764,49.2090116,13.0550408,,,bayern-260721
4157882623,Schuppenberg,,764,50.4351202,12.5175747,,,sachsen-260721
5325768221,Sieglitzkopf,,764,50.7175045,10.7615351,Q31318239,,thueringen-260721
392353633,Teisenkopf,,764,48.317981,8.3345777,,,baden-wuerttemberg
476018154,,,764,47.7926074,10.8619994,,,bayern-260721
1270615552,,,764,47.6641724,11.5965743,,,bayern-260721
1768909551,,,764,47.8627115,11.0083159,,,bayern-260721
13685671489,Baulesberg,,763,49.0279358,12.8540039,,,bayern-260721
2347281696,Galgenberg,,763,47.7888344,10.6284497,,,bayern-260721
1592846092,Grauer Stuhl,,763,50.8160634,10.4991429,Q30650944,,thueringen-260721
1798091663,Hirschkopf,,763,48.5315968,8.1974964,Q30609655,,baden-wuerttemberg
6449424357,Hochruck,,763,48.0228926,8.4838896,,,baden-wuerttemberg
5326031159,Lange Leite,,763,50.5827945,10.7784588,,,thueringen-260721
8297026025,Ludwigstanne,,763,48.6977948,8.5804676,,,baden-wuerttemberg
2658962547,Ruppelstein,,763,49.7012125,7.0596122,Q1463924,de:Ruppelstein,rheinland-pfalz-260721
909046671,Töpfersbühl,,763,50.5698322,11.25816,Q2464092,,thueringen-260721
6441535357,Wieselsberg,,763,48.0747931,8.4804514,Q30508236,,baden-wuerttemberg
11427466045,Zwerchkopf,,763,48.1334556,9.2426224,,,baden-wuerttemberg
10428741996,,,763,48.4820184,9.7229507,,,baden-wuerttemberg
2268310238,,,763,47.7103247,11.1050203,,,bayern-260721
469825152,,,763,51.7210898,10.3872346,,,niedersachsen-260721
1610772573,Augstberg,,762,48.6081543,9.6581435,Q30608143,,baden-wuerttemberg
11427466043,Frauenstock,,762,48.1294203,9.2378996,,,baden-wuerttemberg
13719392575,Kühberg,,762,48.9205394,13.1382322,,,bayern-260721
5537939886,Lämpelberg,,762,50.3635645,12.4804698,,,sachsen-260721
5325760140,Lärchenkopf,,762,50.7223438,10.7398263,,,thueringen-260721
11388602612,Ochsenberg,,762,48.0989569,9.1059455,,,baden-wuerttemberg
339259338,Riesterkopf,,762,47.8425857,7.7384682,Q31560285,,baden-wuerttemberg
3118215151,Sandburren,,762,48.3848287,9.645598,Q31337586,,baden-wuerttemberg
13719392576,Sattelberg,,762,48.9160766,13.1550443,,,bayern-260721
2824826781,Schalke,,762,51.8508333,10.3833333,Q2230367,de:Schalke (Harz),niedersachsen-260721
13428397704,Sättele,,762,48.4344181,9.2268091,,,baden-wuerttemberg
7721740184,,,762,50.0064427,11.7330551,,,bayern-260721
8350563493,,,762,47.4883623,11.058397,,,bayern-260721
1460235443,Fuchseck,,761,48.6374274,9.6866473,Q870272,,baden-wuerttemberg
7096567548,Gersheit,,761,50.6025218,10.8348736,,,thueringen-260721
392047343,Glasberg/ Hohe Leite,,761,50.7836836,10.5503991,,,thueringen-260721
10435356811,Jörgenbühl,,761,48.3706167,9.4153434,,,baden-wuerttemberg
7096655338,Kleines Riesenhaupt,,761,50.5696985,10.8623923,Q31339139,,thueringen-260721
1795609571,Muglberg,,761,49.9380346,12.4586458,,,bayern-260721
897096571,Rodeberg,,761,50.5062519,11.2247097,,,thueringen-260721
5537939879,Saurücken,,761,50.4212163,12.5211259,,,sachsen-260721
3391696510,Suppinger Berg,,761,48.4487107,9.7198524,,,baden-wuerttemberg
7399639022,,,761,47.732177,7.7220565,,,baden-wuerttemberg
270091904,,,761,48.6495254,13.8208682,,,bayern-260721
483412907,,,761,47.8324159,10.9612596,,,bayern-260721
1607004544,,,761,47.7532608,10.8849383,,,bayern-260721
7695607383,,,761,49.867119,12.5139427,,,bayern-260721
3607780338,Arberblick,,760,49.3148393,12.7139711,,,bayern-260721
1261947293,Benzenmahd,,760,48.5722297,9.5942519,,,baden-wuerttemberg
4104433138,Breitbichel,,760,47.7199481,10.8384764,,,bayern-260721
13414116034,Breitenstein,,760,48.986737,13.0267381,,,bayern-260721
1262237927,Döllberg,,760,50.6053086,10.725528,Q973932,,thueringen-260721
3451665464,Eckartsberg,,760,50.4714016,10.9276666,Q30790947,,thueringen-260721
268521407,Huberfelsen,,760,48.210361,8.1718718,Q15115282,de:Huberfelsen,baden-wuerttemberg
7096637921,Kleine Hohe Warte,,760,50.6131921,10.8432449,,,thueringen-260721
4489977832,Malá Luž,Kleine Lausche,760,50.8496353,14.6456551,,,sachsen-260721
274105263,Rinkenkopf,,760,48.5156372,8.3643559,Q20180113,,baden-wuerttemberg
11415748179,Rosslet,,760,48.169582,9.3782121,,,baden-wuerttemberg
7119910525,Schanze,,760,50.5620799,11.1492345,,,thueringen-260721
446100510,Schatzenstein,,760,50.5936523,12.8433549,Q1589345,de:Schatzenstein,sachsen-260721
4104433133,Schweinberg,,760,47.724221,11.0799219,Q31321251,,bayern-260721
2883551823,Steigberg,,760,48.4758432,9.2924933,Q31519446,,baden-wuerttemberg
7418537750,Unterer Hermannsbergstein,,760,50.7029765,10.6089257,,,thueringen-260721
1238258152,Wannenberg,,760,47.8266182,8.6683833,Q31559419,,baden-wuerttemberg
639219876,Wolfswinkelberg,,760,49.6769472,12.4476039,Q30504177,,bayern-260721
247094423,Wollenfels,,760,48.4492994,9.2734404,,,baden-wuerttemberg
3060393946,Zeupelsberg,,760,50.4906836,10.9650407,Q30502543,,thueringen-260721
441917912,Zuckerhut,,760,50.6421887,10.7578452,,,thueringen-260721
7110612095,Ölberg,,760,50.744035,10.6363474,,,thueringen-260721
2454177964,,,760,48.3461312,9.5521504,,,baden-wuerttemberg
13909238958,,,760,50.7459198,10.6690156,,,thueringen-260721
363926353,Bubenbader Stein,,759,50.5382438,9.9112087,Q15108121,de:Bubenbader Stein,hessen-260721
11369276358,Fockenberg,,759,48.3094438,9.4103754,,,baden-wuerttemberg
1591547028,Forstköpfle,,759,48.4344258,8.0949919,Q31562262,,baden-wuerttemberg
3239839912,Fuchsenstein,,759,48.7699484,13.7394357,,,bayern-260721
4166424272,Hohenrain,,759,47.8929727,10.1736874,Q137040478,,bayern-260721
261112248,Kapellenberg,,759,50.1881808,12.3002346,Q1728496,,sachsen-260721
597691210,Kleiner Burgberg,,759,50.5782237,10.9026592,,,thueringen-260721
10764160961,Kleiner Riedstein,,759,48.9133056,13.064332,,,bayern-260721
11527414396,Kogel,,759,47.9086009,11.5845824,Q124307532,de:Kogel (Dietramszell),bayern-260721
8293248774,Mlžný vrch,Nebelberg,759,50.3356085,12.4471312,,,sachsen-260721
6274643820,Richters Kuppe,,759,50.7590589,13.6217876,,,sachsen-260721
6306388785,Schneidberg,,759,50.3171247,11.5955485,Q2247510,,bayern-260721
1891352446,Weiherkuppe,,759,50.5124869,9.9129359,Q23786378,,hessen-260721
851320241,,,759,48.3787995,9.2569735,,,baden-wuerttemberg
3268561318,,,759,50.6084313,13.3129421,,,sachsen-260721
575957697,Heidenburren,,758,48.7766546,9.9504391,Q30767639,,baden-wuerttemberg
3281771371,Hüttenberg,,758,50.0013448,11.8197151,,,bayern-260721
7120209733,Jungferbornskopf,,758,50.5121878,11.046761,,,thueringen-260721
3297101579,Katzenhübel,,758,50.6377662,13.4690444,,,sachsen-260721
366529079,Kohlwald,,758,48.4619791,9.3221936,,,baden-wuerttemberg
13089508323,Ochsenberg,,758,48.8915758,13.1261426,,,bayern-260721
10797352204,Schanzenberg,,758,48.8558705,13.1968975,,,bayern-260721
7108152990,Schartekopf,,758,50.8170828,10.4740756,,,thueringen-260721
6394747801,Scherenberg,,758,48.2716827,8.2639328,Q31566679,,baden-wuerttemberg
7120170167,Schloßhügel,,758,50.5223759,11.1220099,Q31327439,,thueringen-260721
5537939849,Sonnenberg,,758,50.4855659,12.8003368,,,sachsen-260721
281396600,Steinberg,,758,50.6350402,10.9411209,,,thueringen-260721
3431328081,Auersberg,,757,50.5976419,10.0096522,Q759281,,hessen-260721
3673432656,Auf der Schanz,,757,49.2534585,13.049184,,,bayern-260721
442939319,Brückelberg,,757,49.737662,12.3633993,,,bayern-260721
13458410867,Eierberg,,757,48.7346738,9.8826042,,,baden-wuerttemberg
7123926169,Hammerleite,,757,50.437875,11.2507015,,,thueringen-260721
5235397103,Rehhagkopf,,757,47.9671909,7.8826206,,,baden-wuerttemberg
799513608,Sandkopf,,757,49.6778938,7.0271638,Q1500989,de:Sandkopf (Neuhütten),rheinland-pfalz-260721
3210799966,Schnetter Berg,,757,50.5126845,10.8933079,Q31325419,,thueringen-260721
1460235438,Schorn,,757,48.6263159,9.6817017,,,baden-wuerttemberg
2408870635,Steingeruettelkopf,,757,49.8104176,7.1847594,Q2340721,de:Steingerüttelkopf,rheinland-pfalz-260721
1104620524,Stuifen,,757,48.7434698,9.818628,Q2358969,de:Stuifen,baden-wuerttemberg
4724995502,,,757,48.8593937,13.1574854,,,bayern-260721
3268522761,,,757,50.6149553,13.3138091,,,sachsen-260721
9205039752,Baderlehenkopf,,756,47.6367037,12.9849634,,,bayern-260721
13692064643,Bartlberg,,756,49.0853278,12.7951133,,,bayern-260721
575836016,Bärenberg,,756,48.7639402,9.976573,Q30712994,,baden-wuerttemberg
7069754282,Gebirgsstein,,756,50.342328,9.9261957,,,bayern-260721
465281118,Irschenberg,,756,47.8295206,11.918891,Q31559239,,bayern-260721
3210799968,Kleiner Sauberg,,756,50.4951326,10.9866798,Q31339878,,thueringen-260721
13116975603,Kühberg,,756,48.7951218,13.5858381,,,bayern-260721
800566596,Liebenstein,,756,50.524929,12.9607793,Q31531800,,sachsen-260721
557260674,Magnetenberg,,756,50.4978969,12.7756884,,,sachsen-260721
3558936002,Rückersbiel,,756,50.5253069,11.1623348,Q2203226,de:Rückersbiel,thueringen-260721
10763675182,Scheuerberg,,756,48.8847515,12.9960108,,,bayern-260721
2966527089,Sommerberg,,756,50.5404265,10.8995432,Q31316511,,thueringen-260721
7128940781,Straßenberg,,756,50.4269852,11.0520979,Q31303831,,thueringen-260721
321561675,Tellkoppe,,756,50.807413,13.6874328,Q31299894,,sachsen-260721
5537938585,Welzberg,,756,50.6874419,13.5364973,,,sachsen-260721
10274391014,,,756,48.0218119,9.0601304,,,baden-wuerttemberg
3925287380,,,756,51.721446,10.3749591,,,niedersachsen-260721
1022492185,Hinterer Kegelberg,,755,50.3158392,12.4000931,Q31540734,,sachsen-260721
7703986887,Hirschensprung,,755,49.9778526,11.9840884,,,bayern-260721
897096562,Hirschstein,,755,50.5144474,11.2329054,,,thueringen-260721
1805182012,Hirtenbuckel (Hirtabichi),,755,47.7119761,11.2523472,,,bayern-260721
575947787,Hochberg,,755,48.7794041,9.9447723,Q30725317,,baden-wuerttemberg
639219877,Hochberg,,755,49.680492,12.4384087,,,bayern-260721
2387753317,Hochfels,,755,49.5070814,12.6171715,Q57585905,,bayern-260721
7533292714,Lachsberg,,755,48.6561848,8.3429468,Q31323308,,baden-wuerttemberg
814886704,Neufanger Berg,,755,48.74917,13.65305,,,bayern-260721
3258612962,Oberer Kühberg,,755,48.9924344,13.2624516,,,bayern-260721
13791657159,Pfaffenberg,,755,48.8989407,13.2470441,,,bayern-260721
1085744178,Pleysteiner Sulzberg,,755,49.6647731,12.4842952,Q31527846,,bayern-260721
6412085793,Steinberg,,755,50.46483,10.9916198,,,thueringen-260721
13719392577,Stierberg,,755,48.916267,13.1483173,,,bayern-260721
7110357010,Trockentalskopf,,755,50.7546284,10.6695794,,,thueringen-260721
1260119674,,,755,47.6954846,11.5449338,,,bayern-260721
3371919368,,,755,50.5900447,13.3076169,,,sachsen-260721
2033227374,Bargauer Horn,,754,48.7639548,9.9083224,Q30712511,,baden-wuerttemberg
359984311,Bloßenberg,,754,48.3840598,9.3072008,,,baden-wuerttemberg
10303534274,Bozenberg,,754,48.1635071,9.309731,,,baden-wuerttemberg
5565942390,Brandenstein,,754,47.6403529,11.3636638,,,bayern-260721
2883551824,Drackenberg,,754,48.4791957,9.2824025,Q31549300,,baden-wuerttemberg
250070038,Drehberg,,754,50.8534025,10.4365982,Q1256405,,thueringen-260721
11662921221,Freyberg,,754,47.8459684,10.6574428,,,bayern-260721
11388520555,Ghaibühl,,754,48.1395728,9.1375027,,,baden-wuerttemberg
351117921,Kreuzberg,,754,48.3820932,9.2877816,Q31533285,,baden-wuerttemberg
2090711660,Ramersberg,,754,47.8338378,10.6362948,,,bayern-260721
1751528895,Steinbühl,,754,48.841942,13.4354913,,,bayern-260721
1625869173,,,754,47.8496179,10.9359517,,,bayern-260721
6429005960,,,754,47.8903531,10.1761991,,,bayern-260721
7694813591,,,754,49.7194297,12.4062252,,,bayern-260721
1123271177,Binsberg,,753,47.8785655,11.5475893,,,bayern-260721
12196667179,Hausberg,,753,49.1849223,13.0950379,,,bayern-260721
7029981597,Kalvarienberg,,753,47.9074735,10.9633466,,,bayern-260721
6397237634,Rappenstein,,753,48.2502056,8.2442409,,,baden-wuerttemberg
2276701188,Rehberg,,753,49.6942893,12.4095788,Q32251088,,bayern-260721
13724176401,Riedhügel,,753,48.9389928,13.1535852,,,bayern-260721
348349906,Sieben Ahorn,,753,50.5358322,9.2294518,Q2282165,,hessen-260721
10435356812,Wahlenberg,,753,48.3713222,9.3599861,,,baden-wuerttemberg
7721745066,,,753,49.9982795,11.8125477,,,bayern-260721
6374563935,Ebinger Turm,,752,48.0914879,9.0701218,,,baden-wuerttemberg
1130019794,Gehrenberg,,752,47.741772,9.424293,Q538262,de:Gehrenberg,baden-wuerttemberg
3328133786,Geiersberger Höhe,,752,50.009687,11.7899825,,,bayern-260721
1453628790,Hillenwang,,752,48.5981235,9.6259545,,,baden-wuerttemberg
1631533588,Hoher Sachsen,,752,48.8620758,13.3732777,,,bayern-260721
1657716189,Kathlfelsen,,752,49.3180677,12.7080333,,,bayern-260721
2463557140,Kernberg,,752,50.7415212,10.5509288,,,thueringen-260721
13706887753,Kleiner Sauruck,,752,48.9545369,13.3133483,,,bayern-260721
5537938618,Krinitzberg,,752,50.4941864,12.5675221,Q31533139,,sachsen-260721
12227831130,Kühberg,,752,49.0831986,13.2143426,Q31532877,,bayern-260721
7477018512,Kühbuck,,752,47.6744728,8.2036775,,,baden-wuerttemberg
10797352139,Leitenbühl,,752,48.8596187,13.1576675,,,bayern-260721
10274391012,Mittelberg,,752,48.0883969,9.0866975,,,baden-wuerttemberg
7126867476,Oberberg,,752,48.5863083,9.7146391,,,baden-wuerttemberg
6396756804,Retschenkopf,,752,48.2580036,8.2619714,Q30618824,,baden-wuerttemberg
13725789208,Reutberg,,752,48.8690269,13.2270992,,,bayern-260721
1123508867,Streitberg,,752,47.8179277,11.5906059,,,bayern-260721
12264929279,Vršina,,752,50.3635653,12.4921584,,,sachsen-260721
802827791,,,752,47.7581134,7.6768628,,,baden-wuerttemberg
3405418623,Hasenberg,,751,50.0060455,11.8602399,Q30620038,,bayern-260721
304235386,Hohe Geba,,751,50.5900222,10.2705372,Q1496799,de:Gebaberg,thueringen-260721
10969602356,Horn,,751,48.54005,8.45866,,,baden-wuerttemberg
13184301534,Kasseler Kuppe,,751,51.2254727,9.8596471,Q777933,de:Kasseler Kuppe,hessen-260721
7721764088,Krügelhöhe,,751,49.9853794,11.7854011,,,bayern-260721
280086024,Köhlerberg,,751,50.6315113,10.9168549,Q31335172,,thueringen-260721
6397237616,Markgrafeneck,,751,48.2249256,8.2393321,Q31566630,,baden-wuerttemberg
7096637923,Rennwegkopf,,751,50.5939858,10.8710246,,,thueringen-260721
897130009,Rotschnabel,,751,50.5551459,11.2569505,Q31345504,,thueringen-260721
10764160962,Schachel,,751,48.9120858,13.0734837,,,bayern-260721
448443916,Wasserberg,,751,48.6365985,9.7116888,Q2550756,de:Wasserberg (Schwäbische Alb),baden-wuerttemberg
282270851,Wüstrumnei,,751,50.6831276,10.8090715,,,thueringen-260721
7107792347,,Michelsberg,751,48.6185811,9.7710876,Q22117407,,baden-wuerttemberg
1805182030,,,751,47.7193262,11.2726499,,,bayern-260721
7721693083,,,751,49.9365135,12.1130061,,,bayern-260721
5082386399,Auchhalderkopf,,750,48.7402259,8.534473,,,baden-wuerttemberg
2268300232,Berndorfer Buchet,,750,47.9167392,11.2190043,,,bayern-260721
270091935,Geißberg,,750,48.7017805,13.772803,,,bayern-260721
6441535359,Hankenberg,,750,48.0799952,8.5294189,,,baden-wuerttemberg
8932850965,Heinrichsbacher Stein,,750,50.6806871,10.6676468,,,thueringen-260721
5537938577,Hirschhübel,,750,50.7152786,13.6142707,Q30732225,,sachsen-260721
2280896624,Hoher Rainstein,,750,49.5330686,12.4166006,Q31538900,,bayern-260721
1143774785,Jasberg,,750,47.8899676,11.6375893,,,bayern-260721
2276701083,Kühtränkberg,,750,49.6947967,12.4141147,,,bayern-260721
3036580439,Stangenberg,,750,49.5442389,12.4795138,Q31519670,,bayern-260721
5551151322,Steinbügel,,750,49.2494402,13.0516171,,,bayern-260721
1337343291,Wappbachkopf,,750,47.7133958,12.8926686,,,bayern-260721
1460235422,Degginger Berg,,749,48.602817,9.6939481,,,baden-wuerttemberg
2824826776,Haspelkopf,,749,51.7204444,10.3686944,Q16738167,,niedersachsen-260721
270091271,Hochwald/Hvozd,Hochwald,749,50.8225137,14.7263866,Q453198,cs:Hvozd (Lužické hory),sachsen-260721
13610231174,Höhberg,,749,47.858058,10.0563848,Q138639648,,baden-wuerttemberg
606492368,Kohlbichel,,749,48.9518062,13.2528126,,,bayern-260721
10997686092,Kuželka,,749,50.3159995,12.4005897,,,sachsen-260721
13686087908,Lindberg,,749,49.070935,12.8346169,,,bayern-260721
247106296,Lindenberg,,749,50.6664354,10.9069535,Q1826064,de:Lindenberg (Thüringer Wald),thueringen-260721
424067477,Messelberg,,749,48.689996,9.8308316,Q1924095,,baden-wuerttemberg
521856615,Schwarzer Kopf,,749,50.6425254,10.6412212,Q31321425,,thueringen-260721
7108108817,Spießberg,,749,50.8212214,10.5392818,Q31313991,,thueringen-260721
1489336083,Spitzberg,,749,50.789682,13.6738992,,,sachsen-260721
12179766745,Thürnsteiner Berg,,749,49.1758472,13.0561459,,,bayern-260721
7100304002,Weissberg,,749,50.4908869,10.9758105,,,thueringen-260721
7117522523,Wurmberg,,749,50.5789616,11.1566659,,,thueringen-260721
7722260053,,,749,49.5040464,12.594645,,,bayern-260721
7693168588,Eibelberg,,748,49.7308331,12.368659,,,bayern-260721
2455697061,Förchenbichel,,748,49.0737042,12.8320742,,,bayern-260721
2271935736,Hohe Buche,,748,50.5664291,10.8197516,Q1623444,,thueringen-260721
5325760137,Mittelberg,,748,50.7169248,10.7136214,,,thueringen-260721
3410465762,Mühlberg,,748,50.0102072,11.8544846,,,bayern-260721
2473237584,Schnepfkopf,,748,50.6647822,10.8179759,,,thueringen-260721
2933994328,Schwangbühl,,748,49.5281261,12.3816117,Q31521657,,bayern-260721
7120253741,Suhle,,748,50.4767087,11.2996418,,,bayern-260721
7120253738,Zigeunerebene,,748,50.4870374,11.2125403,,,thueringen-260721
4807103552,,,748,48.491544,9.7387543,,,baden-wuerttemberg
12175543868,,,748,50.7075537,13.5795121,,,sachsen-260721
8269476577,Großer Weißenberg,,747,50.8496528,10.4092937,Q30658048,,thueringen-260721
87123736,Hohe Acht,,747,50.386131,7.0110526,Q315110,de:Hohe Acht,rheinland-pfalz-260721
7096637925,Hohe Schlaufe,,747,50.6087195,10.9573774,,,thueringen-260721
2824826777,Hohe Wand,,747,51.810264,10.6625181,Q16738160,,sachsen-anhalt-260721
631665611,Hückel,,747,50.5973803,10.8158696,Q30666940,,thueringen-260721
3424434230,Lauersberg,,747,50.6346241,10.8478141,,,thueringen-260721
7096622894,Lauersberg,,747,50.6319678,10.8437948,,,thueringen-260721
1460235411,Leimberg,,747,48.5890064,9.6811025,Q31318207,,baden-wuerttemberg
1315359742,Lützelalb,,747,48.7117291,9.896883,,,baden-wuerttemberg
7096701079,Märterskopf,,747,50.5506348,10.9135441,,,thueringen-260721
11415748174,Rammelesberg,,747,48.1826277,9.2259294,,,baden-wuerttemberg
1231109155,Schnittlein,,747,50.1579864,11.9142336,,,bayern-260721
1805182076,,,747,47.7191569,11.2508564,,,bayern-260721
7721732988,,,747,49.9059264,12.0842957,,,bayern-260721
12175543880,,,747,50.7317551,13.8720153,,,sachsen-260721
281420293,Große Hohe Warte,,746,50.6184355,10.8422313,,,thueringen-260721
2710889471,Großer Jägerkopf,,746,51.8147621,10.6657562,Q30661426,,sachsen-anhalt-260721
3028417910,Großer Rödel,,746,50.6612976,10.8299136,,,thueringen-260721
588979008,Idarkopf,,746,49.861418,7.2708555,Q1656629,,rheinland-pfalz-260721
416634867,Kirchberg,,746,48.9036564,13.1818022,,,bayern-260721
851320257,Loh,,746,48.3838666,9.2708202,,,baden-wuerttemberg
852919044,Rudersberg,,746,48.4047255,9.3163749,Q31524628,,baden-wuerttemberg
1393493683,Schneeberg,,746,49.6842063,12.4865601,Q31522301,,bayern-260721
1315353501,Schöner Berg,,746,48.7129685,9.9327929,Q31324617,,baden-wuerttemberg
11388620451,Steinberg,,746,48.0559494,9.1008073,,,baden-wuerttemberg
1741706571,Unterer Geiersberg,,746,50.6452428,10.7337647,,,thueringen-260721
5440168352,,,746,49.3303803,12.7069555,,,bayern-260721
7717938406,,,746,49.331471,12.7067399,,,bayern-260721
1460235427,Autenwang,,745,48.6128208,9.6681055,Q30717200,,baden-wuerttemberg
1165314740,Buchschirmberg,,745,50.5724259,10.03035,Q998762,de:Buchschirm,hessen-260721
270091914,Gollnerberg,,745,48.6882969,13.7983899,,,bayern-260721
7722309558,Gradelhöhe,,745,49.5338293,12.5760305,Q31545002,,bayern-260721
483466569,Hoher Bühel,,745,47.8466934,10.9685433,,,bayern-260721
3393535827,Hügel,,745,50.0484185,11.8061322,,,bayern-260721
13696088468,Kellerberg,,745,49.0464761,13.2408213,,,bayern-260721
1602104517,Kleiner Buchenberg,,745,50.7524751,10.6209927,,,thueringen-260721
8595358955,Liliputaner,,745,50.7382858,10.6549774,,,thueringen-260721
483593893,Merauthberg,,745,47.8286707,11.0370591,,,bayern-260721
3942355134,Riedstein,,745,48.9381768,13.2396828,,,bayern-260721
471037857,Ringberg,,745,50.6164515,10.7219423,Q2153548,,thueringen-260721
7120135682,Steinbiel,,745,50.5334836,11.1396543,Q31307804,,thueringen-260721
445077391,Stoßberg,,745,47.8815426,10.8734498,,,bayern-260721
1329432528,Tiessenberg,,745,48.6619491,13.614023,Q31517373,,bayern-260721
270091853,Vorholzberg,,745,48.5615558,13.7225062,,,bayern-260721
1625868978,,,745,47.8159815,10.9654254,,,bayern-260721
1625869144,,,745,47.8322531,11.0106549,,,bayern-260721
1602557838,Altenstein,,744,48.88844,13.3789501,,,bayern-260721
1795603010,Birkenberg,,744,49.9445747,12.3998227,Q31552452,,bayern-260721
5242995886,Haarberg,,744,48.6314808,9.7322699,Q31543022,,baden-wuerttemberg
2805924249,Hochwald,,744,50.8255998,14.7277327,Q453198,de:Hochwald (Zittauer Gebirge),sachsen-260721
279823292,Hünersedel,,744,48.2045975,7.9718674,Q885064,,baden-wuerttemberg
280086363,Kleiner Helmsberg,,744,50.6339921,10.8913225,,,thueringen-260721
7112906555,Schieferrand,,744,50.6242594,11.01198,,,thueringen-260721
440243564,Volkmarsberg,,744,48.7921262,10.0863511,Q2531545,de:Volkmarsberg,baden-wuerttemberg
765737740,Wildstein,,744,49.521198,12.406944,Q15992150,de:Wildstein (Oberpfälzer Wald),bayern-260721
367821919,Emmet,,743,51.2687563,8.6421997,Q1338706,,hessen-260721
2482592851,Erkenberg,,743,48.5880041,9.574413,Q30769119,,baden-wuerttemberg
3359924597,Gabelskopf,,743,50.7624991,10.5596636,,,thueringen-260721
6389608042,Gießübel,,743,48.1675879,8.1052663,,,baden-wuerttemberg
899380929,Gänskopf,,743,49.9425141,11.7889961,,,bayern-260721
5037378838,Hohenneuffen,,743,48.5557598,9.3927261,Q31539160,,baden-wuerttemberg
7096637920,Reifberg,,743,50.6255592,10.8417737,Q31359298,,thueringen-260721
6819677308,Sauberg,,743,49.9872284,11.7171338,,,bayern-260721
1767677490,Sperber,,743,47.8642753,10.9329934,,,bayern-260721
10283097237,,,743,47.7053014,7.7818973,,,baden-wuerttemberg
7694798709,,,743,49.7461418,12.3805833,,,bayern-260721
597693905,,,743,50.5723072,10.9018695,,,thueringen-260721
7717933012,Galgenberg,,742,49.3980995,12.7274787,Q31546275,,bayern-260721
2388719375,Haidstein,,742,49.2160822,12.8065002,Q31542692,,bayern-260721
5537939826,Hirschknochen,,742,50.4887635,12.6577405,Q31540301,,sachsen-260721
5537939839,Kleiner Hemmberg,,742,50.4903611,12.9143402,Q31534612,,sachsen-260721
7722312032,Luderberg,,742,49.5216913,12.5245106,,,bayern-260721
359985746,Ruhlenberg,,742,48.3911028,9.3011176,,,baden-wuerttemberg
2483879451,Sauhübel,,742,49.7805231,12.3707134,,,bayern-260721
826281885,Schanzberg,,742,49.9796002,11.7771946,,,bayern-260721
7108864508,Spitze,,742,50.7706865,10.6736139,,,thueringen-260721
12175543867,,,742,50.7108911,13.5784321,,,sachsen-260721
12175543881,,,742,50.7452526,13.819831,,,sachsen-260721
909083152,,,742,50.5645509,11.2372307,,,thueringen-260721
7120222272,Glashügel,,741,50.4879956,11.2848443,Q30681172,,thueringen-260721
3048682895,Hinterer Ringberg,,741,49.9959111,11.9140822,,,bayern-260721
7096701080,Kahr,,741,50.555456,10.9239041,,,thueringen-260721
12178011582,Kühberg,,741,49.0821938,13.0795777,,,bayern-260721
6934463105,Reicheltberg,,741,50.6425207,13.4451742,,,sachsen-260721
7142518661,,,741,47.7031137,8.2597859,,,baden-wuerttemberg
7717755567,,,741,49.7560407,12.3572051,,,bayern-260721
12175543871,,,741,50.710479,13.5943815,,,sachsen-260721
4104433147,Annaberg,,740,47.7104912,11.1224856,,,bayern-260721
12934797495,Biesenberg,,740,47.8244075,8.4840202,,,baden-wuerttemberg
6394747800,Brechhöhe,,740,48.2794119,8.2574281,,,baden-wuerttemberg
1417936137,Büscherl,,740,49.02673,12.5536376,,,bayern-260721
285924034,Dolmar,,740,50.6245384,10.4787244,Q1235830,de:Dolmar,thueringen-260721
10352517553,Dutzenberg,,740,48.5506702,9.7442127,,,baden-wuerttemberg
1767677486,Eselsberg,,740,47.8763845,10.9415886,,,bayern-260721
7694798705,Gänsbühl,,740,49.7515352,12.3764634,,,bayern-260721
5077620386,Hagenberg,,740,49.3039689,12.7138315,Q31542869,,bayern-260721
8538567966,Hockenbühl,,740,48.1924805,7.9717457,,,baden-wuerttemberg
2966527085,Holzberg,,740,50.5240298,10.9134457,Q31538193,,thueringen-260721
5537939887,Körnerberg,,740,50.3570983,12.4832904,,,sachsen-260721
529050313,Rennberg,,740,48.8045351,8.4195989,,,baden-wuerttemberg
10933584052,Rettenbacher Leiten,,740,48.9764795,12.8454934,,,bayern-260721
3420031794,Sonnenkopf,,740,51.7595326,10.4882976,Q31520308,,niedersachsen-260721
1140666911,Streufelsberg,,740,50.5697111,10.1122797,Q19965536,,thueringen-260721
2268293338,,,740,47.9313911,11.223254,,,bayern-260721
12197240268,,,740,49.2194612,13.0360937,,,bayern-260721
12175543882,,,740,50.7311433,13.846003,,,sachsen-260721
7108864507,Auerhahnsbalze,,739,50.7808026,10.6662471,,,thueringen-260721
775976318,Diebskopf,,739,49.6728685,7.0050344,Q31549658,,rheinland-pfalz-260721
5537938574,Kahle Höhe,,739,50.7680391,13.6526933,Q30651676,,sachsen-260721
558897474,Kopfstein,,739,49.736102,12.3846194,Q31533471,,bayern-260721
7120170166,Lindigkopf,,739,50.5268332,11.0829506,Q31313405,,thueringen-260721
282270769,Mittelberg,,739,50.6878419,10.8138817,,,thueringen-260721
12368389985,Teufelsberg,,739,48.8964509,13.4641742,,,bayern-260721
11782603488,Trappshalde,,739,48.6810262,8.2268276,,,baden-wuerttemberg
7107705311,Zigeunerkopf,,739,50.8438397,10.4244754,,,thueringen-260721
367821908,Auf'm Knoll,,738,51.2634161,8.6414739,Q760175,,hessen-260721
413873039,Dommel,,738,51.3319196,8.6697489,Q981054,de:Dommel (Berg),hessen-260721
13128211719,Eisenberg,,738,47.810948,11.6520428,,,bayern-260721
10784608737,Ettenbohl,,738,47.919506,8.8681484,,,baden-wuerttemberg
1795603013,Heidelberg,,738,49.9515614,12.3898642,Q31541886,,bayern-260721
1106341727,Hemmesberg,,738,47.708245,11.2557425,,,bayern-260721
8757774216,Hutberg,,738,50.75518,13.8167078,,,sachsen-260721
2460304775,Königsknübel,,738,50.6561515,10.7092596,,,thueringen-260721
2371892102,Musenberg,,738,51.2733112,8.6246941,Q31301165,,hessen-260721
604223755,Nördlicher Erbskopf,,738,50.6489118,10.8872485,,,thueringen-260721
7466650570,Raunerberg,,738,50.3448854,12.3730019,,,sachsen-260721
1123506584,Spöttberg,,738,47.8336345,11.5710169,,,bayern-260721
1637742696,Türkenberg,,738,48.8725515,13.3214406,,,bayern-260721
6200435802,,,738,50.5834766,10.0944401,,,thueringen-260721
1610772577,Bühl,,737,48.6126133,9.6513296,,,baden-wuerttemberg
7123976752,Fichteberg,,737,50.4448515,11.471586,Q30755588,,thueringen-260721
4104433165,Hocheck,,737,47.6724994,11.112206,,,bayern-260721
5537939845,Hohe Henne,,737,50.5204238,12.7513944,,,sachsen-260721
7028811948,Kranzbühl,,737,47.8898992,10.9541715,,,bayern-260721
7722309556,Lindauer Berg,,737,49.5367049,12.567544,,,bayern-260721
1171166287,Platzer Kuppe,,737,50.2903947,9.9216428,Q15840638,de:Platzer Kuppe,bayern-260721
243452705,Rosskopf,,737,48.0102021,7.902544,Q402832,de:Roßkopf (Breisgau),baden-wuerttemberg
1252891688,Schindelberg,,737,50.1626462,11.9085112,,,bayern-260721
12175543869,,,737,50.7091965,13.5580909,,,sachsen-260721
909016531,Alter Söll,,736,50.3914773,12.3292028,,,sachsen-260721
2897210747,Barmkapf,,736,48.4314788,9.164702,,,baden-wuerttemberg
13394874597,Berg,,736,47.8467878,9.4883831,Q137534925,,baden-wuerttemberg
2468988794,Buckerberg,,736,50.4844318,12.6372321,Q31550473,,sachsen-260721
3431191247,Gangolfsberg,,736,50.4653951,10.0862752,Q1493517,de:Gangolfsberg (Rhön),bayern-260721
3210799459,Goldberg,,736,50.5037881,10.9912466,Q30672436,,thueringen-260721
9438378420,Hippensbachhöhe,,736,48.1621114,8.2304629,,,baden-wuerttemberg
2561241264,Hohenofenkopf,,736,50.5530413,10.8917748,Q30710765,,thueringen-260721
10265679968,Karlseichen,,736,47.9552112,8.6108639,,,baden-wuerttemberg
3905666804,König-Friedrich-August-Höhe,,736,50.7084373,13.4578647,Q31334141,,sachsen-260721
5326056999,Leitelstaler Kopf,,736,50.6316698,10.827644,,,thueringen-260721
2700637279,Mittelhauk,,736,50.6966937,10.6598341,,,thueringen-260721
851285561,Pfaffenberg,,736,48.3738724,9.2576247,,,baden-wuerttemberg
10797320169,Ranzinger Vorberg,,736,48.8708688,13.142792,Q31527110,,bayern-260721
1853383521,Schöneleite,,736,50.8589722,10.4852711,Q31567717,,thueringen-260721
7417469144,Sollsberg,,736,48.6979832,8.2302082,,,baden-wuerttemberg
2942017338,Wolfstein,,736,50.6355006,13.2705849,,,sachsen-260721
1766373170,,,736,47.8545983,10.8894164,,,bayern-260721
7120253733,Diebskamm,,735,50.4846884,11.0712424,,,thueringen-260721
278015783,Hohe Schlaufe,,735,50.6748351,10.8916799,,,thueringen-260721
4839979030,Hraniční vrch,,735,49.9321732,12.503112,,,bayern-260721
1106331440,Höhenberg,,735,47.710585,11.2738386,Q30712968,,bayern-260721
13929687874,Hüllenberg,,735,48.990046,13.268609,,,bayern-260721
10960486786,Käppelehöhe,,735,48.31935,8.26621,,,baden-wuerttemberg
3748117831,Neuwelter Berg,,735,49.9809496,11.7602541,,,bayern-260721
7108152994,Oberer Pirschhauskopf,,735,50.8044835,10.5479816,,,thueringen-260721
576000295,Rosenstein,,735,48.795834,9.9609016,Q2167235,,baden-wuerttemberg
416933996,Schlittenberg,,735,47.8047881,10.882336,,,bayern-260721
5537938584,Spitzer Berg,,735,50.6873332,13.5114562,Q31313010,,sachsen-260721
10969573773,Wieshörnle,,735,48.5439,8.410014,Q30507565,,baden-wuerttemberg
724273861,Zaunhübel,,735,50.6194006,13.4515085,Q30503183,,sachsen-260721
3817112860,,,735,50.5030344,12.4624148,,,sachsen-260721
3268561321,Dürrer Berg,,734,50.6384133,13.3040474,,,sachsen-260721
10963320618,Kupferberg,,734,48.3879,8.28017,,,baden-wuerttemberg
10276779790,Nollenberg,,734,48.3327042,8.3770377,,,baden-wuerttemberg
728175750,Regenbergstein,,734,50.8411746,10.5370741,,,thueringen-260721
4119217876,Siegelberg,,734,50.7651597,10.7604585,,,thueringen-260721
5537939823,Sonnenberg,,734,50.4936048,12.6686389,,,sachsen-260721
1482153892,Stierberg,,734,49.012557,13.3186479,,,bayern-260721
10303559377,Tautschbuch,,734,48.2014877,9.4626008,,,baden-wuerttemberg
5438270106,Weizriegel,,734,49.3410728,12.8088759,,,bayern-260721
4571693373,,,734,47.6548394,8.0882101,,,baden-wuerttemberg
7722276993,,,734,49.4834469,12.5171828,,,bayern-260721
270091856,Eidenberger Lusen,,733,48.5728241,13.7841423,,,bayern-260721
1142892477,Eisenberg,,733,49.9963922,11.7963592,,,bayern-260721
7123976750,Eppenberg,,733,50.4453636,11.4216925,Q30770313,,bayern-260721
373373404,Galgenbichl,,733,47.8303146,10.8976709,,,bayern-260721
2981300507,Goldene Höhe,,733,50.486233,12.449133,,,sachsen-260721
3210799460,Großer Langebachsberg,,733,50.4883936,11.0049011,,,thueringen-260721
352962760,Herchenhainer Höhe,,733,50.4870027,9.277025,Q1609575,,hessen-260721
10315256888,Hühne,,733,50.8549402,10.4029115,,,thueringen-260721
12368389986,Knottenruck,,733,48.9026998,13.4537244,,,bayern-260721
6492207907,Kohlerkopf,,733,47.9220192,7.8285915,,,baden-wuerttemberg
2483879455,Rannenberg,,733,49.783739,12.3721823,Q31361190,,bayern-260721
1569937115,Rotzeleck,,733,48.2075462,7.9898235,,,baden-wuerttemberg
13969234437,Schwemmbügel,,733,48.9147052,13.2664686,,,bayern-260721
7129205616,Sieglitzberg,,733,50.4258722,11.6088156,Q31567068,,thueringen-260721
737715911,Steinberg,,733,50.5426101,12.6354174,Q31519149,,sachsen-260721
13414116033,Winnelberg,,733,48.9905529,13.0277359,,,bayern-260721
428707795,Aussichtsfelsen,,732,50.649282,12.9301688,Q1545475,de:Greifensteine,sachsen-260721
2979563397,Buckleter Kapf,,732,48.5173218,9.3786817,,,baden-wuerttemberg
1453634516,Burgstall,,732,48.585357,9.6423008,,,baden-wuerttemberg
459898693,"Felsenformation "" Wendelstein """,,732,50.453269,12.357425,,,sachsen-260721
3108209116,Grünenberg,,732,48.8477205,10.1421806,Q30656142,,baden-wuerttemberg
10303534273,Habsberg,,732,48.1745766,9.3434277,,,baden-wuerttemberg
4104433132,Haslesberg,,732,47.7239892,11.0970718,Q30618486,,bayern-260721
6572262385,Holzhügel,,732,50.3282968,11.628268,Q30616375,,bayern-260721
1583945751,Lustberg,,732,47.9010245,10.8814798,Q31310633,,bayern-260721
12104386236,Ochsenberg,,732,48.807344,13.2688236,,,bayern-260721
3248424145,Schloßberg,,732,49.7344334,12.3455431,Q31328058,,bayern-260721
1630587964,Wurmstein,,732,49.7393966,12.3547226,,,bayern-260721
1767677488,,,732,47.8867447,10.9406389,,,bayern-260721
2844393256,Armesberg,,731,49.8903158,11.9459631,Q686418,,bayern-260721
7722312031,Geißbühel,,731,49.5183551,12.5347996,,,bayern-260721
2966527084,Hoher Hügel,,731,50.5414001,10.8915819,,,thueringen-260721
6394747810,Kapf,,731,48.3031825,8.2809029,Q30618728,,baden-wuerttemberg
944400026,Růžový Vrch,,731,50.6033775,13.4427054,,,sachsen-260721
12566436889,Sonnenberg,,731,47.9447204,9.9072168,,,baden-wuerttemberg
5326216821,Tragberg,,731,50.7115628,10.7706111,,,thueringen-260721
2561226684,Vorderer Arolsberg,,731,50.5839453,10.8826606,,,thueringen-260721
7029348439,Wippberg,,731,47.8909766,10.9912976,,,bayern-260721
486017171,,,731,47.8248247,11.0006872,,,bayern-260721
1587424646,,,731,47.7678773,11.0432229,,,bayern-260721
7717781861,,,731,49.6778829,12.3739314,,,bayern-260721
1864939054,Baderstein,,730,48.797657,13.5281372,,,bayern-260721
11427487183,Breitenberg,,730,48.1671685,9.3282893,,,baden-wuerttemberg
435072842,Hackelstein,,730,49.9198134,12.1204046,,,bayern-260721
4571652103,Hochstätt,,730,47.6100953,7.98986,,,baden-wuerttemberg
3150640785,Kahleberg,,730,51.844529,10.3690872,Q133824463,,niedersachsen-260721
597691228,Kleiner Suckenberg,,730,50.5802682,10.9156563,,,thueringen-260721
3210799965,Kohlberg,,730,50.4963952,10.8850857,,,thueringen-260721
2429049997,Landerbühl,,730,49.6823474,12.4945678,,,bayern-260721
1426857151,Rennwegskopf,,730,50.8249439,10.4066073,Q28939645,,thueringen-260721
7120135681,Selig,,730,50.5366957,11.1276758,,,thueringen-260721
7722309559,Steinbühl,,730,49.525278,12.5579309,,,bayern-260721
6397237618,Vogelkopf,,730,48.2268867,8.1838915,Q31294432,,baden-wuerttemberg
3233329664,,,730,47.6226751,12.1440418,,,bayern-260721
3952660186,,,730,50.6988346,13.4606609,,,sachsen-260721
12325699474,Geipensberg,,729,47.8336048,9.1783356,,,baden-wuerttemberg
417676414,Gerberstein,,729,50.8597658,10.392556,Q1404086,de:Gerberstein,thueringen-260721
2658196314,Großer Dröhberg,,729,50.5918399,10.7391018,Q30663066,,thueringen-260721
597691218,Großer Suckenberg,,729,50.574608,10.9178161,,,thueringen-260721
8367092142,Götzenberg,,729,50.344418,12.4021566,,,sachsen-260721
1883622623,Kuppe,,729,51.7257368,10.507846,Q1792882,de:Kuppe (Harz),niedersachsen-260721
620509447,Peretshofer Höhe,,729,47.8565795,11.5255847,,,bayern-260721
13124079412,Rauhenberg,,729,47.9480285,11.198137,Q124849416,,bayern-260721
6541735425,Reuter Hausberg,,729,47.7927669,11.5571313,,,bayern-260721
3905669384,Saydaer Höhe,,729,50.7266784,13.4224279,Q31336155,,sachsen-260721
4937359513,Spitzberg,,729,50.3292305,11.6412605,Q31313787,,bayern-260721
617310151,Steinberg,,729,47.7616666,12.1564587,,,bayern-260721
411602861,Tenneberg,,729,50.8468366,10.5118326,Q31299791,,thueringen-260721
363929218,Teufelstein,,729,50.5187303,9.8933213,Q19964496,,hessen-260721
11388620452,Traubenkapf,,729,48.0295271,9.0653771,,,baden-wuerttemberg
7120209736,Zapfenberg,,729,50.5177605,11.2593177,,,thueringen-260721
9438378421,,,729,48.1875401,8.2395262,,,baden-wuerttemberg
13399562041,,,729,47.9194477,9.4559335,Q137568704,,baden-wuerttemberg
1460235426,Barmenberg,,728,48.6113587,9.6835676,Q30712105,,baden-wuerttemberg
3659537062,Engelsberg,,728,50.6366482,10.0499854,Q30772426,,hessen-260721
7938290448,Fuchshöhe,,728,50.5684839,13.1071136,Q1472581,,sachsen-260721
3541029726,Geißberg,,728,49.9161703,12.0919204,,,bayern-260721
11420176357,Heiskopf,,728,51.1028343,8.5421318,,,hessen-260721
4280155736,Kanzel,,728,48.8461091,13.0239147,,,bayern-260721
7110357011,Matteböhler,,728,50.7578237,10.6837275,Q31308954,,thueringen-260721
414216871,Roh,,728,50.8246754,10.4708016,,,thueringen-260721
11415748180,Schafbuckel,,728,48.1846557,9.4385923,,,baden-wuerttemberg
3764362553,Schuchhübel,,728,50.4957189,12.5191904,,,sachsen-260721
10764161048,Wimmesbichel,,728,48.9007709,13.0736554,,,bayern-260721
9951402029,Winterberg,,728,49.0157295,12.7366707,,,bayern-260721
4383656496,,,728,47.8389448,11.824258,,,bayern-260721
6593754858,,,728,47.9053827,10.865205,,,bayern-260721
11415748182,Eichelberg,,727,48.1931685,9.3623202,,,baden-wuerttemberg
986220157,Geiersberg,,727,50.4199658,11.120051,,,thueringen-260721
2824826775,Großer Breitenberg,,727,51.7324167,10.3947222,Q50328136,,niedersachsen-260721
281394318,Hinterer Brandkopf,,727,50.6380157,10.9725669,Q31540805,,thueringen-260721
1407391644,Hocheck,,727,48.9371703,12.9870433,,,bayern-260721
6397237624,Hoher Geisberg,,727,48.2336957,7.9961589,,,baden-wuerttemberg
5343422705,Hornbühl,,727,48.0139151,7.9261824,Q31562131,,baden-wuerttemberg
270091916,Höpfelberg,,727,48.7081245,13.7903125,,,bayern-260721
475529747,Hörberg,,727,50.8330893,10.4805212,Q30671147,,thueringen-260721
386081328,Kulmberg,,727,50.4086142,11.60061,Q31324633,,thueringen-260721
712655066,Mommelstein,,727,50.8044912,10.4465874,Q31305542,,thueringen-260721
6506090167,Rinkenburg,,727,47.8789339,9.4458547,Q23769758,,baden-wuerttemberg
614254192,Spiegelwald,,727,50.5756449,12.7919472,Q2309929,de:Spiegelwald,sachsen-260721
450872170,Stellberg,,727,50.5381354,9.8739147,Q31563579,,hessen-260721
10283097235,Tannenbühl,,727,47.6978998,7.8228409,,,baden-wuerttemberg
10784608735,Welschberg,,727,47.9038725,8.8407581,,,baden-wuerttemberg
1782503508,,,727,48.7300722,9.9693249,,,baden-wuerttemberg
5551151326,,,727,49.2627608,13.0170868,,,bayern-260721
7722270344,,,727,49.5377841,12.3654127,,,bayern-260721
12175543870,,,727,50.7050867,13.5561678,,,sachsen-260721
287465551,Bocksberg,,726,51.8569444,10.3569444,Q874018,de:Bocksberg (Harz),niedersachsen-260721
2770082835,Bäckerbichl,,726,47.9662481,11.2033623,,,bayern-260721
3431328080,Dadenberg,,726,50.6357265,10.0610489,Q31549934,,hessen-260721
7129205561,Finkenberg,,726,50.4250646,11.5186596,Q30754093,,thueringen-260721
13719392580,Hollerberg,,726,48.8998011,13.1526732,,,bayern-260721
5537939871,Kammerstein,,726,50.4808256,12.7362767,Q31536415,,sachsen-260721
1966554658,Kleiner Jagdberg,,726,50.8351659,10.5154371,Q31340605,,thueringen-260721
2710845514,Kleiner Jägerkopf,,726,51.8118658,10.6706029,Q31340589,,sachsen-anhalt-260721
2468679772,Knock,,726,50.4991392,12.5308785,Q31336803,,sachsen-260721
7120209740,Kohlstatt,,726,50.507247,11.327566,,,bayern-260721
10299585755,Käferberg,,726,47.9022121,9.3390864,,,baden-wuerttemberg
7110179745,Lichtenbachstein,,726,50.7484607,10.5389984,,,thueringen-260721
279823243,Schillinger Berg,,726,48.1759228,7.9544995,Q31523035,,baden-wuerttemberg
2371868192,Schneeberg,,726,51.2836892,8.6404577,Q31325883,,hessen-260721
2877817730,Sähre,,726,51.295786,8.671256,Q1390344,de:Sähre,hessen-260721
1307635610,Vestbichel,,726,47.5952688,11.1774477,,,bayern-260721
635309098,Volkmarskopf,,726,50.5861029,10.819329,,,thueringen-260721
7120253739,Winterberg,,726,50.4856976,11.2452847,Q30505272,,thueringen-260721
3108213483,,,726,48.8605762,10.1399786,Q138789531,,baden-wuerttemberg
7722309557,,,726,49.5326734,12.5649583,,,bayern-260721
3426941613,,,726,51.7600423,10.5431438,,,niedersachsen-260721
7120209739,Beerhügel,,725,50.5108958,11.3195769,,,thueringen-260721
7029981598,Eselsberg,,725,47.9088115,10.9542083,,,bayern-260721
5042044606,Etzenbacher Höhe,,725,47.8773638,7.7617668,Q31547736,,baden-wuerttemberg
13675834877,Garmerberg,,725,49.0232504,12.9291272,,,bayern-260721
12182929057,Gissübel,,725,48.2100732,8.1626916,,,baden-wuerttemberg
1085718896,Großer Stein,,725,49.6690387,12.43113,,,bayern-260721
864999956,Heldenberg,,725,48.718442,9.8400807,Q30760448,,baden-wuerttemberg
909081757,Kirchberg,,725,50.5690186,11.231624,Q1742456,,thueringen-260721
2601331760,Kleiner Weißenberg,,725,50.8630621,10.4105233,Q31339356,,thueringen-260721
3558926842,Langer Berg,,725,50.5320887,11.1663371,,,thueringen-260721
280085382,Mittelberg,,725,50.6519963,10.9102903,Q31306700,,thueringen-260721
816378778,Questenstein,,725,50.8274305,10.4021308,,,thueringen-260721
2154939872,Roßkopf,,725,49.9594337,12.1203092,Q18630329,,bayern-260721
10777029897,Schachenfeld,,725,48.9208285,13.0857575,,,bayern-260721
6397237628,Schorenkopf,,725,48.2499557,8.1724091,Q31566712,,baden-wuerttemberg
13116955197,Spielberg,,725,48.7759887,13.6016305,,,bayern-260721
13973085483,Spitzberg,,725,48.8824057,13.3229506,,,bayern-260721
7721534162,Spitzer Berg,,725,49.9262647,12.0528388,,,bayern-260721
2120517846,Urberg,,725,48.6908453,8.2495809,Q31295601,,baden-wuerttemberg
11080263218,Vogelheide,,725,50.8660456,10.3552778,,,thueringen-260721
1460235429,Wanne,,725,48.6199776,9.690037,,,baden-wuerttemberg
6200435801,Weidberg,,725,50.5903069,10.0845034,Q31289930,,thueringen-260721
7120222271,Zimmerhügel,,725,50.488388,11.250984,,,thueringen-260721
1329432597,,,725,48.6599959,13.6082887,,,bayern-260721
10764132464,Bembichel,,724,48.8868786,13.0900866,,,bayern-260721
5213218324,Bocksberg,,724,47.9604406,10.311243,,,bayern-260721
6394747808,Hausbühl,,724,48.3083236,8.3128824,,,baden-wuerttemberg
6391953989,Holderkopf,,724,48.2131619,8.206414,Q31566515,,baden-wuerttemberg
5537938571,Kadnerhöhe,,724,50.7462693,13.836996,,,sachsen-260721
9951402030,Loider Höhe,,724,49.0129421,12.7391646,,,bayern-260721
2330919732,Moritzberg,,724,50.3071327,12.3987406,,,sachsen-260721
2004988763,Palmbühl,,724,48.2137745,8.7746618,Q31294328,,baden-wuerttemberg
1888874862,Tennenberg,,724,48.6365176,9.7652583,Q31299778,,baden-wuerttemberg
13724218439,Buchbügel,,723,48.8917531,13.1517935,,,bayern-260721
1404355088,Buchenhöhe,,723,48.8929932,12.9925943,,,bayern-260721
2018366933,Deutscher Felsen,,723,50.517797,13.127596,,,sachsen-260721
6449540135,Elsenberg,,723,48.0355724,8.5100798,,,baden-wuerttemberg
13952908632,Geißberg,,723,48.9604968,13.2370662,,,bayern-260721
6492207908,Gummenbühl,,723,47.9280111,7.9335402,,,baden-wuerttemberg
5366733512,Hoher Berg,,723,50.7231839,10.5773479,Q30706813,,thueringen-260721
2136019066,Höhkuppe,,723,50.4937278,11.3034838,Q30692487,,thueringen-260721
1928909562,Jordanshöhe,,723,51.7227778,10.5241667,Q1703710,de:Jordanshöhe,niedersachsen-260721
2740670834,Kalte Buche,,723,50.4299969,10.0502079,,,bayern-260721
1738285984,Kießlich,,723,50.4499585,11.423976,,,thueringen-260721
597693904,Kleiner Gabelskopf,,723,50.5736951,10.8954804,,,thueringen-260721
4724126663,Langenbrander Höhe,,723,48.8039494,8.6175752,Q31565796,de:Langenbrander Höhe,baden-wuerttemberg
7693125484,Plattenberg,,723,49.7339681,12.3547198,,,bayern-260721
7798469288,Schlegelsbühl,,723,48.3337999,8.286513,,,baden-wuerttemberg
410339118,Stöffelberg,,723,48.4409862,9.1644105,Q31518441,,baden-wuerttemberg
2464722372,Wilhelmsleite,,723,50.6592459,10.8388517,,,thueringen-260721
2824826783,Wolfsklippen,,723,51.8195375,10.6736373,Q880585,de:Wolfsklippen,sachsen-anhalt-260721
364851047,Wöllerstein,,723,48.8581513,10.1781995,Q2596444,,baden-wuerttemberg
4173292481,Špičák,Sattelberg,723,50.7831592,13.9204001,Q392269,cs:Špičák (Nakléřovská hornatina),sachsen-260721
7722270341,,,723,49.5264758,12.4330473,,,bayern-260721
3297237258,,,723,50.6022566,13.4515551,,,sachsen-260721
10797291055,Aibenberg,,722,48.8752087,13.1639707,Q31554004,,bayern-260721
10274391013,Benzenberg,,722,48.0702344,9.1267306,Q30703393,,baden-wuerttemberg
595984367,Glasenberg,,722,48.7859102,9.9537299,,,baden-wuerttemberg
7129205560,Hohe Tanne,,722,50.4233304,11.4797396,,,bayern-260721
8297005937,Hoher Busch,,722,48.7728075,8.649437,,,baden-wuerttemberg
6990547328,Hungerberg,,722,47.6607846,8.2028282,Q31537551,,baden-wuerttemberg
3905676021,Meisenberg,,722,50.7156831,13.4708059,Q31308103,,sachsen-260721
3558936003,Sauhügel,,722,50.53217,11.1803959,Q1800328,de:Sauhügel,thueringen-260721
1691642210,Schieferberg,,722,49.9378456,11.7942048,Q30624764,,bayern-260721
2915959629,Spitzer Berg,,722,50.6341423,13.3374175,,,sachsen-260721
2468990678,Tangelberg,,722,50.4902193,12.6309081,,,sachsen-260721
419246949,,,722,50.4222275,11.480137,,,bayern-260721
7722309564,,,722,49.4840882,12.6144934,,,bayern-260721
3764365879,Baumannsberg,,721,50.4992444,12.5289884,,,sachsen-260721
2961217511,Kirchberg,,721,50.6289993,10.7523774,,,thueringen-260721
366529179,Kirchlesberg,,721,48.474756,9.3125132,Q31535079,,baden-wuerttemberg
8757767191,Klengelkuppe,,721,50.7555826,13.8326906,,,sachsen-260721
1407494789,Knogler Berg,,721,48.9316446,12.8546924,,,bayern-260721
6810789512,Lerchenhübel,,721,50.5601376,13.0183846,,,sachsen-260721
7100304001,Mühlberg,,721,50.4924308,10.9416223,,,thueringen-260721
3242666668,Neidhardskopf,,721,50.5753127,10.2658941,Q31300336,,thueringen-260721
7028811941,Ochsenberg,,721,47.9249783,11.014534,,,bayern-260721
5537938573,Rennberg,,721,50.7886627,13.6537126,,,sachsen-260721
340238360,Sachsenburg,,721,50.7134615,10.0763694,Q2210605,de:Sachsenburg (Rhön)#Sachsenburg,thueringen-260721
280083457,Vorderer Erbskopf,,721,50.6419595,10.8845486,,,thueringen-260721
1908918984,Waage,,721,51.7363457,10.50057,Q96602679,,niedersachsen-260721
12321535902,Willibaldhöhe,,721,49.025062,13.322618,,,bayern-260721
6391959850,Ziegelkopf,,721,48.2124053,8.2137241,Q31566499,,baden-wuerttemberg
5086565961,Gaißriegel,,720,49.3267727,12.8037897,,,bayern-260721
304918491,Geiselstein,,720,50.5335316,9.2429812,Q30697671,,hessen-260721
8507947238,Hausäcker,,720,48.794447,8.4891707,,,baden-wuerttemberg
6394747805,Hochberg,,720,48.3018326,8.3889927,,,baden-wuerttemberg
778269456,Hohe Wanne,,720,48.7986567,8.3932176,Q31538556,,baden-wuerttemberg
3191436862,Iberg,,720,51.2964928,8.6177966,Q1399334,,hessen-260721
10265681380,Ippicher Höhe,,720,48.316075,8.2631648,,,baden-wuerttemberg
333282356,Kalbe,,720,51.2158808,9.8736871,Q1722068,,hessen-260721
7108864509,Kienberg,,720,50.778845,10.7414925,Q1741016,,thueringen-260721
7129205480,Kleiner Klettnitzberg,,720,50.4283543,11.2411939,,,thueringen-260721
544530080,Maienberg,,720,48.7937889,8.4577397,Q31310101,,baden-wuerttemberg
13456632992,Maienberg,,720,48.862514,10.1584078,,,baden-wuerttemberg
412895196,Rehhecke,,720,50.568383,11.1851166,Q2138969,,thueringen-260721
12188969663,Schützenhöhe,,720,49.0262193,13.1766844,,,bayern-260721
1250114375,Steinhölle,,720,50.1929151,12.0461667,,,bayern-260721
460479366,Stöberhai,,720,51.6563389,10.5544722,Q2360440,de:Stöberhai,niedersachsen-260721
13724218435,Übermaßberg,,720,48.8925714,13.1612992,,,bayern-260721
1767677487,,,720,47.8860191,10.9685113,,,bayern-260721
7722270340,,,720,49.5214754,12.4337983,,,bayern-260721
7722276987,,,720,49.486214,12.55041,,,bayern-260721
9573743167,,,720,49.084167,12.5664988,,,bayern-260721
2905316774,,,720,50.6344632,13.3633628,,,sachsen-260721
3285816736,,,720,50.6304792,13.3374936,,,sachsen-260721
13922770179,,,720,50.336359,12.3666654,,,sachsen-260721
13116955199,Gemeindeberg,,719,48.7846112,13.5865816,,,bayern-260721
1704541301,Harter Stein,,719,50.7990467,13.6355051,Q30622512,,sachsen-260721
1966577404,Heuberg,,719,50.8288053,10.527604,Q30745337,,thueringen-260721
12325710405,Josenberg,,719,47.8730667,9.1167409,Q137536793,,baden-wuerttemberg
13791637340,Ochsenberg,,719,48.8885646,13.2129049,,,bayern-260721
434329752,Rabenberg,,719,50.2014805,12.0732332,Q2124951,,bayern-260721
3431194995,Steinkopf,,719,50.4840267,10.0938295,,,bayern-260721
1986840137,Zwerisberg,,719,47.9996371,8.0585591,,,baden-wuerttemberg
14004099755,,,719,50.494132,9.279981,,,hessen-260721
2966527082,Buchenkopf,,718,50.5278168,10.8613596,,,thueringen-260721
1119918335,Fürst Tegernberg,,718,47.8736946,11.3735582,,,bayern-260721
3558926839,Geiersbachkopf,,718,50.537763,11.174911,,,thueringen-260721
400698186,Gänsberg,,718,50.8146273,10.4553241,,,thueringen-260721
348311901,Habelberg,,718,50.6400202,9.9943256,Q15056498,de:Habelberg,hessen-260721
13791637338,Hirschstein,,718,48.8925643,13.2224107,,,bayern-260721
2966527083,Hohe Warth,,718,50.5057385,10.8680984,Q30693622,,thueringen-260721
4192168357,Oberschaar,,718,50.3966796,11.1377711,Q31297359,,thueringen-260721
13973100809,Rehberg,,718,48.883725,13.3420586,,,bayern-260721
4353883670,Spitzberg,,718,50.6193095,12.9088108,Q31313682,,sachsen-260721
458701891,Stráž,Wachtberg,718,50.2279117,12.2725797,,,sachsen-260721
12175543883,U hranice,,718,50.7248656,13.8515051,,,sachsen-260721
597695400,Vorderer Arolsberg,,718,50.5764805,10.8818643,,,thueringen-260721
2129716890,,,718,47.7669203,11.5093508,,,bayern-260721
7696849626,,,718,49.68243,12.4518549,,,bayern-260721
1538346305,Birkenheide,,717,50.8633394,10.3514206,Q865556,,thueringen-260721
4560327062,Dörenberg,,717,50.2579387,11.6047034,,,bayern-260721
10805637321,Eisberg,,717,48.9631876,12.9422271,,,bayern-260721
10309863644,Hengstberg,,717,48.7930373,8.5984032,,,baden-wuerttemberg
10294255184,Hochbühl,,717,47.8122778,9.1410863,,,baden-wuerttemberg
6618688111,Hundskehl,,717,47.6011247,12.9967136,,,bayern-260721
2966527086,Kreiseberg,,717,50.5376481,10.869162,Q31329981,,thueringen-260721
281415500,Kämpfenberg,,717,50.6114542,10.938204,Q30637465,,thueringen-260721
852919053,Müllersberg,,717,48.4072872,9.3243343,,,baden-wuerttemberg
269310366,Scheuelberg,,717,48.7809813,9.9163635,,,baden-wuerttemberg
5537938605,Schwarzer Stein,,717,50.5805383,13.1828952,Q31521436,,sachsen-260721
649103412,Steinköchel,,717,47.6259681,11.1632671,Q29015416,,bayern-260721
7722276986,,,717,49.4830775,12.5515687,,,bayern-260721
7722289732,,,717,49.4609699,12.6398992,,,bayern-260721
7722309555,,,717,49.5323044,12.5593257,,,bayern-260721
3297101581,,,717,50.6181701,13.4438614,,,sachsen-260721
13903517334,,,717,50.3418839,12.3603806,,,sachsen-260721
7343668369,Beim alten Schloss,,716,47.7972394,7.7002026,,,baden-wuerttemberg
13196507237,Buttlerbühl,,716,47.9447088,11.2460296,,,bayern-260721
9438378422,Heidebühl,,716,48.1919333,8.2163798,,,baden-wuerttemberg
2916185391,Kamm,,716,50.6313592,13.324716,,,sachsen-260721
303636210,Kleiner Feuerstein,,716,51.766734,10.6767443,Q1409725,de:Feuersteinklippen,sachsen-anhalt-260721
3558926841,Langer Berg,,716,50.536583,11.167786,,,thueringen-260721
14004091219,Nesselberg,,716,50.520698,9.271025,,,hessen-260721
7120135679,Rosenberg,,716,50.5477212,11.0833288,Q2167015,,thueringen-260721
6449424365,Scherersköpfle,,716,48.0349623,7.9720701,,,baden-wuerttemberg
5101460149,Schiener Berg,,716,47.6855135,8.9199221,Q1697468,de:Schiener Berg,baden-wuerttemberg
7125752600,Schlossberg,,716,48.58,9.7005245,,,baden-wuerttemberg
10751947660,Sollerberg,,716,48.901388,12.988522,Q31520519,,bayern-260721
5326199310,Steinrücke,,716,50.6467845,10.6273777,,,thueringen-260721
5077426996,Štítarský vrch,,716,50.2369413,12.1303546,Q15856234,de:Štítarský vrch,bayern-260721
5696408673,Blutsberg,,715,47.8948403,10.0545481,Q138639748,,baden-wuerttemberg
10283115040,Bühl,,715,47.709651,8.3263422,,,baden-wuerttemberg
864999971,Galgenberg,,715,48.7186666,9.8699225,Q30729711,,baden-wuerttemberg
365538174,Gehege,,715,50.828653,10.4249328,Q30703648,,thueringen-260721
3108209114,Gräbleshau,,715,48.8313115,10.1382852,,,baden-wuerttemberg
7760278741,Hesserberg,,715,49.8119786,11.9988835,Q30625917,,bayern-260721
7110357012,Kleiner Böhler,,715,50.7514948,10.695933,,,thueringen-260721
2371636651,Koppen,,715,51.3401613,8.6799157,Q31533455,,hessen-260721
4362764126,Kälbling,,715,48.7623481,8.6142077,Q30648188,,baden-wuerttemberg
11018893833,Langenberg,,715,48.32527,8.27681,,,baden-wuerttemberg
2459035812,Ochsenkopf,,715,49.9774938,11.966268,,,bayern-260721
5537939837,Prinz-Friedrich-August-Höhe,,715,50.579847,12.8512887,Q31527703,,sachsen-260721
7096655337,Runzelberg,,715,50.5719682,10.8183858,,,thueringen-260721
1908918902,Schlufterkopf,,715,51.7430833,10.4891111,Q16738383,,niedersachsen-260721
8343431815,Schwarzbrunnerkopf,,715,50.6614522,10.9006798,,,thueringen-260721
10932495201,Wachholderbühl,,715,48.0661283,9.0870774,,,baden-wuerttemberg
3108209115,,,715,48.8401708,10.1462407,,,baden-wuerttemberg
4241969613,,,715,48.8808079,13.4231681,,,bayern-260721
289677847,Baier,,714,50.7462881,10.1042114,Q803721,,thueringen-260721
7120253746,Culm,,714,50.4778607,11.4877848,,,thueringen-260721
613092843,Einsiedel,,714,50.5854465,12.7735223,Q31548295,,sachsen-260721
13929687877,Frauenauer Birkenberg,,714,48.9818647,13.2960963,,,bayern-260721
1460235415,Galgenberg,,714,48.5917551,9.6972964,Q30730031,,baden-wuerttemberg
4304067647,Großer Mühlberg,,714,50.4047149,11.1329105,Q30660327,,thueringen-260721
10286757485,Hohberg,,714,48.711239,8.3257663,,,baden-wuerttemberg
7110612098,Kammerbacher,,714,50.7434744,10.7006352,,,thueringen-260721
5537938572,Löwenhainer Höhe,,714,50.7617349,13.8034844,,,sachsen-260721
1225550688,Mittelberg,,714,48.7893072,9.97018,Q31306142,,baden-wuerttemberg
4711538413,Osterburg,,714,50.3999373,9.9817374,,,bayern-260721
5830409217,Schindelhieb,,714,50.4192221,11.2162712,,,thueringen-260721
10276831629,,,714,48.4605998,8.5763992,,,baden-wuerttemberg
7694813608,,,714,49.7635398,12.3364234,,,bayern-260721
7722276992,,,714,49.4867786,12.5143719,,,bayern-260721
3108228915,Brunnenebene,,713,48.7802833,10.0861967,,,baden-wuerttemberg
2883551818,Bölle,,713,48.5235212,9.4290227,Q30674694,,baden-wuerttemberg
443205023,Ghaiberg,,713,48.1165815,9.1362225,Q30688384,,baden-wuerttemberg
13136300160,Gnögel,,713,49.0911916,13.0222131,,,bayern-260721
6597144249,Höchster Punkt von Hermannsdorf,,713,50.5908688,12.9073423,,,sachsen-260721
5326014930,Kleiner Herrenhügel,,713,50.588281,10.7875782,,,thueringen-260721
12512750107,Lüerberg,,713,51.2969536,8.636175,,,hessen-260721
851501253,Pfullenberg,,713,48.4002372,9.283708,Q31528062,,baden-wuerttemberg
10276779789,Reutiner Berg,,713,48.3382999,8.4127972,,,baden-wuerttemberg
13973100808,Riegel,,713,48.8821587,13.3515,,,bayern-260721
411602468,Simmetsberg,,713,50.8504915,10.5230881,,,thueringen-260721
3263018163,Spitzberg,,713,50.646116,13.4252766,,,sachsen-260721
6572231984,Steinigte Hügel,,713,50.3049929,11.5771605,,,bayern-260721
2883551819,Sterrenberg,,713,48.5437603,9.4640078,,,baden-wuerttemberg
1906974687,Übelberg,,713,50.86,10.5155476,Q31296431,,thueringen-260721
1805182067,,,713,47.7164886,11.288946,,,bayern-260721
12174556537,,,713,50.6209351,13.4933671,,,sachsen-260721
369468483,Dalisberg,,712,48.6332228,9.7456046,Q30804851,,baden-wuerttemberg
7110357015,Eisenberg,,712,50.7585691,10.7648117,,,thueringen-260721
11427481732,Galgenbühl,,712,48.1863355,9.2006066,,,baden-wuerttemberg
7110612099,Großer Böhler,,712,50.7471903,10.7044654,Q30663646,,thueringen-260721
897046171,Hammerberg,,712,50.454274,11.2247466,Q30637104,,thueringen-260721
4571463516,Heul,,712,47.6405951,8.056943,,,baden-wuerttemberg
2543549629,Hohbäumle,,712,48.0044051,9.8862641,Q1623418,,baden-wuerttemberg
1426853383,Judenkopf,,712,50.8178181,10.4067059,Q30653642,,thueringen-260721
13577988741,Kapplberg,,712,49.0959299,12.9795313,,,bayern-260721
5292999608,Koselstein,,712,50.4541472,11.5675096,Q31332235,,thueringen-260721
2150504230,Kreuzberg,,712,47.8503349,11.8250108,,,bayern-260721
2448422122,Ochsenberg,,712,48.9018127,13.3586865,,,bayern-260721
10797291054,Regener Berg,,712,48.8774949,13.1627798,,,bayern-260721
874149823,Ringelkopf,,712,49.7287412,7.1478381,Q31356814,,rheinland-pfalz-260721
9746981830,Sanberg,,712,48.6614206,8.3809828,Q31338806,,baden-wuerttemberg
7028811940,Sandberg,,712,47.9297899,11.0199765,,,bayern-260721
1460235440,Sielenwang,,712,48.6294857,9.6611697,,,baden-wuerttemberg
525168498,Sommerberg,,712,50.5492052,10.8395835,,,thueringen-260721
10975247691,Weiler Berg,,712,48.37414,8.42617,,,baden-wuerttemberg
1610772591,,,712,48.5939265,9.667738,,,baden-wuerttemberg
270091913,,,712,48.6893168,13.8196666,,,bayern-260721
7722295198,,,712,49.4358593,12.5546211,,,bayern-260721
3371888052,,,712,50.5958023,13.3183451,,,sachsen-260721
5537938615,,,712,50.4968505,12.462697,,,sachsen-260721
12566464471,Atzenberger Höhe,,711,47.987884,9.6047439,Q137568765,,baden-wuerttemberg
1238258135,Ballenberg,,711,47.8557906,8.7449945,Q31559387,,baden-wuerttemberg
2276678176,Birkenbühl,,711,49.6765244,12.3827205,,,bayern-260721
5537939870,Brandberg,,711,50.4754374,12.7170813,,,sachsen-260721
2824826779,Kleiner Breitenberg,,711,51.7394722,10.4051944,Q16738385,,niedersachsen-260721
13743649095,Klendberg,,711,48.9109787,13.2239663,,,bayern-260721
9979247154,Mittlerer Beerberg,,711,50.8405561,10.4195913,,,thueringen-260721
379570695,Morgensternhöhe,,711,50.645835,13.2450662,Q1947772,,sachsen-260721
12456241003,Natzenberg,,711,47.5866557,9.897185,Q131574078,,bayern-260721
3431194994,Rother Kuppe,,711,50.4812963,10.1026558,Q2168717,de:Rother Kuppe,bayern-260721
300929714,Runder Berg,,711,48.4900407,9.3653199,Q787451,de:Runder Berg,baden-wuerttemberg
7722309563,Stadlernberg,,711,49.4933157,12.6114678,Q31519793,,bayern-260721
1029418250,Tannenberg,,711,49.929348,11.8523355,Q30624708,,bayern-260721
1545892571,Unterer Beerberg,,711,50.8353588,10.4088119,Q31295884,,thueringen-260721
290419244,Vyhlídka,Weberberg,711,50.8646997,14.6181174,Q10841127,,sachsen-260721
369468482,Weigoldsberg,,711,48.6123766,9.7501812,Q31289802,,baden-wuerttemberg
2961343221,Witberg,,711,48.1057581,9.2140794,,,baden-wuerttemberg
4564748967,,,711,48.5114341,9.7515983,,,baden-wuerttemberg
6412085796,Burgberg,,710,50.4663094,10.9334682,,,thueringen-260721
7096499605,Burgberg,,710,50.4637005,10.9354458,,,thueringen-260721
1489569767,Büttnerhübel,,710,50.789695,13.6897255,,,sachsen-260721
901650344,Diesburg,,710,50.5887409,10.2150777,Q1221353,,thueringen-260721
2966442924,Eideler Berg,,710,51.2936577,8.6360752,Q30781839,,hessen-260721
10964320201,Fegersköpfle,,710,48.36806,8.23146,Q30610456,,baden-wuerttemberg
7318210390,Gutratberg,,710,47.7102994,13.0570364,,,bayern-260721
11014696759,Hailert,,710,48.66715,8.33965,,,baden-wuerttemberg
705548359,Hohe Schaar,,710,48.7107039,8.3832227,Q30699427,,baden-wuerttemberg
7120157985,Kippenbühl,,710,50.5328972,11.2385374,,,thueringen-260721
11427481733,Kugelberg,,710,48.1829511,9.1770781,,,baden-wuerttemberg
649103397,Langer Köchel,,710,47.6321414,11.1526305,Q31532373,,bayern-260721
7100273643,Löffelberg,,710,50.5274888,10.9271335,,,thueringen-260721
434329740,Pfaffenberg,,710,50.206718,12.0814489,Q31528280,,bayern-260721
304065765,Rabentalskopf,,710,50.6422539,10.8646763,,,thueringen-260721
899380923,Rindschenberg,,710,49.9497531,11.778341,,,bayern-260721
10743244481,Veigelberg,,710,47.8453048,11.8345645,,,bayern-260721
1223598088,Wollenberg,,710,48.7584862,10.0814319,Q30504068,,baden-wuerttemberg
2276701193,Zenkenberg,,710,49.6881468,12.4154307,,,bayern-260721
3952586940,Ziegenberg,,710,50.7300281,13.4752906,Q30501553,,sachsen-260721
1279524345,,,710,48.8041228,8.5164183,,,baden-wuerttemberg
4163805790,,,710,48.7762755,10.1184092,,,baden-wuerttemberg
7695618890,,Altarstein,710,49.849772,12.5022697,,,bayern-260721
3952562053,,,710,50.7077735,13.433137,,,sachsen-260721
4304067684,,,710,50.405605,11.1415687,,,thueringen-260721
11799418768,,,710,50.6314838,10.8896534,,,thueringen-260721
5689555678,Anis,,709,49.0177061,13.1442717,,,bayern-260721
4219023936,Buchberg,,709,50.6476024,12.8637729,Q31550691,,sachsen-260721
10764160963,Bärnstein,,709,48.9136159,13.0810583,,,bayern-260721
885858859,Eggberg,,709,47.5782077,7.9549018,Q981954,,baden-wuerttemberg
1420723116,Gallner Berg,,709,49.0485375,12.6775127,Q1492510,,bayern-260721
4187398299,Glaskopf,,709,50.6270691,10.6656775,,,thueringen-260721
470516029,Haderholzstein,,709,50.7873435,10.4968567,Q30652861,,thueringen-260721
369126132,Heuberg,,709,48.8069103,8.5443176,Q30744728,,baden-wuerttemberg
13136988100,Höllenberg,,709,48.8216286,13.5605582,,,bayern-260721
3087315742,Kühberg,,709,49.8681381,11.9650236,Q31326057,,bayern-260721
5235412425,Mitteleck,,709,47.9498305,7.9026048,,,baden-wuerttemberg
7128940784,Mühlkuppe,,709,50.4237235,11.1125274,,,thueringen-260721
300813852,Quittelsberg,,709,50.6076111,11.1964959,Q2123519,,thueringen-260721
183385921,Rösterkopf,,709,49.6749321,6.8327465,Q896908,de:Rösterkopf,rheinland-pfalz-260721
7209642915,Sandelkopf,,709,47.7113519,7.6992542,,,baden-wuerttemberg
3477951747,Schlossberg,,709,48.1638147,9.3386318,,,baden-wuerttemberg
10969602355,Tannenbühl,,709,48.50711,8.4802,,,baden-wuerttemberg
7028811944,Weinberg,,709,47.9361911,11.0500133,,,bayern-260721
1795636731,Wetterberg,,709,49.8672177,12.4439687,,,bayern-260721
300622077,,,709,47.7546968,7.6745796,,,baden-wuerttemberg
3087332863,,,709,49.871037,11.9636105,,,bayern-260721
7694798711,,,709,49.7830999,12.4042404,,,bayern-260721
7721764085,,,709,50.0084285,11.7652202,,,bayern-260721
13124079413,Bromberg,,708,47.935634,11.2481357,,,bayern-260721
11951424641,Galgenhöhe,,708,50.5621159,12.9881431,,,sachsen-260721
1606277555,Geuserberg,,708,50.2491931,11.4652166,Q1309396,,bayern-260721
4104433168,Hannesberg,,708,47.686117,11.243747,,,bayern-260721
1315366530,Kriegsburren,,708,48.695593,9.9033205,,,baden-wuerttemberg
3700393550,Oberer Eibenstein,,708,49.3610168,12.4757057,Q31529304,,bayern-260721
12368389984,Ochsenberg,,708,48.8900743,13.4620714,,,bayern-260721
415663427,Osterkopf,,708,51.2891833,8.6720249,Q178443,de:Osterkopf (Usseln),hessen-260721
7120253731,Rambachsberg,,708,50.486511,11.0349098,,,thueringen-260721
7028811943,Schloßberg,,708,47.9394903,11.0256015,,,bayern-260721
7141326865,Schwarzer Stein,,708,50.6011055,12.8306759,Q31521421,,sachsen-260721
5537938579,Steinberg,,708,50.7187702,13.5018647,Q31309486,,sachsen-260721
7721693082,Steinknock,,708,49.946774,12.1356868,Q18631162,,bayern-260721
2276678946,Troidelberg,,708,49.7161962,12.4267568,Q31517003,,bayern-260721
2464722373,Zigeunerkopf,,708,50.6548777,10.8309439,,,thueringen-260721
10303534276,,,708,48.1298062,9.1975635,,,baden-wuerttemberg
5551151325,,,708,49.2630549,13.024318,,,bayern-260721
311512942,Achalm,,707,48.4939403,9.244081,Q897073,de:Achalm,baden-wuerttemberg
775976279,Friedrichskopf,,707,49.6602858,7.0603523,Q8553153,de:Friedrichskopf (Dollberge),rheinland-pfalz-260721
391081742,Gutenberg,,707,48.4959166,9.2780533,Q31543053,,baden-wuerttemberg
11002356683,Hauerskopf,,707,48.59382,8.3173,,,baden-wuerttemberg
2836528605,Hohberg,,707,50.2079532,11.669878,Q30721069,,bayern-260721
10283115038,Homberg,,707,47.6858176,8.2907447,,,baden-wuerttemberg
251667727,Hörnle,,707,48.5432515,9.3538263,Q256254,en:Hörnle (Swabian Jura),baden-wuerttemberg
1189565381,Leitenbichel,,707,47.7943397,11.2521936,Q23786265,,bayern-260721
11778900095,Martinsbühl,,707,48.4666889,8.524699,,,baden-wuerttemberg
2276701084,Mittelberg,,707,49.7146752,12.3948549,,,bayern-260721
249439789,Rechberg,,707,48.7562667,9.7909072,Q878521,,baden-wuerttemberg
10963302456,Schulterberg,,707,48.41126,8.22585,Q30610326,,baden-wuerttemberg
1286567180,Tannschachberg,,707,48.8221041,8.4044259,Q31517863,,baden-wuerttemberg
7129297555,Veiteknock,,707,50.3786522,11.5719819,Q1663193,,bayern-260721
3312733640,Voigtsdorfer Höhe,,707,50.7398123,13.3789,Q31294140,,sachsen-260721
7694798707,,,707,49.7481939,12.3408437,,,bayern-260721
412895193,Aßberg,,706,50.5657736,11.2130691,Q794510,,thueringen-260721
1846801307,Braunberg,,706,48.7520777,13.7477599,,,bayern-260721
5173146285,Hochfirst,,706,47.9960544,10.3969761,,,bayern-260721
10142205686,Hohstegkopf,,706,48.0184237,7.9391435,,,baden-wuerttemberg
264214502,Katzenstein,,706,50.63298,13.2372651,Q679273,de:Katzenstein (Pobershau),sachsen-260721
411599243,Kleiner Inselsberg,,706,50.8601986,10.4626021,Q31534135,,thueringen-260721
292951949,Maulkuppe,,706,50.5288153,9.8768344,Q739136,,hessen-260721
7108864510,Querberg,,706,50.7734447,10.7453034,Q31289964,,thueringen-260721
3466370523,Rauhenberg,,706,50.2587589,11.6608238,Q31360627,,bayern-260721
5326071752,Regenberg,,706,50.649231,10.647087,,,thueringen-260721
13738404562,Riedberg,,706,48.9139402,13.1736159,,,bayern-260721
5440168353,Sauruck,,706,49.3407237,12.7081398,,,bayern-260721
1477615344,Schopfelenbühl,,706,48.0827381,8.5719714,,,baden-wuerttemberg
272356660,Schwarzwihrberg,,706,49.3542641,12.4905491,Q20855967,de:Schwarzwihrberg,bayern-260721
10294255183,Sipplinger Berg,,706,47.8081138,9.1040135,Q31317152,,baden-wuerttemberg
10296127716,Stubenberg,,706,47.6380531,8.1311064,,,baden-wuerttemberg
13353651118,Triefstein,,706,50.7403742,10.7315367,,,thueringen-260721
1665046893,Wachtküppel,,706,50.4700807,9.8920932,Q1805132,,hessen-260721
3108228914,,,706,48.7858221,10.0537634,,,baden-wuerttemberg
1805182080,,,706,47.720616,11.2330794,,,bayern-260721
5082465215,Brändriegel,,705,49.2666499,13.0259899,,,bayern-260721
6254245617,Falkenergert,,705,47.9080614,9.3139279,,,baden-wuerttemberg
10290539324,Grüneck,,705,47.7706115,7.6717676,,,baden-wuerttemberg
433865720,Haselstein,,705,49.7515997,12.3236576,Q30620409,,bayern-260721
2966451611,Hermannsberg,,705,51.3033088,8.6513926,Q599354,,hessen-260721
5082465214,Hoher Stein,,705,49.2716797,13.027273,,,bayern-260721
591935258,Knogelberg,,705,49.0607078,12.9799272,Q31533903,,bayern-260721
5512700249,Kuhhübel,,705,50.7717167,13.5926685,,,sachsen-260721
11033478212,Landeck,,705,48.33616,8.24275,Q31532531,,baden-wuerttemberg
378319054,Rabenhübel,,705,50.7653247,13.8099968,Q31289742,,sachsen-260721
11415748178,Salzbühl,,705,48.1355805,9.315999,,,baden-wuerttemberg
2824851923,Schlufterkopf,,705,51.75175,10.4755972,Q16738383,,niedersachsen-260721
7721693078,Steinberg,,705,49.9891527,12.1517265,Q1512533,,bayern-260721
1460235419,Unterer Leimberg,,705,48.5992655,9.6766936,,,baden-wuerttemberg
281395274,Vorderer Stechberg,,705,50.6396843,10.9534188,Q31293554,,thueringen-260721
455932886,Wildbader Kopf,,705,48.7618554,8.5439852,Q30616862,,baden-wuerttemberg
1610772585,,,705,48.5895182,9.660966,,,baden-wuerttemberg
2276701068,Am großen Stein,,704,49.7507969,12.3571065,,,bayern-260721
503871651,Brunnenhügel,,704,50.5493087,10.81395,Q31550968,,thueringen-260721
7028811942,Bühel,,704,47.9349088,11.0189071,,,bayern-260721
10303559376,Emerberg,,704,48.2279571,9.4984248,Q31548076,,baden-wuerttemberg
339259332,Enggründlekopf,,704,47.8473404,7.7279306,Q31548043,,baden-wuerttemberg
10780602005,Furth,,704,48.8544163,13.0312443,,,bayern-260721
278016252,Gabelbachskopf,,704,50.6626595,10.8934845,,,thueringen-260721
2566870298,Kleiner Nallenberg,,704,50.4348154,9.8792935,Q15823806,,hessen-260721
5086538073,Kühleite,,704,49.0480486,12.6840361,,,bayern-260721
7096701048,Mittelberg,,704,50.5471487,10.8697903,,,thueringen-260721
13648475187,Rappendorfer Berg,,704,49.1265502,12.9382038,,,bayern-260721
4361802688,Roßkopf,,704,47.9799049,10.4849188,,,bayern-260721
3424604414,Schwarzberg,,704,49.8248089,11.9859318,Q30625812,,bayern-260721
986220240,Sonneberger Berg,,704,50.4184633,11.1457516,Q31316018,,thueringen-260721
1022565469,Vorderer Kegelberg,,704,50.3126762,12.3930554,,,sachsen-260721
8665185539,Weiche,,704,48.0083289,9.966111,,,baden-wuerttemberg
7694798706,,,704,49.7572606,12.331295,,,bayern-260721
7722270343,,,704,49.544753,12.3684811,,,bayern-260721
5325791926,Bettelmannskopf,,703,50.6961018,10.7901763,,,thueringen-260721
4256089584,Franzenshöhe,,703,50.6348423,12.9970565,Q1450059,,sachsen-260721
1189565522,Hohenberg,,703,47.8040387,11.2677125,,,bayern-260721
1163787289,Hoher Rain,,703,50.6690034,10.1782442,,,thueringen-260721
13827503485,Homole,,703,50.6140181,13.3660648,,,sachsen-260721
5082450206,Kobelberg,,703,49.0139059,12.519463,,,bayern-260721
534762224,Leisenberg,,703,47.7263468,7.8657598,,,baden-wuerttemberg
7722295197,Mühlberg,,703,49.4446216,12.557888,,,bayern-260721
13577988724,Pointbühl,,703,49.1032882,12.9868913,,,bayern-260721
7119910526,Poppenberg,,703,50.5601804,11.1736473,,,thueringen-260721
5440168351,Scheibe,,703,49.3331769,12.7034176,,,bayern-260721
7027055452,Sonnenhügel,,703,47.9116,11.1942543,,,bayern-260721
1602541842,Steinbichel,,703,48.8733143,13.333505,,,bayern-260721
5537938583,Vorderer Stangenberg,,703,50.6825782,13.5006899,Q31293565,,sachsen-260721
1805182227,,,703,47.7868548,11.2662697,,,bayern-260721
7717755566,,,703,49.7430359,12.3639321,,,bayern-260721
7721732992,,,703,49.8313946,11.991266,,,bayern-260721
7722276989,,,703,49.4906954,12.5600338,,,bayern-260721
9573743168,,,703,49.088103,12.5845416,,,bayern-260721
706232237,Brand,,702,50.6855008,10.6092919,,,thueringen-260721
1538346327,Glöckner,,702,50.8626671,10.3741113,Q1532692,de:Glöckner (Berg),thueringen-260721
261112250,Hahnenpfalz,,702,50.2007295,12.3189253,Q30650474,,sachsen-260721
282267221,Hangeberg,,702,50.6876839,10.8811233,Q30634284,,thueringen-260721
599794232,Hardstein,,702,48.6390821,8.167108,,,baden-wuerttemberg
12559213687,Heidigskuppe,,702,50.514485,9.9040251,,,hessen-260721
5693624047,Hermannshöhe,,702,50.5687169,13.0678731,Q31541338,,sachsen-260721
426872941,Hohenstein,,702,48.658931,9.8027969,Q30709949,,baden-wuerttemberg
447748482,Munzenberg,,702,47.6948719,7.7025037,Q31529896,,baden-wuerttemberg
1610772580,Nortel,,702,48.6238515,9.6519613,,,baden-wuerttemberg
1163787282,Roßberg,,702,50.6729079,10.1824134,Q31352767,,thueringen-260721
8297028866,Schulzeneichen,,702,48.7224853,8.6436954,,,baden-wuerttemberg
7110357016,Steiger,,702,50.7520101,10.76468,,,thueringen-260721
5326200735,Steiniger Hügel,,702,50.6875762,10.7939034,,,thueringen-260721
8672132038,,,702,49.8744487,12.0268106,,,bayern-260721
7096499594,Audeberg,,701,50.5549993,10.8078283,Q31553282,,thueringen-260721
7503454653,Großer Fuchsstein,,701,50.6004812,12.9034981,Q31544246,,sachsen-260721
282267222,Großer Spiegelsberg,,701,50.6893357,10.8704766,Q30658981,,thueringen-260721
7120222280,Henneberg,,701,50.4987096,11.5081142,Q30755798,,thueringen-260721
2824851921,Jagdkopf,,701,51.6544392,10.5421007,Q16738396,,niedersachsen-260721
5343422706,Kappeneck,,701,47.9692695,8.01724,Q30609417,,baden-wuerttemberg
3431334329,Mannsberg,,701,50.7060552,10.0359457,Q31563758,,thueringen-260721
470513322,Mönchstein,,701,50.7646104,10.5149604,Q31305195,,thueringen-260721
3206729727,Saidenberg,,701,50.7507045,13.3509,Q31339329,,sachsen-260721
13973100803,Scheibenberg,,701,48.8770151,13.3726144,,,bayern-260721
7120170169,Sommerberg,,701,50.5281558,11.2186106,,,thueringen-260721
1137991723,Umpfen,,701,50.6442654,10.1668986,Q2478574,,thueringen-260721
5651186130,Vyhlídka,Dürrer-Berg,701,50.6220629,13.3771624,,,sachsen-260721
411830854,Waldsberg,,701,50.7269642,10.7746124,Q31291336,,thueringen-260721
268095788,Weilsberg,,701,50.2315084,8.429957,Q2555694,en:Weilsberg,hessen-260721
1453598654,Wiesenberg,,701,48.6078953,9.6200923,,,baden-wuerttemberg
578322874,Wirtsberg,,701,48.7459073,9.9902756,Q30504898,,baden-wuerttemberg
841552085,Zwirenzel,,701,49.3402415,12.6833567,Q31804507,,bayern-260721
2276701195,Ötzenberg,,701,49.7599734,12.3618294,,,bayern-260721
1805182233,,,701,47.7876393,11.2536008,,,bayern-260721
4104433117,,,701,47.7683552,11.0762854,,,bayern-260721
7722276985,,,701,49.4897336,12.5475669,,,bayern-260721
7722276990,,,701,49.4969811,12.5515365,,,bayern-260721
4539793215,,,701,50.5281044,9.8945135,,,hessen-260721
4831071924,,,701,50.5278879,9.8853564,,,hessen-260721
2276701069,Buchberg,,700,49.7606312,12.3308582,Q30815906,,bayern-260721
5777738753,Eulenberg,,700,50.7248666,13.470585,,,sachsen-260721
476351536,Friedelhöhe,,700,50.3619828,11.6036316,Q1456524,,bayern-260721
2970218959,Geißhäsel,,700,48.6544312,8.1808223,,,baden-wuerttemberg
3431101985,Hohe Kammer,,700,50.4113763,9.8024111,Q30714448,,bayern-260721
8295893619,Jägerberg,,700,47.7675993,12.4374139,Q30656094,,bayern-260721
6394747799,Kapf,,700,48.2782221,8.2486111,,,baden-wuerttemberg
568252890,Kienbein,,700,48.5349358,9.3817837,Q31535353,,baden-wuerttemberg
3780877665,Korbsholz,,700,50.7850319,13.742969,,,sachsen-260721
986220289,Loosbrand,,700,50.3967108,11.1762883,Q31531578,,thueringen-260721
2824851922,Riesenbachskopf,,700,51.8536667,10.4034722,Q16738398,,niedersachsen-260721
5084657726,Schlossberg,,700,49.2378054,12.8775674,Q31522638,,bayern-260721
7120170171,Winterberg,,700,50.5207683,11.2431981,,,thueringen-260721
2933993513,Öderberg,,700,49.5127392,12.3643003,Q31296750,,bayern-260721
5326248907,,,700,48.6369351,9.7331194,,,baden-wuerttemberg
1948086355,,,700,47.7134717,11.1842831,,,bayern-260721
7717938405,,,700,49.3375954,12.7072549,,,bayern-260721
3287818127,,,700,50.6688808,13.3838541,,,sachsen-260721
3952643065,,,700,50.7098895,13.4241415,,,sachsen-260721
